wallet,username,x_username,leaderboard_memberships,primary_category,is_crypto_candidate,last_trade_at,days_since_last_trade,active_days_30d,visible_history_days,trade_count,unique_markets,trades_per_active_day,trades_per_market,activity_truncated,closed_positions,realized_pnl,realized_cost_basis,realized_roi,top1_positive_pnl_share,top5_positive_pnl_share,median_holding_days,holding_sample_size,hedged_markets,hedged_market_share,hft_flag,median_adverse_1m,median_adverse_5m,persistence_sample_size,current_positions,current_value,current_cash_pnl,copyability_score,failed_rule_count,decision,rejection_reasons,data_limitations,source_profile_url
0xc8ec6d4cef5c5fe8409ef69303c37f05b678e8f1,Hugewinner,,ECONOMICS:MONTH,ECONOMICS,False,2026-07-19T22:12:28+00:00,8.809746788865741,18,195.69806712962964,500,230,5.1020408163265305,2.1739130434782608,True,311,1796618.171106,2903195.88704958,0.6188415253411792,0.10768548385880329,0.40359413711624764,12.064895833333333,185,0,0.0,True,-0.0004999998999999991,-0.0004999998999999991,7,42,3794.9029,-592220.2073,78.67,2,REJECT,Days since last trade 8.81 > 3; HFT/activity truncation flag,Activity truncated at 500 rows; 5 price-history request(s) failed,https://polymarket.com/profile/0xc8ec6d4cef5c5fe8409ef69303c37f05b678e8f1
0xf5592765133941c40c77e52bc56bbe7ec167f462,0xf5592765133941c40C77e52Bc56bbe7EC167F462-1755612447740,,POLITICS:WEEK,POLITICS,False,2026-07-26T21:20:43+00:00,1.8456842888657408,23,55.343414351851855,500,206,10.638297872340425,2.4271844660194173,True,333,1273016.664792,2782956.843315829,0.4574331319041333,0.11955778255157028,0.18249002104599651,0.5971296296296297,132,2,0.009708737864077669,True,-0.0050000000000000044,-0.0017332750499999827,8,165,106405.6091,-982710.1113,72.48,3,REJECT,Visible history days 55.3 < 90; Trades per active day 10.6 > 10; Median holding days 0.597 < 1,Activity truncated at 500 rows; 4 price-history request(s) failed,https://polymarket.com/profile/0xf5592765133941c40c77e52bc56bbe7ec167f462
0x16bb9951a36fce71e2ef57890b786145e0ba8492,SDTrading,,OVERALL:WEEK,OVERALL,False,2026-07-28T16:30:47+00:00,0.047026881458333336,25,32.88327546296296,500,221,17.857142857142858,2.262443438914027,True,358,2541881.892506,3206851.4378178264,0.7926409881449576,0.025770466671354398,0.07825397129729565,0.42931134259259257,102,11,0.049773755656108594,True,0.0,0.0,5,368,69661.7913,-2971175.2135,71.09,3,REJECT,Visible history days 32.9 < 90; Trades per active day 17.9 > 10; Median holding days 0.429 < 1,Activity truncated at 500 rows; 5 price-history request(s) failed; 2 price-history request(s) returned no points,https://polymarket.com/profile/0x16bb9951a36fce71e2ef57890b786145e0ba8492
0xe32b46a28b649031939a78ee47fca260758a626e,Contradict,,FINANCE:WEEK,FINANCE,False,2026-07-25T02:26:51+00:00,3.633091696273148,24,52.98859953703704,204,98,4.636363636363637,2.0816326530612246,False,22,10941.070019,4569.027415985075,2.3946168457474934,0.1792757003285567,0.6595112774590863,3.4315277777777777,22,0,0.0,False,0.014000000000000012,0.014499999999999957,11,76,11327.5368,-13422.519,69.57,4,REJECT,Days since last trade 3.63 > 3; Closed positions 22 < 50; Visible history days 53 < 90; Top-5 positive PnL share 0.66 > 0.5,1 price-history request(s) failed,https://polymarket.com/profile/0xe32b46a28b649031939a78ee47fca260758a626e
0xb4f2592e67c333e73c923547cfe05e768180e5fa,M2sx92kljs42,,POLITICS:WEEK,POLITICS,False,2026-07-28T14:19:59+00:00,0.13786021479166666,21,61.5190625,500,98,11.11111111111111,5.1020408163265305,True,439,88696.1532,649607.841454919,0.13653799652625542,0.044809457835943395,0.18624076693365255,14.084872685185186,29,0,0.0,True,0.0050000000000000044,-0.0050000000000000044,9,66,91729.0764,-59731.6718,66.91,4,REJECT,Visible history days 61.5 < 90; ROI 0.137 < 0.15; Trades per active day 11.1 > 10; Trades per market 5.1 > 3,Activity truncated at 500 rows; 3 price-history request(s) failed,https://polymarket.com/profile/0xb4f2592e67c333e73c923547cfe05e768180e5fa
0x224b255eaa3279ceb77330317d3c38ee8e73f6b8,252,,POLITICS:MONTH,POLITICS,False,2026-07-26T10:22:43+00:00,2.3026287333101854,16,199.70796296296297,500,107,6.8493150684931505,4.672897196261682,True,500,9950.937544,119287.07311762967,0.08342008303101983,0.12954629526549,0.5022204619560373,11.525260416666667,28,1,0.03225806451612903,True,0.00275000000000003,0.0027500000000000024,8,25,1290.5687,-527.6849,66.9,4,REJECT,ROI 0.0834 < 0.15; Trades per market 4.67 > 3; Top-5 positive PnL share 0.502 > 0.5; HFT/activity truncation flag,Activity truncated at 500 rows; 4 price-history request(s) failed,https://polymarket.com/profile/0x224b255eaa3279ceb77330317d3c38ee8e73f6b8
0xbd0477e08d82d35a855ff19644a88a9213d8fbb0,yuhyuhyuhy352352,,POLITICS:MONTH,POLITICS,False,2026-07-28T15:36:35+00:00,0.08466577034722222,20,20.282685185185183,500,99,25.0,5.05050505050505,True,231,499708.350588,992201.862355026,0.5036357716583243,0.09096580911340274,0.3817412332552371,3.68740162037037,38,19,0.1958762886597938,True,0.0018611583999999792,0.0061135060500000366,7,276,142177.0062,-342515.7664,66.89,4,REJECT,Visible history days 20.3 < 90; Trades per active day 25 > 10; Trades per market 5.05 > 3; Hedged market share 0.196 > 0.05,Activity truncated at 500 rows; 5 price-history request(s) failed,https://polymarket.com/profile/0xbd0477e08d82d35a855ff19644a88a9213d8fbb0
0xb64fe08cf7ebbf52cf2963bba89deb13b79ddc88,kejsi,bucchichi,"TECH:MONTH, TECH:WEEK",TECH,False,2026-07-28T16:19:52+00:00,0.05460789997685185,20,132.70755787037038,500,138,6.410256410256411,3.6231884057971016,True,335,43499.089702,269570.0450908375,0.1613647009160162,0.18131520320814148,0.47833568700463835,0.12322916666666667,109,8,0.05925925925925926,True,-0.0005000000000000004,0.09295453330000003,7,21,30245.7727,7103.5131,66.13,4,REJECT,Trades per market 3.62 > 3; Median holding days 0.123 < 1; Hedged market share 0.0593 > 0.05; HFT/activity truncation flag,Activity truncated at 500 rows; 3 price-history request(s) failed; 2 price-history request(s) returned no points,https://polymarket.com/profile/0xb64fe08cf7ebbf52cf2963bba89deb13b79ddc88
0x56acab44cfca2e88bb9b3406890aea7bfa0cd77e,dv-pm,,OVERALL:MONTH,OVERALL,False,2026-07-28T16:31:37+00:00,0.04644817775462963,10,8.960775462962962,500,418,50.0,1.1961722488038278,True,500,570157.191254,1440082.9971338436,0.39591967434430353,0.1691984137004849,0.5290829662691726,0.6104513888888888,361,4,0.009569377990430622,True,0.0050000000000000044,0.0050000000000000044,5,57,62512.1127,1237.147,61.64,4,REJECT,Visible history days 8.96 < 90; Trades per active day 50 > 10; Top-5 positive PnL share 0.529 > 0.5; Median holding days 0.61 < 1,Activity truncated at 500 rows; 6 price-history request(s) failed; 1 price-history request(s) returned no points,https://polymarket.com/profile/0x56acab44cfca2e88bb9b3406890aea7bfa0cd77e
0x25e21e9c4e469d26aaa5701948ff8923d060db79,ThanosTheMadTitan,,TECH:WEEK,TECH,False,2026-07-22T06:24:07+00:00,6.46832317775463,2,167.42881944444446,290,132,3.717948717948718,2.196969696969697,False,131,23393.736843,572848.4277144955,0.04083756838843819,0.09169594648506896,0.305240974395556,0.39875,131,0,0.0,False,-0.0050000000000000044,-0.0050000000000000044,10,1,17849.8939,349.9271,59.67,4,REJECT,Days since last trade 6.47 > 3; Active days (30d) 2 < 8; ROI 0.0408 < 0.15; Median holding days 0.399 < 1,2 price-history request(s) failed,https://polymarket.com/profile/0x25e21e9c4e469d26aaa5701948ff8923d060db79
0x7bb244d0c70293e66dee84f3d0623fbbbf7d682c,WongKimArk,,ECONOMICS:MONTH,ECONOMICS,False,2026-07-23T23:53:52+00:00,4.739330122199074,11,85.30583333333334,500,33,13.88888888888889,15.151515151515152,True,367,278127.64326,1661298.1163209155,0.16741585422123817,0.11166459560037299,0.31012283324740886,7.317974537037037,12,0,0.0,True,0.0027500000000000024,0.0030000000000000027,6,89,139410.9258,-201620.9253,58.92,4,REJECT,Days since last trade 4.74 > 3; Visible history days 85.3 < 90; Trades per active day 13.9 > 10; Trades per market 15.2 > 3,Activity truncated at 500 rows; 6 price-history request(s) failed,https://polymarket.com/profile/0x7bb244d0c70293e66dee84f3d0623fbbbf7d682c
0x7bbf09fc724e3ca90332e17d4f352b3cbc0f7ce5,pestanimal,,"FINANCE:MONTH, TECH:MONTH, TECH:WEEK",FINANCE,False,2026-07-28T16:40:52+00:00,0.04002456664351852,2,0.8103819444444444,500,186,250.0,2.6881720430107525,True,500,3460.541208,8662.3813529747,0.39949074821228403,0.0602577698884293,0.2446721292971067,0.1851736111111111,3,0,0.0,True,0.0050000000000000044,0.0050000000000000044,3,500,682.3603,-6188.5993,58.9,4,REJECT,Active days (30d) 2 < 8; Visible history days 0.81 < 90; Trades per active day 250 > 10; Median holding days 0.185 < 1,Activity truncated at 500 rows; Price-persistence sample small (3); 8 price-history request(s) failed; 1 price-history request(s) returned no points,https://polymarket.com/profile/0x7bbf09fc724e3ca90332e17d4f352b3cbc0f7ce5
0xd426adbc3c4461c86099c26221c877f20e42334a,881112,,"POLITICS:MONTH, POLITICS:WEEK",POLITICS,False,2026-07-28T01:26:33+00:00,0.6749666962731482,9,8.046550925925926,500,64,55.55555555555556,7.8125,True,500,448230.988394,1217296.8206134306,0.36821831849369624,0.17258870214326658,0.3189982810533875,3.0664583333333333,9,6,0.10344827586206896,True,0.010000000000000009,0.0050000000000000044,7,500,129424.1154,-298588.0595,58.74,4,REJECT,Visible history days 8.05 < 90; Trades per active day 55.6 > 10; Trades per market 7.81 > 3; Hedged market share 0.103 > 0.05,Activity truncated at 500 rows; 5 price-history request(s) failed,https://polymarket.com/profile/0xd426adbc3c4461c86099c26221c877f20e42334a
0x7f9e2d1df78614564a70becc7fa14aa9a6623a0e,nojnn,,FINANCE:WEEK,FINANCE,False,2026-07-28T02:52:43+00:00,0.6151287333101852,21,25.165902777777777,500,93,23.80952380952381,5.376344086021505,True,299,546413.524724,2858221.113205352,0.19117258710304066,0.1762696115689497,0.5368854444920683,1.96921875,54,0,0.0,True,-0.0050000000000000044,-0.0050000000000000044,7,60,610060.2401,-118551.6759,58.33,4,REJECT,Visible history days 25.2 < 90; Trades per active day 23.8 > 10; Trades per market 5.38 > 3; Top-5 positive PnL share 0.537 > 0.5,Activity truncated at 500 rows; 5 price-history request(s) failed,https://polymarket.com/profile/0x7f9e2d1df78614564a70becc7fa14aa9a6623a0e
0x23d81ba9371e576015c1e562db09c689f56b0288,flawfence,,POLITICS:WEEK,POLITICS,False,2026-07-28T13:35:49+00:00,0.16853151108796297,8,7.004513888888889,500,35,62.5,14.285714285714286,True,244,2634896.871287,4510406.204245293,0.5841817237673577,0.04823036271295832,0.15530191044867464,0.0004050925925925926,3,0,0.0,True,0.003249999999999975,0.003249999999999975,6,239,523924.415,-2224793.6102,58.31,4,REJECT,Visible history days 7 < 90; Trades per active day 62.5 > 10; Trades per market 14.3 > 3; Median holding days 0.000405 < 1,Activity truncated at 500 rows; 6 price-history request(s) failed,https://polymarket.com/profile/0x23d81ba9371e576015c1e562db09c689f56b0288
0xc01ff7687f1380629b83fcd7b6767875c399cd8e,0xc01Ff7687F1380629B83fCd7b6767875C399cD8e-1771186644539,,POLITICS:MONTH,POLITICS,False,2026-07-28T15:30:04+00:00,0.08919123331018519,27,64.1038425925926,500,188,9.615384615384615,2.6595744680851063,True,199,18307.081950000003,292393.07383320096,0.06261120248164118,0.09222812273503941,0.3808376796821232,1.91546875,56,14,0.08333333333333333,True,0.002566442799999999,0.005926580000000001,9,294,24022.6663,-12757.4844,57.99,4,REJECT,Visible history days 64.1 < 90; ROI 0.0626 < 0.15; Hedged market share 0.0833 > 0.05; HFT/activity truncation flag,Activity truncated at 500 rows; 3 price-history request(s) failed,https://polymarket.com/profile/0xc01ff7687f1380629b83fcd7b6767875c399cd8e
0xdf705353876ceb2549f0c03ffcb4cba33d785e92,AngryRhino,,ECONOMICS:WEEK,ECONOMICS,False,2026-07-28T15:46:17+00:00,0.07792965923611112,13,83.49466435185185,500,59,12.820512820512821,8.474576271186441,True,180,153601.98317,2664671.8002496557,0.05764386561812561,0.13458663117660175,0.35857038688339743,10.181498842592593,28,1,0.02,True,-0.0004999999999999449,-0.0004999999999999449,7,125,169269.6357,-154568.2653,57.9,4,REJECT,Visible history days 83.5 < 90; ROI 0.0576 < 0.15; Trades per active day 12.8 > 10; Trades per market 8.47 > 3,Activity truncated at 500 rows; 5 price-history request(s) failed,https://polymarket.com/profile/0xdf705353876ceb2549f0c03ffcb4cba33d785e92
0x564f22744b7941ade18d5e0e4f347c30e3057026,molodoyy,romanov23731,TECH:MONTH,TECH,False,2026-07-28T14:18:41+00:00,0.13876299256944444,6,5.426793981481482,500,180,83.33333333333333,2.7777777777777777,True,500,7931.862643,51651.71142920028,0.15356437228362346,0.08618069081462099,0.2947904352453947,2.094340277777778,29,2,0.013888888888888888,True,,,0,295,34762.9065,2124.6738,47.19,4,REJECT,Active days (30d) 6 < 8; Visible history days 5.43 < 90; Trades per active day 83.3 > 10; Median adverse move 1m unavailable,Activity truncated at 500 rows,https://polymarket.com/profile/0x564f22744b7941ade18d5e0e4f347c30e3057026
0xb7aba0e44edb6773c3b3a8308aae8a24781fa2d1,marketmesh,,OVERALL:WEEK,OVERALL,False,2026-07-28T15:20:20+00:00,0.09595049256944443,10,81.26113425925926,127,44,5.291666666666667,2.8863636363636362,False,28,81738.515649,97894.1770512824,0.8349681064909593,0.2419415401415103,0.5800490303322514,0.6663831018518518,28,0,0.0,False,-0.00499999995,-0.004333333299999964,8,16,70.8712,-17504.0361,69.26,5,REJECT,Closed positions 28 < 50; Visible history days 81.3 < 90; Top-1 positive PnL share 0.242 > 0.2; Top-5 positive PnL share 0.58 > 0.5; Median holding days 0.666 < 1,4 price-history request(s) failed,https://polymarket.com/profile/0xb7aba0e44edb6773c3b3a8308aae8a24781fa2d1
0x27c5c1eee404a07f39fe70078aff815e5a656d61,0x27c5C1EEE404a07F39FE70078AFf815E5a656D61-1763107503028,,OVERALL:WEEK,OVERALL,False,2026-07-28T11:08:52+00:00,0.27058012219907407,4,206.43859953703705,500,145,22.727272727272727,3.4482758620689653,True,107,367246.498966,208831.77681420965,1.7585757520644303,0.22351080518653324,0.4788794280627577,0.08467592592592593,58,3,0.020689655172413793,True,-0.024515689199999968,-0.007775266800000014,7,151,15212.749,-218442.6477,65.47,5,REJECT,Active days (30d) 4 < 8; Trades per active day 22.7 > 10; Trades per market 3.45 > 3; Top-1 positive PnL share 0.224 > 0.2; Median holding days 0.0847 < 1,Activity truncated at 500 rows; 4 price-history request(s) failed; 1 price-history request(s) returned no points,https://polymarket.com/profile/0x27c5c1eee404a07f39fe70078aff815e5a656d61
0xd3ecb2aee0d65622da559ff356b00e8c2e626603,sabsabinxz,,ECONOMICS:MONTH,ECONOMICS,False,2026-07-26T08:49:57+00:00,2.3670500296064816,11,123.5669212962963,500,64,6.329113924050633,7.8125,True,64,76577.970112,233345.64700646102,0.3281739817922537,0.2480506814244095,0.7264655071981466,7.7403356481481485,46,4,0.06666666666666667,True,0.0050000000000000044,0.0050000000000000044,7,17,52742.413,-9359.3355,63.17,5,REJECT,Trades per market 7.81 > 3; Top-1 positive PnL share 0.248 > 0.2; Top-5 positive PnL share 0.726 > 0.5; Hedged market share 0.0667 > 0.05; HFT/activity truncation flag,Activity truncated at 500 rows; 5 price-history request(s) failed,https://polymarket.com/profile/0xd3ecb2aee0d65622da559ff356b00e8c2e626603
0x5f659bccbc353dbf7bcdffdee73bee60bb482036,0x5F659BcCBC353dBf7BcdffDEE73beE60bB482036-1780496231400,,OVERALL:WEEK,OVERALL,False,2026-07-28T16:11:08+00:00,0.060672714791666665,13,11.887164351851851,500,133,38.46153846153846,3.7593984962406015,True,352,6281411.899291,7322391.010392634,0.8578361754208185,0.026613600580510748,0.10047183681265444,0.04013888888888889,75,28,0.21052631578947367,True,-0.009717087400000005,-0.014717087400000009,6,357,5083.8967,-6938765.9596,63.11,5,REJECT,Visible history days 11.9 < 90; Trades per active day 38.5 > 10; Trades per market 3.76 > 3; Median holding days 0.0401 < 1; Hedged market share 0.211 > 0.05,Activity truncated at 500 rows; 5 price-history request(s) failed; 1 price-history request(s) returned no points,https://polymarket.com/profile/0x5f659bccbc353dbf7bcdffdee73bee60bb482036
0x1cc16713196d456f86fa9c7387dd326a7f73b8df,Wickier,,"ECONOMICS:WEEK, OVERALL:WEEK, POLITICS:MONTH, POLITICS:WEEK",ECONOMICS,False,2026-07-28T16:22:02+00:00,0.053103270347222224,19,43.71900462962963,500,32,20.0,15.625,True,500,1442836.386717,4968715.569870962,0.2903841780491514,0.2841042105182645,0.6057364414040988,1.15,15,0,0.0,True,0.0023749901000000018,0.004500000000000004,8,39,361626.8314,-279579.2962,61.42,5,REJECT,Visible history days 43.7 < 90; Trades per active day 20 > 10; Trades per market 15.6 > 3; Top-1 positive PnL share 0.284 > 0.2; Top-5 positive PnL share 0.606 > 0.5,Activity truncated at 500 rows; 4 price-history request(s) failed,https://polymarket.com/profile/0x1cc16713196d456f86fa9c7387dd326a7f73b8df
0xfe724b7046696c9c431ae331c3d29816b4799025,SirSiboppan,,TECH:WEEK,TECH,False,2026-07-28T14:46:52+00:00,0.11919123331018518,13,59.275173611111114,267,62,7.416666666666667,4.306451612903226,False,65,3651.753571,20647.34483042924,0.17686310762913157,0.32524154592610416,0.797914712734407,0.7434664351851852,58,3,0.04838709677419355,False,-0.002250000000000002,0.0005000000000000004,10,4,1747.5706,1057.3589,60.71,5,REJECT,Visible history days 59.3 < 90; Trades per market 4.31 > 3; Top-1 positive PnL share 0.325 > 0.2; Top-5 positive PnL share 0.798 > 0.5; Median holding days 0.743 < 1,2 price-history request(s) failed,https://polymarket.com/profile/0xfe724b7046696c9c431ae331c3d29816b4799025
0xbe7c0363ec2f0d12630fd48ac4c87ce84f418356,tescat,TescatPoly,TECH:MONTH,TECH,False,2026-07-24T19:03:16+00:00,3.9411356777546294,15,72.83217592592592,500,158,12.195121951219512,3.1645569620253164,True,500,1735.808677,17805.792170779212,0.09748561930586871,0.09024897589422051,0.2882295026169492,3.459253472222222,64,3,0.0375,True,-0.02250000000000002,-0.015000000000000013,6,78,2006.6562,270.8387,59.24,5,REJECT,Days since last trade 3.94 > 3; Visible history days 72.8 < 90; ROI 0.0975 < 0.15; Trades per active day 12.2 > 10; Trades per market 3.16 > 3,Activity truncated at 500 rows; 6 price-history request(s) failed,https://polymarket.com/profile/0xbe7c0363ec2f0d12630fd48ac4c87ce84f418356
0x73ecf6a30d3c6538cd931ec13c9ed6eba944f5bb,ChampagneSocialist,,TECH:WEEK,TECH,False,2026-07-27T18:14:52+00:00,0.9747467888657407,15,107.96896990740741,500,49,10.638297872340425,10.204081632653061,True,86,13006.163907,66245.04924521076,0.196334126930101,0.2823587366551832,0.6155731414762313,2.8154166666666667,35,3,0.061224489795918366,True,0.014903254399999954,0.05852167819999993,8,22,4484.3023,1363.3269,58.08,5,REJECT,Trades per active day 10.6 > 10; Trades per market 10.2 > 3; Top-1 positive PnL share 0.282 > 0.2; Top-5 positive PnL share 0.616 > 0.5; Hedged market share 0.0612 > 0.05,Activity truncated at 500 rows; 4 price-history request(s) failed,https://polymarket.com/profile/0x73ecf6a30d3c6538cd931ec13c9ed6eba944f5bb
0x736539924a5602b37a03a54fc12c1cc8f98964da,cqk,,"TECH:MONTH, TECH:WEEK",TECH,False,2026-07-28T16:34:32+00:00,0.044422714791666665,15,13.836747685185186,500,92,33.333333333333336,5.434782608695652,True,500,47730.858576,346369.291696331,0.1378033784179881,0.048857276579536944,0.19379970406103142,1.8314583333333334,25,2,0.023809523809523808,True,,,0,187,43630.5216,-7126.0972,52.59,5,REJECT,Visible history days 13.8 < 90; ROI 0.138 < 0.15; Trades per active day 33.3 > 10; Trades per market 5.43 > 3; Median adverse move 1m unavailable,Activity truncated at 500 rows,https://polymarket.com/profile/0x736539924a5602b37a03a54fc12c1cc8f98964da
0x3fd9a838ded6eb832baab3ccbcb5e934e3871ef0,therighteousdog,,OVERALL:MONTH,OVERALL,False,2026-07-26T21:13:34+00:00,1.8506495666435185,2,63.59238425925926,500,7,125.0,71.42857142857143,True,142,5375388.1604700005,6239259.7025077315,0.8615426215243907,0.07431842256774811,0.21970725483247686,2.834884259259259,5,0,0.0,True,,,0,138,0,-6160795.8988,52.41,5,REJECT,Active days (30d) 2 < 8; Visible history days 63.6 < 90; Trades per active day 125 > 10; Trades per market 71.4 > 3; Median adverse move 1m unavailable,Activity truncated at 500 rows,https://polymarket.com/profile/0x3fd9a838ded6eb832baab3ccbcb5e934e3871ef0
0x2c4ca29d332c67d3ad7bf22b3cfe9486e3b1cb39,ololololololololo,,POLITICS:MONTH,POLITICS,False,2026-07-25T19:44:55+00:00,2.9122120666435185,5,125.62798611111111,500,21,23.80952380952381,23.80952380952381,True,112,196870.296648,858297.1506473727,0.22937312153431955,0.1995097037956477,0.5350313447922856,66.05137152777777,2,1,0.05,True,,,0,85,507310.9497,-270951.0421,50.73,5,REJECT,Active days (30d) 5 < 8; Trades per active day 23.8 > 10; Trades per market 23.8 > 3; Top-5 positive PnL share 0.535 > 0.5; Median adverse move 1m unavailable,Activity truncated at 500 rows,https://polymarket.com/profile/0x2c4ca29d332c67d3ad7bf22b3cfe9486e3b1cb39
0xc851cd9bee7d262afd78674f861f9f576a12cd2a,betwick,Betwick1,POLITICS:WEEK,POLITICS,False,2026-07-28T06:31:39+00:00,0.46309169627314817,22,36.40172453703704,500,22,17.857142857142858,22.727272727272727,True,500,1005309.281835,9266999.365080671,0.10848271832446042,0.09486082000160503,0.35700802371712237,2.4303298611111113,8,0,0.0,True,,,0,23,168872.2752,-333825.845,50.44,5,REJECT,Visible history days 36.4 < 90; ROI 0.108 < 0.15; Trades per active day 17.9 > 10; Trades per market 22.7 > 3; Median adverse move 1m unavailable,Activity truncated at 500 rows,https://polymarket.com/profile/0xc851cd9bee7d262afd78674f861f9f576a12cd2a
0xf66f1f8f742b301e03eed9480956373a6ef98e0c,ronm238,,FINANCE:WEEK,FINANCE,False,2026-07-27T05:56:00+00:00,1.4878486407175926,29,102.69965277777777,500,118,7.042253521126761,4.237288135593221,True,368,10213.944487,1664565.0547225338,0.006136104118022928,0.19202827540641082,0.5052067920509874,2.470972222222222,87,2,0.017391304347826087,True,,,0,31,142904.7422,-2688.6959,48.8,5,REJECT,ROI 0.00614 < 0.15; Trades per market 4.24 > 3; Top-5 positive PnL share 0.505 > 0.5; Median adverse move 1m unavailable; HFT/activity truncation flag,Activity truncated at 500 rows,https://polymarket.com/profile/0xf66f1f8f742b301e03eed9480956373a6ef98e0c
0x5c14eb6a6d5083c003daa8241ed559d2dc82cc49,forinnerpsandr1x11222,,"ECONOMICS:MONTH, FINANCE:MONTH",ECONOMICS,False,2026-07-26T19:11:13+00:00,1.9356148444212964,19,79.76622685185185,500,42,10.869565217391305,11.904761904761905,True,248,73306.167394,3157810.074534461,0.02321424204234548,0.1319465158295806,0.4472910673796093,14.811371527777778,14,1,0.02631578947368421,True,,,0,47,510372.91099999996,33038.094399999994,48.73,5,REJECT,Visible history days 79.8 < 90; ROI 0.0232 < 0.15; Trades per active day 10.9 > 10; Trades per market 11.9 > 3; Median adverse move 1m unavailable,Activity truncated at 500 rows,https://polymarket.com/profile/0x5c14eb6a6d5083c003daa8241ed559d2dc82cc49
0x993f451b6d5c21996b1bf688493cea9c4c823ee3,hitjnn214,,TECH:MONTH,TECH,False,2026-07-28T14:56:59+00:00,0.11216577034722221,22,24.928125,500,64,22.727272727272727,7.8125,True,500,108559.377873,2012400.0950766637,0.053945225971013665,0.14337602580267952,0.27826066641393166,2.698732638888889,32,0,0.0,True,,,0,63,58921.3087,-72659.8494,47.28,5,REJECT,Visible history days 24.9 < 90; ROI 0.0539 < 0.15; Trades per active day 22.7 > 10; Trades per market 7.81 > 3; Median adverse move 1m unavailable,Activity truncated at 500 rows,https://polymarket.com/profile/0x993f451b6d5c21996b1bf688493cea9c4c823ee3
0xcd71fd5370880f3d92bb941e628c05840fe0d127,Kevindoto,,POLITICS:WEEK,POLITICS,False,2026-07-28T12:58:16+00:00,0.19460789997685185,18,38.52884259259259,500,34,20.0,14.705882352941176,True,500,533233.589432,7918039.643764327,0.06734414241685895,0.10677177714288158,0.36819988724812247,2.4341898148148147,23,1,0.029411764705882353,True,,,0,27,477121.9114,29111.546000000002,47.01,5,REJECT,Visible history days 38.5 < 90; ROI 0.0673 < 0.15; Trades per active day 20 > 10; Trades per market 14.7 > 3; Median adverse move 1m unavailable,Activity truncated at 500 rows,https://polymarket.com/profile/0xcd71fd5370880f3d92bb941e628c05840fe0d127
0xe3479950ef6e8984df109ec5c9be40630f9fb438,Anon321321,,"FINANCE:WEEK, TECH:MONTH",FINANCE,False,2026-07-28T16:37:05+00:00,0.04265188145833333,3,2.4510185185185187,500,245,166.66666666666666,2.0408163265306123,True,500,5535.007597,29481.906725265366,0.18774252454494797,0.10770249814659243,0.2913700920762337,0.003298611111111111,122,0,0.0,True,,,0,500,4.9254,-6535.1798,46.78,5,REJECT,Active days (30d) 3 < 8; Visible history days 2.45 < 90; Trades per active day 167 > 10; Median holding days 0.0033 < 1; Median adverse move 1m unavailable,Activity truncated at 500 rows,https://polymarket.com/profile/0xe3479950ef6e8984df109ec5c9be40630f9fb438
0xb1a279adb096d316b1b168993e8ed976d3cd372a,TwoEyes,two_gifts_,ECONOMICS:WEEK,ECONOMICS,False,2026-07-27T15:55:07+00:00,1.071795399976852,9,50.20105324074074,500,14,33.333333333333336,35.714285714285715,True,500,747398.434467,6691306.713213201,0.11169693252756237,0.13154237475962552,0.3481235630529329,19.10775462962963,4,0,0.0,True,,,0,119,72722.8458,-591026.0242,46.24,5,REJECT,Visible history days 50.2 < 90; ROI 0.112 < 0.15; Trades per active day 33.3 > 10; Trades per market 35.7 > 3; Median adverse move 1m unavailable,Activity truncated at 500 rows,https://polymarket.com/profile/0xb1a279adb096d316b1b168993e8ed976d3cd372a
0x63850ce907044eac77fba13d59f263ade68093f2,Waterfall,911Waterfall,TECH:MONTH,TECH,False,2026-07-28T15:28:52+00:00,0.09002456664351852,26,29.861527777777777,500,49,19.23076923076923,10.204081632653061,True,500,18908.951131,368107.3245257843,0.05136803826264401,0.10133299051539214,0.2832771680838053,1.6783796296296296,35,1,0.021739130434782608,True,,,0,13,7099.2467,1033.2881,46.07,5,REJECT,Visible history days 29.9 < 90; ROI 0.0514 < 0.15; Trades per active day 19.2 > 10; Trades per market 10.2 > 3; Median adverse move 1m unavailable,Activity truncated at 500 rows,https://polymarket.com/profile/0x63850ce907044eac77fba13d59f263ade68093f2
0x62cf46cd4c3af254dccfc37a7f93de265b4b5826,eCash,,POLITICS:MONTH,POLITICS,False,2026-07-28T16:32:13+00:00,0.04603151108796296,17,21.795902777777776,500,25,29.41176470588235,20.0,True,500,170647.8888,3780969.6391876265,0.04513336659234988,0.10982345495030378,0.2819408297147198,1.978599537037037,11,0,0.0,True,,,0,42,281308.9924,2166.6137000000003,44.33,5,REJECT,Visible history days 21.8 < 90; ROI 0.0451 < 0.15; Trades per active day 29.4 > 10; Trades per market 20 > 3; Median adverse move 1m unavailable,Activity truncated at 500 rows,https://polymarket.com/profile/0x62cf46cd4c3af254dccfc37a7f93de265b4b5826
0xe278e3c172e37d91190476012625829008f0b608,Dar1us,,POLITICS:WEEK,POLITICS,False,2026-07-26T08:14:57+00:00,2.391355585162037,25,28.59803240740741,500,54,18.51851851851852,9.25925925925926,True,500,16551.735192,530893.0628491853,0.031177154779854364,0.031906673893667664,0.1275537421827784,3.122824074074074,31,1,0.022222222222222223,True,,,0,27,57147.4841,-3139.737,44.01,5,REJECT,Visible history days 28.6 < 90; ROI 0.0312 < 0.15; Trades per active day 18.5 > 10; Trades per market 9.26 > 3; Median adverse move 1m unavailable,Activity truncated at 500 rows,https://polymarket.com/profile/0xe278e3c172e37d91190476012625829008f0b608
0x1521b47bf0c41f6b7fd3ad41cdec566812c8f23e,alliswell,,ECONOMICS:WEEK,ECONOMICS,False,2026-07-28T16:21:59+00:00,0.053137992569444445,16,18.85462962962963,500,6,31.25,83.33333333333333,True,457,433171.27093,58861413.009730525,0.007359172143189824,0.08683711053225766,0.35734851142924257,1.7710706018518518,2,0,0.0,True,,,0,3,146811.69770000002,73884.6626,41.04,5,REJECT,Visible history days 18.9 < 90; ROI 0.00736 < 0.15; Trades per active day 31.2 > 10; Trades per market 83.3 > 3; Median adverse move 1m unavailable,Activity truncated at 500 rows,https://polymarket.com/profile/0x1521b47bf0c41f6b7fd3ad41cdec566812c8f23e
0x68c24bf4a8ad4d79a6fe4b8eec6f93a02dfd1711,mombil,mombil,POLITICS:MONTH,POLITICS,False,2026-07-28T16:15:07+00:00,0.057906511087962964,16,14.853877314814815,500,58,31.25,8.620689655172415,True,500,-11650.876786,2053966.0641910874,-0.005672380371380898,0.14674145728882906,0.3778959510767632,1.2307523148148147,7,0,0.0,True,,,0,160,418490.6301,11037.9809,39.99,5,REJECT,Visible history days 14.9 < 90; ROI -0.00567 < 0.15; Trades per active day 31.2 > 10; Trades per market 8.62 > 3; Median adverse move 1m unavailable,Activity truncated at 500 rows,https://polymarket.com/profile/0x68c24bf4a8ad4d79a6fe4b8eec6f93a02dfd1711
0xd0a042d1da4cab5293f6a758a0082234b05d2760,drde,,ECONOMICS:WEEK,ECONOMICS,False,2026-07-28T16:37:02+00:00,0.04268660368055555,11,10.685509259259259,500,171,45.45454545454545,2.9239766081871346,True,500,-13373.195655,176412.6697739118,-0.0758063220296984,0.06680053784982888,0.25883250835915034,0.04788194444444444,63,4,0.023391812865497075,True,,,0,248,18648.908499999998,-19458.5984,39.9,5,REJECT,Visible history days 10.7 < 90; ROI -0.0758 < 0.15; Trades per active day 45.5 > 10; Median holding days 0.0479 < 1; Median adverse move 1m unavailable,Activity truncated at 500 rows,https://polymarket.com/profile/0xd0a042d1da4cab5293f6a758a0082234b05d2760
0x52f518bd4e1fc7fdf25a366343d06127d27119da,png1024,,POLITICS:WEEK,POLITICS,False,2026-07-26T19:28:46+00:00,1.9234273444212964,2,99.32645833333333,500,9,62.5,55.55555555555556,True,361,76932.571787,1548701.1244418595,0.04967554460498369,0.05242178484703619,0.22661766258422972,1.1812962962962963,3,0,0.0,True,,,0,3,45189.0498,3277.5938,36.85,5,REJECT,Active days (30d) 2 < 8; ROI 0.0497 < 0.15; Trades per active day 62.5 > 10; Trades per market 55.6 > 3; Median adverse move 1m unavailable,Activity truncated at 500 rows,https://polymarket.com/profile/0x52f518bd4e1fc7fdf25a366343d06127d27119da
0x3cd63e65f3df4aaf8ebe9de56fe5f8f633b218e4,HerbertAppreciator,,POLITICS:MONTH,POLITICS,False,2026-07-21T05:33:33+00:00,7.5034389184953705,18,333.06967592592594,370,104,5.138888888888889,3.5576923076923075,False,30,87441.900696,84058.2688313099,1.0402534088761743,0.24049145863835034,0.5948529514379248,0.14632523148148147,30,0,0.0,False,-0.0039156843,-0.0039156843,8,74,147248.30229999998,15219.390900000002,72.33,6,REJECT,Days since last trade 7.5 > 3; Closed positions 30 < 50; Trades per market 3.56 > 3; Top-1 positive PnL share 0.24 > 0.2; Top-5 positive PnL share 0.595 > 0.5; Median holding days 0.146 < 1,4 price-history request(s) failed,https://polymarket.com/profile/0x3cd63e65f3df4aaf8ebe9de56fe5f8f633b218e4
0xaec718f7dd38e0c29c14a8472183a48fed6203ef,adfjo,,FINANCE:WEEK,FINANCE,False,2026-07-25T00:31:21+00:00,3.713300029606481,13,79.05482638888888,158,53,9.875,2.981132075471698,False,31,7346.852746,22697.067226901378,0.32369172072117963,0.3057408110663167,0.6447785768077382,0.3332986111111111,30,2,0.03773584905660377,False,-0.0049999990999999855,-0.0049999990999999855,6,22,6089.5624,-5425.7906,65.11,6,REJECT,Days since last trade 3.71 > 3; Closed positions 31 < 50; Visible history days 79.1 < 90; Top-1 positive PnL share 0.306 > 0.2; Top-5 positive PnL share 0.645 > 0.5; Median holding days 0.333 < 1,6 price-history request(s) failed,https://polymarket.com/profile/0xaec718f7dd38e0c29c14a8472183a48fed6203ef
0x8a524bca5c742485c1ee2056735d1825e45bd74c,Ayanokoji67,,TECH:WEEK,TECH,False,2026-07-28T11:27:23+00:00,0.25772132590277774,23,62.05847222222222,308,65,7.512195121951219,4.7384615384615385,False,70,3519.130501,15533.140525666606,0.22655627786184446,0.7101262193986491,0.8476976214945567,0.6047222222222223,65,6,0.09230769230769231,False,-0.010426985299999969,-0.0017524737999999999,11,1,2924.9065,1001.5868,60.66,6,REJECT,Visible history days 62.1 < 90; Trades per market 4.74 > 3; Top-1 positive PnL share 0.71 > 0.2; Top-5 positive PnL share 0.848 > 0.5; Median holding days 0.605 < 1; Hedged market share 0.0923 > 0.05,1 price-history request(s) failed,https://polymarket.com/profile/0x8a524bca5c742485c1ee2056735d1825e45bd74c
0x65018f9fc473f6e920b8929a375d39c26a461220,cnyek,,OVERALL:MONTH,OVERALL,False,2026-07-24T09:33:42+00:00,4.336668085162037,19,62.08587962962963,500,67,13.157894736842104,7.462686567164179,True,45,2894128.664237,4783787.502940269,0.604986877543824,0.08293277752114891,0.3644364548711014,0.14685185185185184,42,0,0.0,True,-0.0012500000000000289,-0.0050000000000000044,7,27,0,-831626.9637,60.47,6,REJECT,Days since last trade 4.34 > 3; Closed positions 45 < 50; Visible history days 62.1 < 90; Trades per active day 13.2 > 10; Trades per market 7.46 > 3; Median holding days 0.147 < 1,Activity truncated at 500 rows; 5 price-history request(s) failed,https://polymarket.com/profile/0x65018f9fc473f6e920b8929a375d39c26a461220
0x5999ebfa145490e0280dd246856a5b3605f7ae94,kl1v,,"TECH:MONTH, TECH:WEEK",TECH,False,2026-07-28T13:32:23+00:00,0.17091577034722222,24,88.83549768518519,500,113,7.936507936507937,4.424778761061947,True,421,37590.73035,406740.2263473839,0.09241950491981815,0.08054380932141349,0.2524583194817252,0.9095775462962963,98,14,0.12389380530973451,True,0.0013243494499999662,0.014391538799999992,8,18,11679.040599999998,2056.8038,60.47,6,REJECT,Visible history days 88.8 < 90; ROI 0.0924 < 0.15; Trades per market 4.42 > 3; Median holding days 0.91 < 1; Hedged market share 0.124 > 0.05; HFT/activity truncation flag,Activity truncated at 500 rows; 4 price-history request(s) failed,https://polymarket.com/profile/0x5999ebfa145490e0280dd246856a5b3605f7ae94
0x65c18d740c8246af3353741c0b32e4b6da552988,neurodivergentBet,,OVERALL:WEEK,OVERALL,False,2026-07-28T14:59:26+00:00,0.11046438145833333,7,6.461863425925926,500,27,71.42857142857143,18.51851851851852,True,144,515404.713955,972068.571364417,0.530214358470171,0.051339368549256914,0.22998366308236629,0.20444444444444446,15,0,0.0,True,,,0,77,282.6705,-699014.7548,52.76,6,REJECT,Active days (30d) 7 < 8; Visible history days 6.46 < 90; Trades per active day 71.4 > 10; Trades per market 18.5 > 3; Median holding days 0.204 < 1; Median adverse move 1m unavailable,Activity truncated at 500 rows,https://polymarket.com/profile/0x65c18d740c8246af3353741c0b32e4b6da552988
0xf2aa8381a08ec33467fbcdd0843aa31cb8d521fb,rabbit007,,POLITICS:WEEK,POLITICS,False,2026-07-28T16:20:41+00:00,0.054040770347222225,28,33.27576388888889,500,59,16.129032258064516,8.474576271186441,True,500,33373.117323,305066.37741661543,0.10939624879546733,0.08204120180481622,0.2624349607665038,4.0996296296296295,47,8,0.14285714285714285,True,,,0,16,6875.1449,1507.3458,51.33,6,REJECT,Visible history days 33.3 < 90; ROI 0.109 < 0.15; Trades per active day 16.1 > 10; Trades per market 8.47 > 3; Hedged market share 0.143 > 0.05; Median adverse move 1m unavailable,Activity truncated at 500 rows,https://polymarket.com/profile/0xf2aa8381a08ec33467fbcdd0843aa31cb8d521fb
0xe015b5a2a299167be835a2fd1e86f09c49e06ffd,TAIWANNUMBERONE,,OVERALL:WEEK,OVERALL,False,2026-07-28T16:21:37+00:00,0.05339262219907408,2,1.4377546296296295,500,30,250.0,16.666666666666668,True,500,3070735.565919,5521570.57992879,0.5561344406392795,0.034216915212184965,0.10415543323755425,0.24748263888888888,10,0,0.0,True,,,0,481,65772.2801,-3621974.3082,50.12,6,REJECT,Active days (30d) 2 < 8; Visible history days 1.44 < 90; Trades per active day 250 > 10; Trades per market 16.7 > 3; Median holding days 0.247 < 1; Median adverse move 1m unavailable,Activity truncated at 500 rows,https://polymarket.com/profile/0xe015b5a2a299167be835a2fd1e86f09c49e06ffd
0x2b9dbf4b6e0e11309a9d6d2a09b72f65f652adc0,seal7,,POLITICS:WEEK,POLITICS,False,2026-07-28T10:44:22+00:00,0.28759401108796295,22,34.12607638888889,500,53,19.23076923076923,9.433962264150944,True,500,48074.901681,437624.02661268093,0.10985434701360372,0.07691211693626038,0.23093204997728883,3.27958912037037,18,6,0.11764705882352941,True,,,0,50,54517.7319,-9731.2988,49.93,6,REJECT,Visible history days 34.1 < 90; ROI 0.11 < 0.15; Trades per active day 19.2 > 10; Trades per market 9.43 > 3; Hedged market share 0.118 > 0.05; Median adverse move 1m unavailable,Activity truncated at 500 rows,https://polymarket.com/profile/0x2b9dbf4b6e0e11309a9d6d2a09b72f65f652adc0
0xc0402e527a464e782bca96f802c77e5db8d8beac,23449,,ECONOMICS:MONTH,ECONOMICS,False,2026-07-18T13:39:58+00:00,10.165649566643518,13,30.984548611111112,500,71,20.0,7.042253521126761,True,329,212971.126346,660921.7022875247,0.3222335196572951,0.13758564138637985,0.456530329790718,1.8134722222222222,17,3,0.05660377358490566,True,,,0,99,14942.8475,-31503.7596,49.66,6,REJECT,Days since last trade 10.2 > 3; Visible history days 31 < 90; Trades per active day 20 > 10; Trades per market 7.04 > 3; Hedged market share 0.0566 > 0.05; Median adverse move 1m unavailable,Activity truncated at 500 rows,https://polymarket.com/profile/0xc0402e527a464e782bca96f802c77e5db8d8beac
0x86e99faea12fccd8925de5d9f052471baf7a4cdf,junifund1,,FINANCE:WEEK,FINANCE,False,2026-07-27T23:37:10+00:00,0.7509273444212964,4,3.9202546296296297,500,51,125.0,9.803921568627452,True,500,1160216.583701,2990610.937180567,0.3879530330330456,0.05572686103388483,0.11957929163760146,0.18266782407407406,14,0,0.0,True,,,0,500,50644.637,-2153796.3182,49.49,6,REJECT,Active days (30d) 4 < 8; Visible history days 3.92 < 90; Trades per active day 125 > 10; Trades per market 9.8 > 3; Median holding days 0.183 < 1; Median adverse move 1m unavailable,Activity truncated at 500 rows,https://polymarket.com/profile/0x86e99faea12fccd8925de5d9f052471baf7a4cdf
0x853c37a959a5791b849e3f3225c7f5963746bd03,WarriorPooh,,POLITICS:WEEK,POLITICS,False,2026-07-28T15:20:17+00:00,0.09598521479166666,28,27.969733796296296,500,96,17.857142857142858,5.208333333333333,True,500,121807.36557000001,1485446.6210887996,0.08200049994439915,0.09977920683291054,0.3447646705524989,0.3152372685185185,68,3,0.03260869565217391,True,,,0,23,1244.1092,-2308.6077999999998,49.37,6,REJECT,Visible history days 28 < 90; ROI 0.082 < 0.15; Trades per active day 17.9 > 10; Trades per market 5.21 > 3; Median holding days 0.315 < 1; Median adverse move 1m unavailable,Activity truncated at 500 rows,https://polymarket.com/profile/0x853c37a959a5791b849e3f3225c7f5963746bd03
0x5739ddf8672627ce076eff5f444610a250075f1a,hopedieslast,,ECONOMICS:MONTH,ECONOMICS,False,2026-07-27T07:03:49+00:00,1.4407537333101852,26,25.93630787037037,500,37,19.23076923076923,13.513513513513514,True,190,276704.330688,4022293.3263292806,0.06879267826559,0.07181045971008683,0.2966585675490531,6.646574074074074,4,2,0.07407407407407407,True,,,0,42,203032.1563,-104409.2135,48.58,6,REJECT,Visible history days 25.9 < 90; ROI 0.0688 < 0.15; Trades per active day 19.2 > 10; Trades per market 13.5 > 3; Hedged market share 0.0741 > 0.05; Median adverse move 1m unavailable,Activity truncated at 500 rows,https://polymarket.com/profile/0x5739ddf8672627ce076eff5f444610a250075f1a
0x861f4149171db053c73382c40d2c7e5408fd177d,D7422D98eA0d5b6Dd942a8eEd1d2a61945bFd0,,CRYPTO:WEEK,CRYPTO,True,2026-07-27T08:24:01+00:00,1.3850592888657407,20,202.47680555555556,500,10,5.882352941176471,50.0,True,11,43404.262348000004,85611.31863623491,0.5069921015050128,0.7020861185826099,1.0,25.372974537037038,3,0,0.0,True,,,0,6,89315.5812,-49813.4567,48.03,6,REJECT,Closed positions 11 < 50; Trades per market 50 > 3; Top-1 positive PnL share 0.702 > 0.2; Top-5 positive PnL share 1 > 0.5; Median adverse move 1m unavailable; HFT/activity truncation flag,Activity truncated at 500 rows,https://polymarket.com/profile/0x861f4149171db053c73382c40d2c7e5408fd177d
0x684baa57c338c2549aec0aa3f034f695d72a8409,monkeymashingkeyboard,,OVERALL:WEEK,OVERALL,False,2026-07-28T16:43:17+00:00,0.03834632590277778,2,1.013460648148148,500,25,250.0,20.0,True,86,720667.014004,849446.7253978316,0.8483957762818867,0.06430403474709662,0.20270482244767962,0.2615277777777778,7,1,0.04,True,,,0,81,59999.0843,-683975.4993,47.93,6,REJECT,Active days (30d) 2 < 8; Visible history days 1.01 < 90; Trades per active day 250 > 10; Trades per market 20 > 3; Median holding days 0.262 < 1; Median adverse move 1m unavailable,Activity truncated at 500 rows,https://polymarket.com/profile/0x684baa57c338c2549aec0aa3f034f695d72a8409
0x9aeb534c42b58b21673d5e03e9da14fbd15b2729,The-Joker,Joker_Poly,"TECH:MONTH, TECH:WEEK",TECH,False,2026-07-28T16:39:08+00:00,0.04122827034722222,21,19.807777777777776,500,153,23.80952380952381,3.2679738562091503,True,500,59687.583062,1216649.2740596312,0.04905898876086006,0.1020779927821021,0.26080026491689484,1.0157465277777777,104,15,0.10135135135135136,True,,,0,34,70434.3611,1150.3711,47.08,6,REJECT,Visible history days 19.8 < 90; ROI 0.0491 < 0.15; Trades per active day 23.8 > 10; Trades per market 3.27 > 3; Hedged market share 0.101 > 0.05; Median adverse move 1m unavailable,Activity truncated at 500 rows,https://polymarket.com/profile/0x9aeb534c42b58b21673d5e03e9da14fbd15b2729
0xc41d736bded9ed1accd6a44235039266219774fd,0xC41D736bDed9ED1acCD6A44235039266219774fD-1777101352681,,OVERALL:MONTH,OVERALL,False,2026-07-25T20:09:52+00:00,2.8948856777546297,2,6.137673611111111,500,5,250.0,100.0,True,124,7080137.1472,6406555.077490404,1.1051395112603095,0.07632655451499337,0.3180685644787844,0.1414351851851852,3,0,0.0,True,,,0,131,0,-5634364.5371,47.0,6,REJECT,Active days (30d) 2 < 8; Visible history days 6.14 < 90; Trades per active day 250 > 10; Trades per market 100 > 3; Median holding days 0.141 < 1; Median adverse move 1m unavailable,Activity truncated at 500 rows,https://polymarket.com/profile/0xc41d736bded9ed1accd6a44235039266219774fd
0xf579036e211211ab1d5d944f1665c394d5959989,newguy666,LooNell,ECONOMICS:WEEK,ECONOMICS,False,2026-07-27T14:26:48+00:00,1.1331264184953704,24,24.385821759259258,500,159,20.833333333333332,3.1446540880503147,True,495,20578.364807,470258.51508124097,0.04375968567723845,0.057547303680891504,0.19865323198797796,0.1869097222222222,117,7,0.0472972972972973,True,,,0,14,28895.3367,2338.7915000000003,46.57,6,REJECT,Visible history days 24.4 < 90; ROI 0.0438 < 0.15; Trades per active day 20.8 > 10; Trades per market 3.14 > 3; Median holding days 0.187 < 1; Median adverse move 1m unavailable,Activity truncated at 500 rows,https://polymarket.com/profile/0xf579036e211211ab1d5d944f1665c394d5959989
0x8ff04326388b1c024c45d7a7ffdd12cdedd0a0ed,HellsAngelx,,CRYPTO:WEEK,CRYPTO,True,2026-07-28T13:53:13+00:00,0.15644817775462963,9,7.944247685185185,500,23,55.55555555555556,21.73913043478261,True,500,26970.774831,50186.513778361215,0.5374108062199953,0.1506421734694587,0.5286441514041907,0.052314814814814814,15,1,0.043478260869565216,True,,,0,283,0,-5196.374,45.3,6,REJECT,Visible history days 7.94 < 90; Trades per active day 55.6 > 10; Trades per market 21.7 > 3; Top-5 positive PnL share 0.529 > 0.5; Median holding days 0.0523 < 1; Median adverse move 1m unavailable,Activity truncated at 500 rows,https://polymarket.com/profile/0x8ff04326388b1c024c45d7a7ffdd12cdedd0a0ed
0xecb14ac6e9ca447ce2f2912e6217b43d7b655da3,SaylorMoon,FhantomBets,ECONOMICS:MONTH,ECONOMICS,False,2026-07-28T00:52:43+00:00,0.6984620666435185,9,7.366770833333334,500,100,55.55555555555556,5.0,True,500,630275.913873,4386373.234970527,0.14368953121638198,0.12206817200946893,0.3624918354133701,0.485474537037037,11,2,0.020618556701030927,True,,,0,108,75130.9752,-418811.67,45.16,6,REJECT,Visible history days 7.37 < 90; ROI 0.144 < 0.15; Trades per active day 55.6 > 10; Trades per market 5 > 3; Median holding days 0.485 < 1; Median adverse move 1m unavailable,Activity truncated at 500 rows,https://polymarket.com/profile/0xecb14ac6e9ca447ce2f2912e6217b43d7b655da3
0x83720820a8aa6c3f20ad71850e7a1a17d16c5223,Jsram,,OVERALL:MONTH,OVERALL,False,2026-07-25T22:31:21+00:00,2.796633362939815,2,6.137604166666667,500,3,250.0,166.66666666666666,True,124,6090717.461015,15484242.369171591,0.3933494010104967,0.19240839514014904,0.42947379321414003,0.4555266203703704,2,0,0.0,True,,,0,61,99016.3976,-4128226.7147,44.65,6,REJECT,Active days (30d) 2 < 8; Visible history days 6.14 < 90; Trades per active day 250 > 10; Trades per market 167 > 3; Median holding days 0.456 < 1; Median adverse move 1m unavailable,Activity truncated at 500 rows,https://polymarket.com/profile/0x83720820a8aa6c3f20ad71850e7a1a17d16c5223
0xe3e4bded348f8608f322a598c19dbb3c42878d04,Machaon,0xMachaon,FINANCE:WEEK,FINANCE,False,2026-07-28T15:13:56+00:00,0.10039493701388888,26,28.77320601851852,500,42,19.23076923076923,11.904761904761905,True,500,9083.980340000002,131071.52588885001,0.06930552061859194,0.16269996124629338,0.39789055109278776,0.9295601851851852,30,1,0.025,True,,,0,22,6079.9841,-1004.4748000000001,44.62,6,REJECT,Visible history days 28.8 < 90; ROI 0.0693 < 0.15; Trades per active day 19.2 > 10; Trades per market 11.9 > 3; Median holding days 0.93 < 1; Median adverse move 1m unavailable,Activity truncated at 500 rows,https://polymarket.com/profile/0xe3e4bded348f8608f322a598c19dbb3c42878d04
0x1f9e15f39bbd5d163b0eacf0fbef647ced9e4f1a,SweetHomeAL,,POLITICS:MONTH,POLITICS,False,2026-07-28T16:05:50+00:00,0.06435327034722223,4,3.0838310185185187,500,100,125.0,5.0,True,500,41394.079602,224816.8977965048,0.18412352455582875,0.05830019782681937,0.2033331603115461,1.046394675925926,6,4,0.07692307692307693,True,,,0,500,136013.7819,15451.5932,44.45,6,REJECT,Active days (30d) 4 < 8; Visible history days 3.08 < 90; Trades per active day 125 > 10; Trades per market 5 > 3; Hedged market share 0.0769 > 0.05; Median adverse move 1m unavailable,Activity truncated at 500 rows,https://polymarket.com/profile/0x1f9e15f39bbd5d163b0eacf0fbef647ced9e4f1a
0xff76dd29f8376dfdaac3aa470467d6ca38c59c05,Gmoas,,ECONOMICS:WEEK,ECONOMICS,False,2026-07-28T03:24:52+00:00,0.5928023444212963,12,389.40078703703705,500,46,9.615384615384615,10.869565217391305,True,66,8420.490109000002,838231.1176968649,0.010045547023040918,0.2322852698377127,0.6911100712509886,5.024016203703704,40,1,0.021739130434782608,True,,,0,6,31097.9,1509.2721000000001,43.94,6,REJECT,ROI 0.01 < 0.15; Trades per market 10.9 > 3; Top-1 positive PnL share 0.232 > 0.2; Top-5 positive PnL share 0.691 > 0.5; Median adverse move 1m unavailable; HFT/activity truncation flag,Activity truncated at 500 rows,https://polymarket.com/profile/0xff76dd29f8376dfdaac3aa470467d6ca38c59c05
0x4bbe10ba5b7f6df147c0dae17b46c44a6e562cf3,How.Dare.You,,FINANCE:MONTH,FINANCE,False,2026-07-23T08:48:58+00:00,5.367732899976851,22,21.748217592592592,500,25,22.727272727272727,20.0,True,500,621207.420839,7872424.291114766,0.0789092912001869,0.15598939268859502,0.42351776707814504,7.394953703703703,5,0,0.0,True,,,0,69,209093.0112,-1398398.6551,43.93,6,REJECT,Days since last trade 5.37 > 3; Visible history days 21.7 < 90; ROI 0.0789 < 0.15; Trades per active day 22.7 > 10; Trades per market 20 > 3; Median adverse move 1m unavailable,Activity truncated at 500 rows,https://polymarket.com/profile/0x4bbe10ba5b7f6df147c0dae17b46c44a6e562cf3
0xd912131221d75b624963c928fa5bfd284c4775c3,,,CRYPTO:MONTH,CRYPTO,True,2026-07-28T16:12:22+00:00,0.059816233310185186,2,1.3316782407407408,500,203,250.0,2.4630541871921183,True,500,5166.801934,12533.420529198502,0.41224196714401723,0.13437987847486094,0.4210119196054862,0.002384259259259259,203,41,0.2019704433497537,True,,,0,0,,,43.85,6,REJECT,Active days (30d) 2 < 8; Visible history days 1.33 < 90; Trades per active day 250 > 10; Median holding days 0.00238 < 1; Hedged market share 0.202 > 0.05; Median adverse move 1m unavailable,Activity truncated at 500 rows,https://polymarket.com/profile/0xd912131221d75b624963c928fa5bfd284c4775c3
0xecaa8806a9a05049d7d5260a33dc924220e377a9,Melody626,,"ECONOMICS:WEEK, FINANCE:WEEK, POLITICS:MONTH, POLITICS:WEEK",ECONOMICS,False,2026-07-28T06:12:15+00:00,0.4765639184953704,10,10.295069444444444,500,46,50.0,10.869565217391305,True,500,613721.123728,4422801.535944048,0.13876298059958075,0.04288655396461925,0.1400028564201627,0.15958333333333333,27,2,0.045454545454545456,True,,,0,307,568780.3571,-948382.4916,43.59,6,REJECT,Visible history days 10.3 < 90; ROI 0.139 < 0.15; Trades per active day 50 > 10; Trades per market 10.9 > 3; Median holding days 0.16 < 1; Median adverse move 1m unavailable,Activity truncated at 500 rows,https://polymarket.com/profile/0xecaa8806a9a05049d7d5260a33dc924220e377a9
0xfc2f4f50ce2f6045d35558a5e2d8d4b2ac6610c7,0xFc2F4f50ce2F6045d35558A5E2D8d4b2aC6610c7-1769097007451,,FINANCE:MONTH,FINANCE,False,2026-07-27T21:02:51+00:00,0.8580916962731482,16,15.185613425925926,500,54,31.25,9.25925925925926,True,500,575907.198082,7612783.040167024,0.07565002116090315,0.12458178017840779,0.303402032657287,2.6016550925925923,16,7,0.16666666666666666,True,,,0,500,29848.944,-614983.4867,43.27,6,REJECT,Visible history days 15.2 < 90; ROI 0.0757 < 0.15; Trades per active day 31.2 > 10; Trades per market 9.26 > 3; Hedged market share 0.167 > 0.05; Median adverse move 1m unavailable,Activity truncated at 500 rows,https://polymarket.com/profile/0xfc2f4f50ce2f6045d35558a5e2d8d4b2ac6610c7
0x74471a007ddcc488f6d57b5e86dfb35a8d48a16d,tetrose,,"FINANCE:MONTH, POLITICS:MONTH",FINANCE,False,2026-07-28T10:09:10+00:00,0.3120384555324074,10,9.16074074074074,500,47,50.0,10.638297872340425,True,438,913276.941585,4398723.858734451,0.207623158651236,0.33102271971231195,0.46151236620797825,1.3738425925925926,13,4,0.0975609756097561,True,,,0,311,422694.1567,-495620.8101,43.01,6,REJECT,Visible history days 9.16 < 90; Trades per active day 50 > 10; Trades per market 10.6 > 3; Top-1 positive PnL share 0.331 > 0.2; Hedged market share 0.0976 > 0.05; Median adverse move 1m unavailable,Activity truncated at 500 rows,https://polymarket.com/profile/0x74471a007ddcc488f6d57b5e86dfb35a8d48a16d
0xd1eed20edd22a289839379e89e3470ea1742a8ae,chefradish,,FINANCE:WEEK,FINANCE,False,2026-07-28T16:33:05+00:00,0.045429659236111114,27,26.00122685185185,500,63,18.51851851851852,7.936507936507937,True,500,-16937.475459,216264.92603169524,-0.07831818025137229,0.20851852664275408,0.44180391104461764,4.53171875,16,1,0.022727272727272728,True,,,0,303,9350.3313,-15425.0251,42.75,6,REJECT,Visible history days 26 < 90; ROI -0.0783 < 0.15; Trades per active day 18.5 > 10; Trades per market 7.94 > 3; Top-1 positive PnL share 0.209 > 0.2; Median adverse move 1m unavailable,Activity truncated at 500 rows,https://polymarket.com/profile/0xd1eed20edd22a289839379e89e3470ea1742a8ae
0xad99bffce03cc56ac1b697ac15a173700e54dbab,0xad99BFFCe03Cc56AC1b697aC15a173700E54dBaB-1770744877347,,POLITICS:MONTH,POLITICS,False,2026-07-28T16:39:23+00:00,0.04105465923611111,2,1.119050925925926,500,253,250.0,1.976284584980237,True,500,3263.3114180000002,16945.6317768104,0.19257537641445424,0.08037981528666925,0.24291241757878823,,0,0,,True,,,0,500,18045.6084,-9790.4967,42.25,6,REJECT,Active days (30d) 2 < 8; Visible history days 1.12 < 90; Trades per active day 250 > 10; Median holding days unavailable; Hedged market share unavailable; Median adverse move 1m unavailable,Activity truncated at 500 rows,https://polymarket.com/profile/0xad99bffce03cc56ac1b697ac15a173700e54dbab
0xfaf98181c44636998a194aa7660bcae1b977f4c4,onekey02,,POLITICS:MONTH,POLITICS,False,2026-07-28T16:34:37+00:00,0.0443648444212963,22,24.423368055555557,500,51,22.727272727272727,9.803921568627452,True,329,30687.431902,9857929.285495427,0.0031129693684405196,0.09561350755880986,0.34806449497533876,0.7689236111111111,42,0,0.0,True,,,0,18,1702900.1228999998,34299.1247,41.57,6,REJECT,Visible history days 24.4 < 90; ROI 0.00311 < 0.15; Trades per active day 22.7 > 10; Trades per market 9.8 > 3; Median holding days 0.769 < 1; Median adverse move 1m unavailable,Activity truncated at 500 rows,https://polymarket.com/profile/0xfaf98181c44636998a194aa7660bcae1b977f4c4
0x06ac70013cd0c7992ec830ad5df9f7f66d5b79ec,eastpak,,FINANCE:WEEK,FINANCE,False,2026-07-28T15:20:49+00:00,0.09561484442129628,20,18.98207175925926,500,22,25.0,22.727272727272727,True,235,-15595.152545,1471211.4037731788,-0.010600211842433729,0.08885719884391217,0.275194558032105,0.9037037037037037,8,0,0.0,True,,,0,15,67036.1624,7295.839099999999,41.44,6,REJECT,Visible history days 19 < 90; ROI -0.0106 < 0.15; Trades per active day 25 > 10; Trades per market 22.7 > 3; Median holding days 0.904 < 1; Median adverse move 1m unavailable,Activity truncated at 500 rows,https://polymarket.com/profile/0x06ac70013cd0c7992ec830ad5df9f7f66d5b79ec
0x3dd2db2d398ff72c2c71c9ad6473368b941e9ab1,paspor,,FINANCE:MONTH,FINANCE,False,2026-07-28T16:33:07+00:00,0.04540651108796296,7,6.248090277777778,500,229,71.42857142857143,2.183406113537118,True,500,6383.407004,99240.21741965199,0.06432278334303537,0.08691531000897618,0.30051867239609487,0.001863425925925926,176,0,0.0,True,,,0,500,3.306,-4802.8398,41.31,6,REJECT,Active days (30d) 7 < 8; Visible history days 6.25 < 90; ROI 0.0643 < 0.15; Trades per active day 71.4 > 10; Median holding days 0.00186 < 1; Median adverse move 1m unavailable,Activity truncated at 500 rows,https://polymarket.com/profile/0x3dd2db2d398ff72c2c71c9ad6473368b941e9ab1
0xad96914d7762dac84ebbabafe366ae8ff24dd498,0xAD96914D7762DAC84EbBABAfE366AE8ff24Dd49,HewwoMommy,TECH:WEEK,TECH,False,2026-07-28T16:34:05+00:00,0.044735214791666665,21,20.53375,500,16,23.80952380952381,31.25,True,92,189297.979262,13487803.539503729,0.014034752115685476,0.1452036745809527,0.466887754152426,7.160810185185185,9,2,0.13333333333333333,True,,,0,10,451319.73079999996,-3639.9919,41.28,6,REJECT,Visible history days 20.5 < 90; ROI 0.014 < 0.15; Trades per active day 23.8 > 10; Trades per market 31.2 > 3; Hedged market share 0.133 > 0.05; Median adverse move 1m unavailable,Activity truncated at 500 rows,https://polymarket.com/profile/0xad96914d7762dac84ebbabafe366ae8ff24dd498
0xeb490d0534bb68b4c2ce139b219a728cd2c3693e,78979879879879,,"FINANCE:WEEK, POLITICS:WEEK",FINANCE,False,2026-07-28T16:20:29+00:00,0.054179659236111115,23,23.762337962962963,500,101,21.73913043478261,4.9504950495049505,True,171,8362.664199,881236.3068594794,0.00948969548111628,0.1979398911125688,0.46890967121739124,0.5578298611111112,54,3,0.034482758620689655,True,,,0,55,285434.8196,-180338.90840000001,41.26,6,REJECT,Visible history days 23.8 < 90; ROI 0.00949 < 0.15; Trades per active day 21.7 > 10; Trades per market 4.95 > 3; Median holding days 0.558 < 1; Median adverse move 1m unavailable,Activity truncated at 500 rows,https://polymarket.com/profile/0xeb490d0534bb68b4c2ce139b219a728cd2c3693e
0x83733b87090cf97aee473b1000beb9bfab7af0bc,merod,,FINANCE:WEEK,FINANCE,False,2026-07-28T16:28:47+00:00,0.04841577034722222,4,3.491226851851852,500,233,125.0,2.1459227467811157,True,500,3618.379533,35113.07657650303,0.10304934473959901,0.05879411849333644,0.22545143281159702,0.004612268518518518,194,0,0.0,True,,,0,335,19.5136,-2066.4177,41.19,6,REJECT,Active days (30d) 4 < 8; Visible history days 3.49 < 90; ROI 0.103 < 0.15; Trades per active day 125 > 10; Median holding days 0.00461 < 1; Median adverse move 1m unavailable,Activity truncated at 500 rows,https://polymarket.com/profile/0x83733b87090cf97aee473b1000beb9bfab7af0bc
0x076daa87c4fe1a85402a9b6b8e0a866224388d4c,,,OVERALL:MONTH,OVERALL,False,2026-07-28T16:42:55+00:00,0.03860095553240741,1,0.24350694444444446,500,184,500.0,2.717391304347826,True,500,49645.01055,323105.2906744865,0.15364963676814267,0.13725309651285075,0.30859891433805475,0.1015162037037037,29,30,0.16304347826086957,True,,,0,500,107881.1752,-1690020.2981,40.95,6,REJECT,Active days (30d) 1 < 8; Visible history days 0.244 < 90; Trades per active day 500 > 10; Median holding days 0.102 < 1; Hedged market share 0.163 > 0.05; Median adverse move 1m unavailable,Activity truncated at 500 rows,https://polymarket.com/profile/0x076daa87c4fe1a85402a9b6b8e0a866224388d4c
0x876bb030ddd424ef505ae02914024cf18c6a1703,rewardbots,,"TECH:MONTH, TECH:WEEK",TECH,False,2026-07-28T16:39:29+00:00,0.04098521479166667,14,13.57324074074074,500,92,35.714285714285715,5.434782608695652,True,188,2506.2885579999993,208735.94214595758,0.012006981319237725,0.14270676104645794,0.3957466883653136,4.206770833333334,63,12,0.1643835616438356,True,,,0,15,4468.6019,1518.9542,40.91,6,REJECT,Visible history days 13.6 < 90; ROI 0.012 < 0.15; Trades per active day 35.7 > 10; Trades per market 5.43 > 3; Hedged market share 0.164 > 0.05; Median adverse move 1m unavailable,Activity truncated at 500 rows,https://polymarket.com/profile/0x876bb030ddd424ef505ae02914024cf18c6a1703
0x671a326088dea34b79c51947e4a92c83545a2f1e,GingerMcKenna,,"FINANCE:MONTH, FINANCE:WEEK",FINANCE,False,2026-07-28T16:00:17+00:00,0.06820743701388889,9,10.446574074074075,500,219,55.55555555555556,2.2831050228310503,True,500,4033.8363109999996,64846.56816100736,0.06220585646081376,0.15984300349058575,0.528244582647156,0.002326388888888889,108,0,0.0,True,,,0,500,30671.9652,-8418.1196,39.38,6,REJECT,Visible history days 10.4 < 90; ROI 0.0622 < 0.15; Trades per active day 55.6 > 10; Top-5 positive PnL share 0.528 > 0.5; Median holding days 0.00233 < 1; Median adverse move 1m unavailable,Activity truncated at 500 rows,https://polymarket.com/profile/0x671a326088dea34b79c51947e4a92c83545a2f1e
0x3a8aa345d5db7ec5138298c8c4f4540259be7699,TheReturnOfDarthMaul,,ECONOMICS:MONTH,ECONOMICS,False,2026-07-28T16:27:50+00:00,0.04907549256944444,14,14.151979166666667,500,20,35.714285714285715,25.0,True,500,-60728.80327800001,2645216.586943863,-0.022957970087493937,0.08132370666793802,0.2927450934742405,,0,0,0.0,True,,,0,71,3274339.2934,328716.5596,39.04,6,REJECT,Visible history days 14.2 < 90; ROI -0.023 < 0.15; Trades per active day 35.7 > 10; Trades per market 25 > 3; Median holding days unavailable; Median adverse move 1m unavailable,Activity truncated at 500 rows,https://polymarket.com/profile/0x3a8aa345d5db7ec5138298c8c4f4540259be7699
0xcd91a549956854fdc38efad7e80ff5da8f5432b8,Novus0rdoSeclorum,mr_nutsss,"FINANCE:MONTH, FINANCE:WEEK, TECH:WEEK",FINANCE,False,2026-07-28T16:36:53+00:00,0.04279077034722222,3,1.8638425925925926,500,223,166.66666666666666,2.242152466367713,True,500,13192.090856,141068.01741384857,0.09351581668081868,0.11867038465635914,0.4140151441002674,0.01375,190,2,0.008968609865470852,True,,,0,500,0,-126646.6701,38.77,6,REJECT,Active days (30d) 3 < 8; Visible history days 1.86 < 90; ROI 0.0935 < 0.15; Trades per active day 167 > 10; Median holding days 0.0138 < 1; Median adverse move 1m unavailable,Activity truncated at 500 rows,https://polymarket.com/profile/0xcd91a549956854fdc38efad7e80ff5da8f5432b8
0x5a7b3328e8756579bfd364ba92c5c589c7bae9eb,notssf3,,FINANCE:MONTH,FINANCE,False,2026-07-28T16:07:23+00:00,0.06327688145833334,8,14.264872685185185,500,7,62.5,71.42857142857143,True,176,78660.40237,752657.0578789153,0.10451028333099693,0.15578915726342477,0.41957296679965134,,0,0,0.0,True,,,0,39,101447.8495,1634.9945000000002,38.32,6,REJECT,Visible history days 14.3 < 90; ROI 0.105 < 0.15; Trades per active day 62.5 > 10; Trades per market 71.4 > 3; Median holding days unavailable; Median adverse move 1m unavailable,Activity truncated at 500 rows,https://polymarket.com/profile/0x5a7b3328e8756579bfd364ba92c5c589c7bae9eb
0x6765c1c000e3b99c7fffea752c561cb868f1fa0d,JanAMEX,,CRYPTO:WEEK,CRYPTO,True,2026-07-28T11:23:32+00:00,0.2603949370138889,15,15.246331018518518,500,8,33.333333333333336,62.5,True,428,260534.876854,7788770.0570356585,0.03345006656328964,0.10703727984369453,0.32820980348222817,,0,0,0.0,True,,,0,27,636872.0991999999,31367.7786,36.54,6,REJECT,Visible history days 15.2 < 90; ROI 0.0335 < 0.15; Trades per active day 33.3 > 10; Trades per market 62.5 > 3; Median holding days unavailable; Median adverse move 1m unavailable,Activity truncated at 500 rows,https://polymarket.com/profile/0x6765c1c000e3b99c7fffea752c561cb868f1fa0d
0x6d9fc316c3b8377060a44b852ba664adbfd59790,MEPP,MEPPonPM,"ECONOMICS:MONTH, POLITICS:MONTH",ECONOMICS,False,2026-07-28T13:15:07+00:00,0.18290651108796296,8,7.44087962962963,500,43,62.5,11.627906976744185,True,500,46570.153903,4585573.436726102,0.010155797207393335,0.08730386132460435,0.2223884915175867,3.456892361111111,8,3,0.08823529411764706,True,,,0,83,480894.2694,51445.3957,35.13,6,REJECT,Visible history days 7.44 < 90; ROI 0.0102 < 0.15; Trades per active day 62.5 > 10; Trades per market 11.6 > 3; Hedged market share 0.0882 > 0.05; Median adverse move 1m unavailable,Activity truncated at 500 rows,https://polymarket.com/profile/0x6d9fc316c3b8377060a44b852ba664adbfd59790
0xfea31bc088000ff909be1dfd8d0e3f2c7ef2d227,ndb1,,OVERALL:MONTH,OVERALL,False,2026-07-28T16:33:55+00:00,0.04485095553240741,10,8.907615740740741,500,34,50.0,14.705882352941176,True,500,2171437.1431340002,64594972.376610875,0.03361619431422272,0.1440879142207444,0.4335899736676447,0.15769097222222223,8,1,0.03571428571428571,True,,,0,69,1419725.7147,30972.3724,34.97,6,REJECT,Visible history days 8.91 < 90; ROI 0.0336 < 0.15; Trades per active day 50 > 10; Trades per market 14.7 > 3; Median holding days 0.158 < 1; Median adverse move 1m unavailable,Activity truncated at 500 rows,https://polymarket.com/profile/0xfea31bc088000ff909be1dfd8d0e3f2c7ef2d227
0xe734e7bf7cfb9e464681f71822f6c2f6be514f0c,boyau,,"CRYPTO:WEEK, FINANCE:MONTH",CRYPTO,True,2026-07-28T16:41:44+00:00,0.03942271479166667,3,2.6801851851851852,500,20,166.66666666666666,25.0,True,295,958582.703861,5310350.88760929,0.18051212135485686,0.11398294584092263,0.36960947937391375,1.0690625,8,3,0.16666666666666666,True,,,0,50,677520.4817,-103581.0572,33.97,6,REJECT,Active days (30d) 3 < 8; Visible history days 2.68 < 90; Trades per active day 167 > 10; Trades per market 25 > 3; Hedged market share 0.167 > 0.05; Median adverse move 1m unavailable,Activity truncated at 500 rows,https://polymarket.com/profile/0xe734e7bf7cfb9e464681f71822f6c2f6be514f0c
0x3eae57986be5e0ca435102ffe1f14206ffa2e2ed,thoodr,,"POLITICS:MONTH, POLITICS:WEEK",POLITICS,False,2026-07-26T02:44:00+00:00,2.621181974050926,6,5.7378125,500,42,83.33333333333333,11.904761904761905,True,187,72211.341725,3043478.9175639227,0.023726578590135196,0.06438195415519418,0.24180560442974944,3.923298611111111,8,0,0.0,True,,,0,57,946852.3951,-22783.943199999998,33.58,6,REJECT,Active days (30d) 6 < 8; Visible history days 5.74 < 90; ROI 0.0237 < 0.15; Trades per active day 83.3 > 10; Trades per market 11.9 > 3; Median adverse move 1m unavailable,Activity truncated at 500 rows,https://polymarket.com/profile/0x3eae57986be5e0ca435102ffe1f14206ffa2e2ed
0xa6b7ebd5ce137c3b5d56f896a52eba71702bd5f3,Relaccsed,Relaccsed,POLITICS:WEEK,POLITICS,False,2026-07-28T16:41:52+00:00,0.03933012219907407,9,8.153587962962963,500,73,55.55555555555556,6.8493150684931505,True,500,49.20858800000004,136615.8465351316,0.00036019677986144714,0.10068752687861,0.342611404328943,1.0597569444444443,37,17,0.2328767123287671,True,,,0,71,19267.1168,2029.8682,32.65,6,REJECT,Visible history days 8.15 < 90; ROI 0.00036 < 0.15; Trades per active day 55.6 > 10; Trades per market 6.85 > 3; Hedged market share 0.233 > 0.05; Median adverse move 1m unavailable,Activity truncated at 500 rows,https://polymarket.com/profile/0xa6b7ebd5ce137c3b5d56f896a52eba71702bd5f3
0x6560abb717a8e5f3afaacd1a31e9c03eed71e164,1walrus,,FINANCE:MONTH,FINANCE,False,2026-07-28T14:30:38+00:00,0.13046438145833333,10,9.46556712962963,500,45,50.0,11.11111111111111,True,500,39742.082203,956126.5276464074,0.041565714425713884,0.16844469434647014,0.4921381793078554,1.5208333333333333,39,19,0.4222222222222222,True,,,0,109,51783.2941,-1622.8136,30.94,6,REJECT,Visible history days 9.47 < 90; ROI 0.0416 < 0.15; Trades per active day 50 > 10; Trades per market 11.1 > 3; Hedged market share 0.422 > 0.05; Median adverse move 1m unavailable,Activity truncated at 500 rows,https://polymarket.com/profile/0x6560abb717a8e5f3afaacd1a31e9c03eed71e164
0x86de0516011e2ad7ce3abdc13577de8608db55c3,zhangfan151,,CRYPTO:WEEK,CRYPTO,True,2026-07-28T16:39:52+00:00,0.04071901108796296,4,3.2505324074074076,500,213,125.0,2.347417840375587,True,500,-8727.723238,140935.54279717503,-0.061927055906403634,0.04570927743377049,0.17428088877822462,0.0033333333333333335,175,1,0.004694835680751174,True,,,0,97,23.8941,-16556.1795,29.13,6,REJECT,Active days (30d) 4 < 8; Visible history days 3.25 < 90; ROI -0.0619 < 0.15; Trades per active day 125 > 10; Median holding days 0.00333 < 1; Median adverse move 1m unavailable,Activity truncated at 500 rows,https://polymarket.com/profile/0x86de0516011e2ad7ce3abdc13577de8608db55c3
0x8b4bca1d794779e66e023d44391b2a86c5ab541b,0x8B4bcA1D794779E66e023D44391B2A86C5ab541B-1769764313952,,CRYPTO:WEEK,CRYPTO,True,2026-07-28T15:24:53+00:00,0.09279077034722222,5,4.048136574074074,500,40,100.0,12.5,True,500,47351.05983100001,18053661.27379464,0.002622795404926053,0.06601486171032743,0.2614947568458965,2.3427025462962963,14,1,0.038461538461538464,True,,,0,79,4193211.0799,108126.0612,27.02,6,REJECT,Active days (30d) 5 < 8; Visible history days 4.05 < 90; ROI 0.00262 < 0.15; Trades per active day 100 > 10; Trades per market 12.5 > 3; Median adverse move 1m unavailable,Activity truncated at 500 rows,https://polymarket.com/profile/0x8b4bca1d794779e66e023d44391b2a86c5ab541b
0x1465b79bff7992bc703e1aafb3683b1089647072,JnStTrdrBnusFnd,,CRYPTO:MONTH,CRYPTO,True,2026-07-28T15:26:13+00:00,0.09186484442129629,8,7.551782407407408,500,9,62.5,55.55555555555556,True,68,31460.232797999994,1953832.9306670562,0.016101802925012215,0.18722888143674757,0.4268811219792355,,0,0,0.0,True,,,0,20,3142781.5988,118735.8265,23.29,6,REJECT,Visible history days 7.55 < 90; ROI 0.0161 < 0.15; Trades per active day 62.5 > 10; Trades per market 55.6 > 3; Median holding days unavailable; Median adverse move 1m unavailable,Activity truncated at 500 rows,https://polymarket.com/profile/0x1465b79bff7992bc703e1aafb3683b1089647072
0x301e286fd88abb7cda0a19a24e4dc4823c4db752,fred4332,,CRYPTO:MONTH,CRYPTO,True,2026-07-27T23:57:33+00:00,0.7367722518287038,23,43.04259259259259,500,56,13.88888888888889,8.928571428571429,True,110,55925.944154,190639.5878172463,0.2933595524116037,0.15498380380274301,0.5688667199267834,0.5226041666666666,53,8,0.14285714285714285,True,,,0,1,14642.9097,2570.8868,52.23,7,REJECT,Visible history days 43 < 90; Trades per active day 13.9 > 10; Trades per market 8.93 > 3; Top-5 positive PnL share 0.569 > 0.5; Median holding days 0.523 < 1; Hedged market share 0.143 > 0.05; Median adverse move 1m unavailable,Activity truncated at 500 rows,https://polymarket.com/profile/0x301e286fd88abb7cda0a19a24e4dc4823c4db752
0xae5b31e2ca93121383a914df2385af05e9150a8c,RexRegum,,FINANCE:WEEK,FINANCE,False,2026-07-23T22:19:45+00:00,4.80468891849537,8,294.67261574074075,500,28,13.88888888888889,17.857142857142858,True,96,62547.250373,231022.77951988953,0.27074061918476355,0.45389025986171366,0.8704575052624594,10.6875,7,2,0.1111111111111111,True,,,0,18,7077.505099999999,-6974.9031,50.57,7,REJECT,Days since last trade 4.8 > 3; Trades per active day 13.9 > 10; Trades per market 17.9 > 3; Top-1 positive PnL share 0.454 > 0.2; Top-5 positive PnL share 0.87 > 0.5; Hedged market share 0.111 > 0.05; Median adverse move 1m unavailable,Activity truncated at 500 rows,https://polymarket.com/profile/0xae5b31e2ca93121383a914df2385af05e9150a8c
0x5235578efe24555b0c98e7dc10a902b09089c04a,back-in-whack,,ECONOMICS:MONTH,ECONOMICS,False,2026-07-28T16:30:46+00:00,0.04703845553240741,28,40.81920138888889,500,13,12.820512820512821,38.46153846153846,True,500,196491.86811500002,1732883.6298380455,0.11339011156413548,0.19773003239913403,0.54658219891123,15.8934375,5,2,0.18181818181818182,True,,,0,236,194741.4343,-85551.3346,48.96,7,REJECT,Visible history days 40.8 < 90; ROI 0.113 < 0.15; Trades per active day 12.8 > 10; Trades per market 38.5 > 3; Top-5 positive PnL share 0.547 > 0.5; Hedged market share 0.182 > 0.05; Median adverse move 1m unavailable,Activity truncated at 500 rows,https://polymarket.com/profile/0x5235578efe24555b0c98e7dc10a902b09089c04a
0x85a85805bcbdf2e629788adac1420b6b53949281,LJa7io23MCv954j,,POLITICS:WEEK,POLITICS,False,2026-07-28T06:31:40+00:00,0.46308012219907413,30,33.92496527777778,500,79,14.285714285714286,6.329113924050633,True,75,29649.00861,238155.03222156223,0.12449457117671445,0.24055719279594445,0.6021436627758876,8.141903935185185,32,3,0.041666666666666664,True,,,0,51,83677.9913,-12587.2461,48.88,7,REJECT,Visible history days 33.9 < 90; ROI 0.124 < 0.15; Trades per active day 14.3 > 10; Trades per market 6.33 > 3; Top-1 positive PnL share 0.241 > 0.2; Top-5 positive PnL share 0.602 > 0.5; Median adverse move 1m unavailable,Activity truncated at 500 rows,https://polymarket.com/profile/0x85a85805bcbdf2e629788adac1420b6b53949281
0xb7849a305b28663a193f5d4bc94dc277463bd061,nakam,,FINANCE:MONTH,FINANCE,False,2026-07-28T16:00:07+00:00,0.06832317775462964,26,38.79460648148148,500,105,16.129032258064516,4.761904761904762,True,165,36543.184986,333894.9155760805,0.10944516757001457,0.1905461607753978,0.5608706969746728,0.3045717592592593,103,2,0.019230769230769232,True,,,0,6,24935.5417,371.1836000000008,48.73,7,REJECT,Visible history days 38.8 < 90; ROI 0.109 < 0.15; Trades per active day 16.1 > 10; Trades per market 4.76 > 3; Top-5 positive PnL share 0.561 > 0.5; Median holding days 0.305 < 1; Median adverse move 1m unavailable,Activity truncated at 500 rows,https://polymarket.com/profile/0xb7849a305b28663a193f5d4bc94dc277463bd061
0x64c8ec47e1f5a367f234a74f8176d805e87173ce,0xfcb034ffesa540c81ad37321212f6e0c762feac8,,POLITICS:WEEK,POLITICS,False,2026-07-28T11:50:01+00:00,0.24200373331018518,18,200.9117013888889,500,27,13.513513513513514,18.51851851851852,True,81,11619.278400000032,5637290.052662248,0.0020611460988268202,0.2762849353261165,0.5823052564395871,38.34047453703704,14,2,0.07407407407407407,True,,,0,17,42244.0746,-171700.05240000002,48.59,7,REJECT,ROI 0.00206 < 0.15; Trades per active day 13.5 > 10; Trades per market 18.5 > 3; Top-1 positive PnL share 0.276 > 0.2; Top-5 positive PnL share 0.582 > 0.5; Hedged market share 0.0741 > 0.05; Median adverse move 1m unavailable,Activity truncated at 500 rows,https://polymarket.com/profile/0x64c8ec47e1f5a367f234a74f8176d805e87173ce
0xe548376f231af12b4d56aff55a7503a88892a9fe,Uniform123,,OVERALL:WEEK,OVERALL,False,2026-07-28T10:54:53+00:00,0.2802907703472222,5,6.150844907407407,500,15,100.0,33.333333333333336,True,117,684983.42944,1343687.4164965458,0.5097788526039686,0.05243436151343689,0.1934433432849666,0.2513888888888889,7,2,0.13333333333333333,True,,,0,92,0,-527108.682,48.59,7,REJECT,Active days (30d) 5 < 8; Visible history days 6.15 < 90; Trades per active day 100 > 10; Trades per market 33.3 > 3; Median holding days 0.251 < 1; Hedged market share 0.133 > 0.05; Median adverse move 1m unavailable,Activity truncated at 500 rows,https://polymarket.com/profile/0xe548376f231af12b4d56aff55a7503a88892a9fe
0x54e15a0a77e3147ac78831804e5dde13cb589d5a,Adrink3D,Adrink3D,ECONOMICS:MONTH,ECONOMICS,False,2026-07-27T10:49:33+00:00,1.283994474050926,13,17.95258101851852,500,14,38.46153846153846,35.714285714285715,True,49,22432.610896000002,70979.3268480042,0.3160442891214988,0.2999453663517273,0.7252748605226479,8.948200231481481,2,0,0.0,True,,,0,8,16901.8372,9124.1306,48.32,7,REJECT,Closed positions 49 < 50; Visible history days 18 < 90; Trades per active day 38.5 > 10; Trades per market 35.7 > 3; Top-1 positive PnL share 0.3 > 0.2; Top-5 positive PnL share 0.725 > 0.5; Median adverse move 1m unavailable,Activity truncated at 500 rows,https://polymarket.com/profile/0x54e15a0a77e3147ac78831804e5dde13cb589d5a
0x93bc1f104bc72c9141fc41c2acb2265f54a28ca3,EVplusrebate,,OVERALL:WEEK,OVERALL,False,2026-07-28T09:57:58+00:00,0.31981623331018516,2,1.012361111111111,500,18,250.0,27.77777777777778,True,500,193980.977954,349780.0484513748,0.554579881879588,0.05568091765970648,0.1535606464799561,0.27174189814814814,12,2,0.1111111111111111,True,,,0,500,0,-1160632.4361,48.02,7,REJECT,Active days (30d) 2 < 8; Visible history days 1.01 < 90; Trades per active day 250 > 10; Trades per market 27.8 > 3; Median holding days 0.272 < 1; Hedged market share 0.111 > 0.05; Median adverse move 1m unavailable,Activity truncated at 500 rows,https://polymarket.com/profile/0x93bc1f104bc72c9141fc41c2acb2265f54a28ca3
0x2f7709800bdd3cf81b1c89c4f8b94b36caf59da4,Nz2027,Tutu2025H,"FINANCE:WEEK, OVERALL:WEEK",FINANCE,False,2026-07-27T13:44:22+00:00,1.162594011087963,14,23.433356481481482,500,14,35.714285714285715,35.714285714285715,True,43,55994.992835000005,138065.0730721075,0.4055695737455293,0.18818530874625305,0.5160940465474201,2.175572916666667,6,1,0.08333333333333333,True,,,0,11,68175.7289,-49500.453799999996,47.94,7,REJECT,Closed positions 43 < 50; Visible history days 23.4 < 90; Trades per active day 35.7 > 10; Trades per market 35.7 > 3; Top-5 positive PnL share 0.516 > 0.5; Hedged market share 0.0833 > 0.05; Median adverse move 1m unavailable,Activity truncated at 500 rows,https://polymarket.com/profile/0x2f7709800bdd3cf81b1c89c4f8b94b36caf59da4
0x15687ef2b9fe1905c228118c538b27ca9c422a89,0x15687Ef2b9Fe1905C228118C538b27cA9c422A89-1772261386919,,TECH:MONTH,TECH,False,2026-07-28T16:37:20+00:00,0.04247827034722222,11,143.20288194444444,496,128,27.555555555555557,3.875,False,100,5836.967411,40336.23198656193,0.14470780049422052,0.47188002602806706,0.6372981077974537,1.3259375,91,10,0.078125,True,,,0,38,182.18,-5420.665,47.53,7,REJECT,ROI 0.145 < 0.15; Trades per active day 27.6 > 10; Trades per market 3.88 > 3; Top-1 positive PnL share 0.472 > 0.2; Top-5 positive PnL share 0.637 > 0.5; Hedged market share 0.0781 > 0.05; Median adverse move 1m unavailable,,https://polymarket.com/profile/0x15687ef2b9fe1905c228118c538b27ca9c422a89
0x6d8090e9b8b8cd01fe18fb4e040b844b3f02a6a1,sajkhashaoiww,,CRYPTO:WEEK,CRYPTO,True,2026-07-28T13:29:26+00:00,0.17296438145833332,7,6.1977314814814815,500,81,71.42857142857143,6.172839506172839,True,131,21791.497302,35895.604536383515,0.6070798244925031,0.09102434298730401,0.26452865985112706,0.002384259259259259,42,13,0.16049382716049382,True,,,0,57,0,-7092.5077,47.01,7,REJECT,Active days (30d) 7 < 8; Visible history days 6.2 < 90; Trades per active day 71.4 > 10; Trades per market 6.17 > 3; Median holding days 0.00238 < 1; Hedged market share 0.16 > 0.05; Median adverse move 1m unavailable,Activity truncated at 500 rows,https://polymarket.com/profile/0x6d8090e9b8b8cd01fe18fb4e040b844b3f02a6a1
0xbca08c1bc204a34f2fddbe47b438b9bd42ac9705,1winstreak1,,OVERALL:WEEK,OVERALL,False,2026-07-28T04:56:55+00:00,0.5288787333101852,2,0.2390972222222222,500,88,250.0,5.681818181818182,True,500,117960.30599,361012.2794522037,0.32674873599588283,0.09145543632702417,0.29571339654677975,0.07987268518518519,81,50,0.5681818181818182,True,,,0,500,0,-512108.562,46.93,7,REJECT,Active days (30d) 2 < 8; Visible history days 0.239 < 90; Trades per active day 250 > 10; Trades per market 5.68 > 3; Median holding days 0.0799 < 1; Hedged market share 0.568 > 0.05; Median adverse move 1m unavailable,Activity truncated at 500 rows,https://polymarket.com/profile/0xbca08c1bc204a34f2fddbe47b438b9bd42ac9705
0x224a89dbe0db0d6124b335edabd15b3f877da3d5,wr0ngw4yb3tt0r,,OVERALL:WEEK,OVERALL,False,2026-07-28T16:42:11+00:00,0.03911021479166667,2,0.7328587962962962,500,61,250.0,8.19672131147541,True,500,611571.271743,2151461.4673343487,0.284258528924868,0.08467421967822092,0.3068792787468321,0.09811342592592592,27,14,0.22950819672131148,True,,,0,500,60280.8057,-10475834.4999,46.08,7,REJECT,Active days (30d) 2 < 8; Visible history days 0.733 < 90; Trades per active day 250 > 10; Trades per market 8.2 > 3; Median holding days 0.0981 < 1; Hedged market share 0.23 > 0.05; Median adverse move 1m unavailable,Activity truncated at 500 rows,https://polymarket.com/profile/0x224a89dbe0db0d6124b335edabd15b3f877da3d5
0xf0318c32136c2db7fec88b84869aee6a1106c80c,BreakTheBank,,OVERALL:MONTH,OVERALL,False,2026-07-25T20:01:19+00:00,2.9008231777546296,3,4.890243055555556,500,15,166.66666666666666,33.333333333333336,True,246,33920382.098559,51242423.52578388,0.661958973925016,0.03810690086675796,0.16556655902948858,0.09662037037037037,3,1,0.06666666666666667,True,,,0,292,0.3658,-28601807.6023,46.06,7,REJECT,Active days (30d) 3 < 8; Visible history days 4.89 < 90; Trades per active day 167 > 10; Trades per market 33.3 > 3; Median holding days 0.0966 < 1; Hedged market share 0.0667 > 0.05; Median adverse move 1m unavailable,Activity truncated at 500 rows,https://polymarket.com/profile/0xf0318c32136c2db7fec88b84869aee6a1106c80c
0x9b129ad05bc0a8df3c73dfcc66fe75252daec2d5,0x9b129aD05Bc0a8df3C73DfCC66fE75252DaEC2D5-1778811687225,,FINANCE:MONTH,FINANCE,False,2026-07-28T16:26:07+00:00,0.050267622199074075,3,4.120625,500,222,166.66666666666666,2.2522522522522523,True,500,4750.531613,15666.615131610497,0.30322641956109986,0.16488324092143664,0.6140530348332851,0.011527777777777777,183,52,0.2374429223744292,True,,,0,130,607.7348,-678.3037999999999,45.71,7,REJECT,Active days (30d) 3 < 8; Visible history days 4.12 < 90; Trades per active day 167 > 10; Top-5 positive PnL share 0.614 > 0.5; Median holding days 0.0115 < 1; Hedged market share 0.237 > 0.05; Median adverse move 1m unavailable,Activity truncated at 500 rows,https://polymarket.com/profile/0x9b129ad05bc0a8df3c73dfcc66fe75252daec2d5
0xdaef2be2a19ad331737d06545f85615b094554e9,THUNDERTALK-BIGGEST-FAN,,ECONOMICS:WEEK,ECONOMICS,False,2026-07-28T15:49:23+00:00,0.07577688145833333,4,3.2283449074074073,500,27,125.0,18.51851851851852,True,500,675836.46509,2326495.4010270988,0.29049550873456803,0.028861129322981287,0.09677058830874244,0.16645833333333332,16,6,0.2222222222222222,True,,,0,494,116253.751,-843281.8311,45.71,7,REJECT,Active days (30d) 4 < 8; Visible history days 3.23 < 90; Trades per active day 125 > 10; Trades per market 18.5 > 3; Median holding days 0.166 < 1; Hedged market share 0.222 > 0.05; Median adverse move 1m unavailable,Activity truncated at 500 rows,https://polymarket.com/profile/0xdaef2be2a19ad331737d06545f85615b094554e9
0xde7be6d489bce070a959e0cb813128ae659b5f4b,wan123,,ECONOMICS:MONTH,ECONOMICS,False,2026-07-28T03:13:24+00:00,0.6007653073842593,4,3.232384259259259,500,5,125.0,100.0,True,215,4215204.517213,8394483.382257586,0.5021398369936824,0.24784815303545218,0.46117385141435024,,0,0,0.0,True,,,0,263,846676.7345,-2820264.4359,45.32,7,REJECT,Active days (30d) 4 < 8; Visible history days 3.23 < 90; Trades per active day 125 > 10; Trades per market 100 > 3; Top-1 positive PnL share 0.248 > 0.2; Median holding days unavailable; Median adverse move 1m unavailable,Activity truncated at 500 rows,https://polymarket.com/profile/0xde7be6d489bce070a959e0cb813128ae659b5f4b
0x3d7d0ba6c4cb6608e9b2ae9a7c6b4d822c6510fc,poposub,,FINANCE:WEEK,FINANCE,False,2026-07-28T16:17:32+00:00,0.05622827034722222,4,2.7702314814814817,500,227,125.0,2.202643171806167,True,500,7201.828857,30777.24230450508,0.23399851051456352,0.24523523905738662,0.5607830497438185,0.00043402777777777775,182,0,0.0,True,,,0,500,9.0374,-51961.5202,44.69,7,REJECT,Active days (30d) 4 < 8; Visible history days 2.77 < 90; Trades per active day 125 > 10; Top-1 positive PnL share 0.245 > 0.2; Top-5 positive PnL share 0.561 > 0.5; Median holding days 0.000434 < 1; Median adverse move 1m unavailable,Activity truncated at 500 rows,https://polymarket.com/profile/0x3d7d0ba6c4cb6608e9b2ae9a7c6b4d822c6510fc
0x86d2d490bcac9fccea02a44c48272008e0c4731d,umeax,,OVERALL:MONTH,OVERALL,False,2026-07-28T10:40:11+00:00,0.29049910368055554,9,8.93011574074074,500,18,55.55555555555556,27.77777777777778,True,48,2173380.180704,4069191.648214624,0.53410612440866,0.15603524991589124,0.4210222520438998,0.3183680555555556,10,2,0.1111111111111111,True,,,0,51,25044.9545,-1970899.5873,44.62,7,REJECT,Closed positions 48 < 50; Visible history days 8.93 < 90; Trades per active day 55.6 > 10; Trades per market 27.8 > 3; Median holding days 0.318 < 1; Hedged market share 0.111 > 0.05; Median adverse move 1m unavailable,Activity truncated at 500 rows,https://polymarket.com/profile/0x86d2d490bcac9fccea02a44c48272008e0c4731d
0x42f01b7c5c20570db68e0127675b3f5d2af6fc65,0x42f01b7c5c20570Db68E0127675B3f5D2aF6fc65-1768338366856,,FINANCE:WEEK,FINANCE,False,2026-07-28T07:35:16+00:00,0.41891345553240744,5,195.42675925925926,387,53,13.821428571428571,7.30188679245283,False,20,14547.704006,6495.380563916651,2.2397000241703893,0.7070069229638757,0.9380954975347843,4.8227314814814815,20,2,0.03773584905660377,True,,,0,35,9825.8118,2894.8464,43.94,7,REJECT,Active days (30d) 5 < 8; Closed positions 20 < 50; Trades per active day 13.8 > 10; Trades per market 7.3 > 3; Top-1 positive PnL share 0.707 > 0.2; Top-5 positive PnL share 0.938 > 0.5; Median adverse move 1m unavailable,,https://polymarket.com/profile/0x42f01b7c5c20570db68e0127675b3f5d2af6fc65
0x9d84ce0306f8551e02efef1680475fc0f1dc1344,ImJustKen,Domahhhh,"ECONOMICS:MONTH, ECONOMICS:WEEK, POLITICS:MONTH",ECONOMICS,False,2026-07-28T16:40:53+00:00,0.04001299256944445,10,8.840324074074074,500,28,50.0,17.857142857142858,True,500,2001698.7150830003,6672561.895178332,0.2999895312367878,0.5824862318850387,0.7011718773059109,0.0014409722222222222,2,0,0.0,True,,,0,500,1055734.7921,-1230281.1919,43.55,7,REJECT,Visible history days 8.84 < 90; Trades per active day 50 > 10; Trades per market 17.9 > 3; Top-1 positive PnL share 0.582 > 0.2; Top-5 positive PnL share 0.701 > 0.5; Median holding days 0.00144 < 1; Median adverse move 1m unavailable,Activity truncated at 500 rows,https://polymarket.com/profile/0x9d84ce0306f8551e02efef1680475fc0f1dc1344
0xf0ed9e68e6cd3ee712260abeaec32de56a7d47d8,LinaBell,xK0neko,POLITICS:MONTH,POLITICS,False,2026-07-27T23:32:42+00:00,0.7540291962731481,26,37.80953703703704,500,51,15.151515151515152,9.803921568627452,True,500,15897.288660999999,845068.380849978,0.018811837031472354,0.09106207649097747,0.2948559272369249,0.9805671296296297,22,3,0.06976744186046512,True,,,0,44,51473.7986,-1678.2947,43.32,7,REJECT,Visible history days 37.8 < 90; ROI 0.0188 < 0.15; Trades per active day 15.2 > 10; Trades per market 9.8 > 3; Median holding days 0.981 < 1; Hedged market share 0.0698 > 0.05; Median adverse move 1m unavailable,Activity truncated at 500 rows,https://polymarket.com/profile/0xf0ed9e68e6cd3ee712260abeaec32de56a7d47d8
0xeb77593d1187a2d01c22fb24567b21cddd214e6b,dry-september,,TECH:WEEK,TECH,False,2026-07-28T16:03:52+00:00,0.06571901108796296,17,19.10215277777778,500,64,29.41176470588235,7.8125,True,318,13405.75181,173872.47144508173,0.07710105975133767,0.10087207718070844,0.3732014142610148,0.12409722222222222,47,12,0.19047619047619047,True,,,0,19,4881.8664,-2185.9619,42.45,7,REJECT,Visible history days 19.1 < 90; ROI 0.0771 < 0.15; Trades per active day 29.4 > 10; Trades per market 7.81 > 3; Median holding days 0.124 < 1; Hedged market share 0.19 > 0.05; Median adverse move 1m unavailable,Activity truncated at 500 rows,https://polymarket.com/profile/0xeb77593d1187a2d01c22fb24567b21cddd214e6b
0xf3ad8f80006d90a5ba90112a675d13bffd740724,,,FINANCE:MONTH,FINANCE,False,2026-07-28T09:37:59+00:00,0.333693548125,17,190.46744212962963,83,16,2.59375,5.1875,False,0,,,,,,,0,0,0.0,False,,,0,1,1090.2244,-3991.7205,42.23,7,REJECT,Closed positions 0 < 50; ROI unavailable; Trades per market 5.19 > 3; Top-1 positive PnL share unavailable; Top-5 positive PnL share unavailable; Median holding days unavailable; Median adverse move 1m unavailable,,https://polymarket.com/profile/0xf3ad8f80006d90a5ba90112a675d13bffd740724
0x93fb8127a1b21a112b11af936361225df0563e4a,LlamaLoco0000,LlamaLoco0000,"CRYPTO:WEEK, OVERALL:MONTH, POLITICS:MONTH",CRYPTO,True,2026-07-28T16:39:08+00:00,0.04122827034722222,8,7.594247685185185,500,17,62.5,29.41176470588235,True,284,910648.6993559999,2918808.6855543666,0.3119932813215681,0.32818174059976213,0.5556570125201258,,0,0,0.0,True,,,0,129,515957.0072,-564346.9172,42.22,7,REJECT,Visible history days 7.59 < 90; Trades per active day 62.5 > 10; Trades per market 29.4 > 3; Top-1 positive PnL share 0.328 > 0.2; Top-5 positive PnL share 0.556 > 0.5; Median holding days unavailable; Median adverse move 1m unavailable,Activity truncated at 500 rows,https://polymarket.com/profile/0x93fb8127a1b21a112b11af936361225df0563e4a
0xe16d3f2a5807999b358affd9445c3a09e45e5e30,0xE16D3F2A5807999b358aFfD9445C3a09E45E5e30-1776429210592,,OVERALL:MONTH,OVERALL,False,2026-07-19T18:33:21+00:00,8.961911140717593,5,4.227164351851852,500,42,100.0,11.904761904761905,True,500,8041364.428496,9980702.822971487,0.8056911994201525,0.022874063436589875,0.1046996515620735,0.2216898148148148,25,0,0.0,True,,,0,397,0,-9271258.1063,42.11,7,REJECT,Days since last trade 8.96 > 3; Active days (30d) 5 < 8; Visible history days 4.23 < 90; Trades per active day 100 > 10; Trades per market 11.9 > 3; Median holding days 0.222 < 1; Median adverse move 1m unavailable,Activity truncated at 500 rows,https://polymarket.com/profile/0xe16d3f2a5807999b358affd9445c3a09e45e5e30
0x52911b9d1d9da4d4783fb3280c0ccd6e73f0d4b6,0x5453da42Cd33b0ED6B796d03d2395f278C779F9F-1773916108628,,OVERALL:WEEK,OVERALL,False,2026-07-28T15:25:16+00:00,0.09252456664351852,3,51.825520833333336,500,25,55.55555555555556,20.0,True,25,934626.633619,1151910.3048948443,0.8113710153016821,0.12276010996362383,0.36894097357337513,0.25352430555555555,14,0,0.0,True,,,0,21,65233.3298,-641269.0187,42.07,7,REJECT,Active days (30d) 3 < 8; Closed positions 25 < 50; Visible history days 51.8 < 90; Trades per active day 55.6 > 10; Trades per market 20 > 3; Median holding days 0.254 < 1; Median adverse move 1m unavailable,Activity truncated at 500 rows,https://polymarket.com/profile/0x52911b9d1d9da4d4783fb3280c0ccd6e73f0d4b6
0x027e587a1086809d1a00f22216bef6a808f1c97f,AndreasSchm,,CRYPTO:WEEK,CRYPTO,True,2026-07-28T14:07:01+00:00,0.1468648444212963,15,13.705868055555555,500,27,33.333333333333336,18.51851851851852,True,268,35541.602693,172811.962966322,0.20566633283325664,0.17001811010358184,0.5657124611463001,0.0021643518518518518,1,4,0.14814814814814814,True,,,0,87,149313.9652,-12658.801399999998,41.98,7,REJECT,Visible history days 13.7 < 90; Trades per active day 33.3 > 10; Trades per market 18.5 > 3; Top-5 positive PnL share 0.566 > 0.5; Median holding days 0.00216 < 1; Hedged market share 0.148 > 0.05; Median adverse move 1m unavailable,Activity truncated at 500 rows,https://polymarket.com/profile/0x027e587a1086809d1a00f22216bef6a808f1c97f
0x7c1ee865a785de4c00ee90ed86a38489fb8bbab3,CandleHammerDrums,,OVERALL:MONTH,OVERALL,False,2026-07-19T20:21:58+00:00,8.886482899976853,1,0.2953935185185185,500,5,500.0,100.0,True,117,9021111.91318,11140808.429516697,0.8097358437004689,0.03664838420863439,0.15568712109312524,0.30802083333333335,1,0,0.0,True,,,0,114,0,-6718040.4526,41.33,7,REJECT,Days since last trade 8.89 > 3; Active days (30d) 1 < 8; Visible history days 0.295 < 90; Trades per active day 500 > 10; Trades per market 100 > 3; Median holding days 0.308 < 1; Median adverse move 1m unavailable,Activity truncated at 500 rows,https://polymarket.com/profile/0x7c1ee865a785de4c00ee90ed86a38489fb8bbab3
0x90c23cb846d4c78b59096bae855161d92ea28c24,cryptothan,,FINANCE:MONTH,FINANCE,False,2026-07-28T15:59:58+00:00,0.06842734442129629,14,15.658819444444445,500,47,35.714285714285715,10.638297872340425,True,500,107076.447357,858058.5435372565,0.12478920950496984,0.164466443252863,0.3876528318381401,0.786087962962963,45,18,0.391304347826087,True,,,0,1,498.7506,156.1706,40.92,7,REJECT,Visible history days 15.7 < 90; ROI 0.125 < 0.15; Trades per active day 35.7 > 10; Trades per market 10.6 > 3; Median holding days 0.786 < 1; Hedged market share 0.391 > 0.05; Median adverse move 1m unavailable,Activity truncated at 500 rows,https://polymarket.com/profile/0x90c23cb846d4c78b59096bae855161d92ea28c24
0xab8f49a32aa63b75d8da76777bc1e4be444406d6,lazercrazer,,ECONOMICS:MONTH,ECONOMICS,False,2026-07-17T18:12:16+00:00,10.976552344421297,2,92.6088425925926,22,7,3.142857142857143,3.142857142857143,False,6,13390.63561,32484.269343026666,0.4122190795981237,0.6275898518009184,0.9960046198284983,4.067627314814815,6,0,0.0,False,,,0,1,13777.668,-3092.2855,40.68,7,REJECT,Days since last trade 11 > 3; Active days (30d) 2 < 8; Closed positions 6 < 50; Trades per market 3.14 > 3; Top-1 positive PnL share 0.628 > 0.2; Top-5 positive PnL share 0.996 > 0.5; Median adverse move 1m unavailable,,https://polymarket.com/profile/0xab8f49a32aa63b75d8da76777bc1e4be444406d6
0xe3cb28f7c62ac636f407014005499d2687b5ac21,odsowner,,"CRYPTO:WEEK, ECONOMICS:WEEK",CRYPTO,True,2026-07-28T15:56:20+00:00,0.07095049256944444,6,5.354849537037037,500,25,83.33333333333333,20.0,True,232,265748.635544,799539.8118945425,0.33237698935128407,0.11538823559231708,0.37826573862238816,0.0032060185185185186,17,11,0.4583333333333333,True,,,0,118,117678.5284,-148734.3248,40.62,7,REJECT,Active days (30d) 6 < 8; Visible history days 5.35 < 90; Trades per active day 83.3 > 10; Trades per market 20 > 3; Median holding days 0.00321 < 1; Hedged market share 0.458 > 0.05; Median adverse move 1m unavailable,Activity truncated at 500 rows,https://polymarket.com/profile/0xe3cb28f7c62ac636f407014005499d2687b5ac21
0x942e79166821f3f4e67872e44f1672fcccd2be27,smallreceipt,,"FINANCE:MONTH, FINANCE:WEEK, TECH:MONTH, TECH:WEEK",FINANCE,False,2026-07-28T16:42:49+00:00,0.03867039997685185,2,1.1679166666666667,500,231,250.0,2.1645021645021645,True,500,3087.573988,21580.911947239314,0.14306967173344917,0.22946382884971692,0.4303147117420552,0.006516203703703704,177,0,0.0,True,,,0,500,13.9433,-58083.5378,40.41,7,REJECT,Active days (30d) 2 < 8; Visible history days 1.17 < 90; ROI 0.143 < 0.15; Trades per active day 250 > 10; Top-1 positive PnL share 0.229 > 0.2; Median holding days 0.00652 < 1; Median adverse move 1m unavailable,Activity truncated at 500 rows,https://polymarket.com/profile/0x942e79166821f3f4e67872e44f1672fcccd2be27
0xe549581668a5751c1972d3ad2d1991d900bd2d54,Allezpapa,,OVERALL:MONTH,OVERALL,False,2026-07-19T18:40:30+00:00,8.956945862939815,7,8.059560185185186,500,11,71.42857142857143,45.45454545454545,True,83,11733541.935032,11055173.015653774,1.0613621259855162,0.189130521254878,0.34654681581494357,0.23967013888888888,6,0,0.0,True,,,0,74,0,-7462434.0831,40.18,7,REJECT,Days since last trade 8.96 > 3; Active days (30d) 7 < 8; Visible history days 8.06 < 90; Trades per active day 71.4 > 10; Trades per market 45.5 > 3; Median holding days 0.24 < 1; Median adverse move 1m unavailable,Activity truncated at 500 rows,https://polymarket.com/profile/0xe549581668a5751c1972d3ad2d1991d900bd2d54
0xc6a63ad5a788a576d4acc9911c50fef9fde49458,filthybetz,,OVERALL:MONTH,OVERALL,False,2026-07-27T17:14:21+00:00,1.0167722518287037,4,15.678391203703704,500,5,125.0,100.0,True,43,1846891.277635,5475921.364934774,0.3372749816061318,0.16343138496344237,0.47820830790186775,0.2956712962962963,5,0,0.0,True,,,0,12,0,-422198.64029999997,39.85,7,REJECT,Active days (30d) 4 < 8; Closed positions 43 < 50; Visible history days 15.7 < 90; Trades per active day 125 > 10; Trades per market 100 > 3; Median holding days 0.296 < 1; Median adverse move 1m unavailable,Activity truncated at 500 rows,https://polymarket.com/profile/0xc6a63ad5a788a576d4acc9911c50fef9fde49458
0xbb5fbe810633ab08d106b82db84418a0e2ca2e21,highnetworth,,"OVERALL:MONTH, OVERALL:WEEK",OVERALL,False,2026-07-28T00:24:07+00:00,0.7183231777546296,8,20.390196759259258,500,10,62.5,50.0,True,16,1886431.234155,1722900.3622273381,1.09491603549044,0.1659290471261844,0.5545764456634557,0.17981481481481482,9,0,0.0,True,,,0,5,0,-412518.8631,39.79,7,REJECT,Closed positions 16 < 50; Visible history days 20.4 < 90; Trades per active day 62.5 > 10; Trades per market 50 > 3; Top-5 positive PnL share 0.555 > 0.5; Median holding days 0.18 < 1; Median adverse move 1m unavailable,Activity truncated at 500 rows,https://polymarket.com/profile/0xbb5fbe810633ab08d106b82db84418a0e2ca2e21
0x847667d84fc4d81db36689c4f4c5845c8d125418,DonationsReceiver,,POLITICS:MONTH,POLITICS,False,2026-07-28T15:19:38+00:00,0.09643660368055555,24,40.802962962962965,500,55,14.285714285714286,9.090909090909092,True,370,122440.24217799999,7903234.483664576,0.015492421796553711,0.16468266320385874,0.6535177302706905,0.14957175925925925,38,1,0.02,True,,,0,40,17786.1472,-11271.6451,39.69,7,REJECT,Visible history days 40.8 < 90; ROI 0.0155 < 0.15; Trades per active day 14.3 > 10; Trades per market 9.09 > 3; Top-5 positive PnL share 0.654 > 0.5; Median holding days 0.15 < 1; Median adverse move 1m unavailable,Activity truncated at 500 rows,https://polymarket.com/profile/0x847667d84fc4d81db36689c4f4c5845c8d125418
0x6485f47d0344c03eb4340f985159f6eb2dcba265,flatbarrel,,OVERALL:WEEK,OVERALL,False,2026-07-28T16:32:31+00:00,0.04582317775462963,5,4.007650462962963,500,107,100.0,4.672897196261682,True,500,88338.62108699999,573456.6120973419,0.15404586715621454,0.05206676025698864,0.19311154811272122,0.08721643518518518,90,64,0.5981308411214953,True,,,0,497,4177.690500000001,-75216.8822,39.15,7,REJECT,Active days (30d) 5 < 8; Visible history days 4.01 < 90; Trades per active day 100 > 10; Trades per market 4.67 > 3; Median holding days 0.0872 < 1; Hedged market share 0.598 > 0.05; Median adverse move 1m unavailable,Activity truncated at 500 rows,https://polymarket.com/profile/0x6485f47d0344c03eb4340f985159f6eb2dcba265
0x65c5b6df857821d640fd720ec78a26c236212862,Bb2de66666,,ECONOMICS:WEEK,ECONOMICS,False,2026-07-28T14:39:34+00:00,0.12426067775462962,2,109.06982638888888,383,106,13.206896551724139,3.6132075471698113,False,107,-8.164776999999974,22873.13450635001,-0.00035695925268717675,0.13607865987265721,0.417266935283717,0.3597222222222222,101,6,0.05660377358490566,True,,,0,5,413.7077,-80.0859,39.11,7,REJECT,Active days (30d) 2 < 8; ROI -0.000357 < 0.15; Trades per active day 13.2 > 10; Trades per market 3.61 > 3; Median holding days 0.36 < 1; Hedged market share 0.0566 > 0.05; Median adverse move 1m unavailable,,https://polymarket.com/profile/0x65c5b6df857821d640fd720ec78a26c236212862
0x42c99f38d2b951b0dc8e8bd5371fa80c9dd19623,TRCM,,OVERALL:WEEK,OVERALL,False,2026-07-28T16:42:59+00:00,0.038554659236111115,5,3.860960648148148,500,105,100.0,4.761904761904762,True,500,91534.865615,598728.477150871,0.15288209782601428,0.07093557057840434,0.1853065107249127,0.09045138888888889,85,53,0.5047619047619047,True,,,0,246,425.60229999999996,-64122.2962,39.04,7,REJECT,Active days (30d) 5 < 8; Visible history days 3.86 < 90; Trades per active day 100 > 10; Trades per market 4.76 > 3; Median holding days 0.0905 < 1; Hedged market share 0.505 > 0.05; Median adverse move 1m unavailable,Activity truncated at 500 rows,https://polymarket.com/profile/0x42c99f38d2b951b0dc8e8bd5371fa80c9dd19623
0xa18c5cf2bc6eec389d2d512582ae14654b99d792,gmtrader,,CRYPTO:WEEK,CRYPTO,True,2026-07-28T16:35:44+00:00,0.04358938145833333,9,8.151157407407407,500,54,55.55555555555556,9.25925925925926,True,436,181557.674503,1439723.5239273105,0.12610593039956924,0.06057460282382966,0.18280095796781573,0.5222569444444445,20,3,0.05555555555555555,True,,,0,60,238469.106,14317.8156,37.77,7,REJECT,Visible history days 8.15 < 90; ROI 0.126 < 0.15; Trades per active day 55.6 > 10; Trades per market 9.26 > 3; Median holding days 0.522 < 1; Hedged market share 0.0556 > 0.05; Median adverse move 1m unavailable,Activity truncated at 500 rows,https://polymarket.com/profile/0xa18c5cf2bc6eec389d2d512582ae14654b99d792
0xc3262aeb0bd81deab067726635f5b5bd39201db1,X-Rabbit.Sezu,,TECH:WEEK,TECH,False,2026-07-28T15:35:31+00:00,0.08540651108796296,8,6.6731597222222225,500,66,62.5,7.575757575757576,True,500,13930.843104,257551.43722225132,0.054089556844439286,0.1330643075881383,0.3049362264160071,0.4880034722222222,24,4,0.06779661016949153,True,,,0,43,17461.4119,368.88890000000004,37.17,7,REJECT,Visible history days 6.67 < 90; ROI 0.0541 < 0.15; Trades per active day 62.5 > 10; Trades per market 7.58 > 3; Median holding days 0.488 < 1; Hedged market share 0.0678 > 0.05; Median adverse move 1m unavailable,Activity truncated at 500 rows,https://polymarket.com/profile/0xc3262aeb0bd81deab067726635f5b5bd39201db1
0x55be7aa03ecfbe37aa5460db791205f7ac9ddca3,coinman2,,CRYPTO:MONTH,CRYPTO,True,2026-07-28T15:50:05+00:00,0.07529077034722222,10,9.550474537037037,500,39,50.0,12.820512820512821,True,500,554638.93816,2218694.032908389,0.24998441873165725,0.3559979042714611,0.547095264938956,2.204693287037037,34,27,0.6923076923076923,True,,,0,333,10272.1121,-178049.7823,36.93,7,REJECT,Visible history days 9.55 < 90; Trades per active day 50 > 10; Trades per market 12.8 > 3; Top-1 positive PnL share 0.356 > 0.2; Top-5 positive PnL share 0.547 > 0.5; Hedged market share 0.692 > 0.05; Median adverse move 1m unavailable,Activity truncated at 500 rows,https://polymarket.com/profile/0x55be7aa03ecfbe37aa5460db791205f7ac9ddca3
0x162f6fff88a52864f2ecc9833e58089d5254798d,Valen9,,POLITICS:WEEK,POLITICS,False,2026-07-28T16:20:35+00:00,0.054110214791666666,9,8.169189814814814,500,41,55.55555555555556,12.195121951219512,True,500,449427.999373,6705545.246036151,0.06702333410376589,0.23181260906175158,0.5490520320047887,3.754722222222222,1,0,0.0,True,,,0,90,701813.0111,-112652.1999,36.79,7,REJECT,Visible history days 8.17 < 90; ROI 0.067 < 0.15; Trades per active day 55.6 > 10; Trades per market 12.2 > 3; Top-1 positive PnL share 0.232 > 0.2; Top-5 positive PnL share 0.549 > 0.5; Median adverse move 1m unavailable,Activity truncated at 500 rows,https://polymarket.com/profile/0x162f6fff88a52864f2ecc9833e58089d5254798d
0x84d13ae298545bfcd8160b87d6659aa87a9a2c48,0x84d13ae298545BfcD8160b87D6659aa87A9a2c48-1767272446992,,ECONOMICS:WEEK,ECONOMICS,False,2026-07-28T11:51:10+00:00,0.24120512219907406,3,97.11335648148147,59,32,3.6875,1.84375,False,20,3748.429023999998,161590.06766130362,0.023197149913055232,0.3112791669991461,0.9188576593555211,0.9480266203703704,20,0,0.0,False,,,0,12,31540.4443,-25483.4068,36.49,7,REJECT,Active days (30d) 3 < 8; Closed positions 20 < 50; ROI 0.0232 < 0.15; Top-1 positive PnL share 0.311 > 0.2; Top-5 positive PnL share 0.919 > 0.5; Median holding days 0.948 < 1; Median adverse move 1m unavailable,,https://polymarket.com/profile/0x84d13ae298545bfcd8160b87d6659aa87a9a2c48
0x26efdfbf3f20b86e5cf631136fb5ae598e0fa308,soapbubbles,,ECONOMICS:WEEK,ECONOMICS,False,2026-07-20T13:10:48+00:00,8.185904196273148,2,412.8517939814815,61,22,3.210526315789474,2.772727272727273,False,16,2463.066683,61741.708481169815,0.039893076229842166,0.4397850508282492,0.8875384298247707,18.103993055555556,15,1,0.045454545454545456,False,,,0,7,12990.4889,3793.8755,36.31,7,REJECT,Days since last trade 8.19 > 3; Active days (30d) 2 < 8; Closed positions 16 < 50; ROI 0.0399 < 0.15; Top-1 positive PnL share 0.44 > 0.2; Top-5 positive PnL share 0.888 > 0.5; Median adverse move 1m unavailable,,https://polymarket.com/profile/0x26efdfbf3f20b86e5cf631136fb5ae598e0fa308
0x8fe730b55cf3468c01a884cfcde79c2dfb4d6c1f,Hugin-og-Munin,,TECH:WEEK,TECH,False,2026-07-28T16:43:01+00:00,0.03853151108796296,2,1.0763541666666667,500,241,250.0,2.074688796680498,True,500,593.789609,12605.04349762745,0.04710730344657394,0.0922113261082717,0.3446870203754262,0.040914351851851855,142,18,0.0759493670886076,True,,,0,500,6699.4627,-885.4102,35.75,7,REJECT,Active days (30d) 2 < 8; Visible history days 1.08 < 90; ROI 0.0471 < 0.15; Trades per active day 250 > 10; Median holding days 0.0409 < 1; Hedged market share 0.0759 > 0.05; Median adverse move 1m unavailable,Activity truncated at 500 rows,https://polymarket.com/profile/0x8fe730b55cf3468c01a884cfcde79c2dfb4d6c1f
0x0c0e270cf879583d6a0142fc817e05b768d0434e,The Spirit of Ukraine>UMA,,"ECONOMICS:MONTH, ECONOMICS:WEEK",ECONOMICS,False,2026-07-28T16:43:22+00:00,0.03828845553240741,2,1.685324074074074,500,14,250.0,35.714285714285715,True,500,1295506.18632,13228706.218925588,0.09793143523488261,0.10173229554063225,0.3794699282643109,,0,0,0.0,True,,,0,154,1063350.7838,-41141.381700000005,35.55,7,REJECT,Active days (30d) 2 < 8; Visible history days 1.69 < 90; ROI 0.0979 < 0.15; Trades per active day 250 > 10; Trades per market 35.7 > 3; Median holding days unavailable; Median adverse move 1m unavailable,Activity truncated at 500 rows,https://polymarket.com/profile/0x0c0e270cf879583d6a0142fc817e05b768d0434e
0xe961babbccae0be01c2f6b5f28f8d002e332ef1b,Kryptogram,,ECONOMICS:MONTH,ECONOMICS,False,2026-07-26T10:38:10+00:00,2.2918995666435187,8,32.730694444444445,500,22,45.45454545454545,22.727272727272727,True,50,47291.675655,94043.03698225223,0.502872697145296,0.3873198505348811,0.7915376475977164,0.027569444444444445,13,1,0.045454545454545456,True,,,0,11,53641.3882,-3018.8475000000003,35.25,7,REJECT,Visible history days 32.7 < 90; Trades per active day 45.5 > 10; Trades per market 22.7 > 3; Top-1 positive PnL share 0.387 > 0.2; Top-5 positive PnL share 0.792 > 0.5; Median holding days 0.0276 < 1; Median adverse move 1m unavailable,Activity truncated at 500 rows,https://polymarket.com/profile/0xe961babbccae0be01c2f6b5f28f8d002e332ef1b
0xb51b3beffd13cde071ed799e70a7b0b598e8b4d9,cambridgeisaac,,POLITICS:WEEK,POLITICS,False,2026-07-28T15:06:07+00:00,0.10582317775462961,8,6.817268518518518,500,68,62.5,7.352941176470588,True,500,43786.891618,766335.3639285236,0.05713802817807064,0.21204192085640883,0.47333896541072645,3.0334143518518517,18,8,0.14285714285714285,True,,,0,116,132549.5989,-820.0357000000004,34.92,7,REJECT,Visible history days 6.82 < 90; ROI 0.0571 < 0.15; Trades per active day 62.5 > 10; Trades per market 7.35 > 3; Top-1 positive PnL share 0.212 > 0.2; Hedged market share 0.143 > 0.05; Median adverse move 1m unavailable,Activity truncated at 500 rows,https://polymarket.com/profile/0xb51b3beffd13cde071ed799e70a7b0b598e8b4d9
0x3dfb153c197d4c19d3b31c1ecd2c7b6860eeabaf,0x3DFb153c197D4C19D3B31c1ecD2c7B6860eeabAf-1722957908185,,OVERALL:MONTH,OVERALL,False,2026-07-28T16:34:37+00:00,0.0443648444212963,2,0.7509027777777778,500,29,250.0,17.24137931034483,True,500,1825060.8388530002,25411913.564000703,0.07181910304615696,0.04224424569167251,0.13563945892293938,0.12555555555555556,8,0,0.0,True,,,0,66,58156.2721,-2398432.3459,34.83,7,REJECT,Active days (30d) 2 < 8; Visible history days 0.751 < 90; ROI 0.0718 < 0.15; Trades per active day 250 > 10; Trades per market 17.2 > 3; Median holding days 0.126 < 1; Median adverse move 1m unavailable,Activity truncated at 500 rows,https://polymarket.com/profile/0x3dfb153c197d4c19d3b31c1ecd2c7b6860eeabaf
0x252d7bae5ec87553dcafb23e275c202ac0d3c456,getbipped,,CRYPTO:MONTH,CRYPTO,True,2026-07-28T08:06:01+00:00,0.39755928886574077,10,8.73986111111111,500,44,50.0,11.363636363636363,True,500,220180.510789,1572707.5488221436,0.14000092449095256,0.09179725809624566,0.3084029576810857,0.5863715277777778,32,22,0.5,True,,,0,176,88716.6477,-102678.7722,34.71,7,REJECT,Visible history days 8.74 < 90; ROI 0.14 < 0.15; Trades per active day 50 > 10; Trades per market 11.4 > 3; Median holding days 0.586 < 1; Hedged market share 0.5 > 0.05; Median adverse move 1m unavailable,Activity truncated at 500 rows,https://polymarket.com/profile/0x252d7bae5ec87553dcafb23e275c202ac0d3c456
0xeb6f0a13ea8c5a7a0514c25495adbe815c1025f0,87879809837209837982,,"ECONOMICS:MONTH, ECONOMICS:WEEK",ECONOMICS,False,2026-07-28T16:28:14+00:00,0.04879771479166667,7,6.358483796296296,500,19,71.42857142857143,26.31578947368421,True,500,28653.195832999998,2012122.8985709304,0.014240281174350906,0.06058607514384404,0.252713156693541,2.909641203703704,6,1,0.07142857142857142,True,,,0,22,204849.12480000002,25382.6682,34.52,7,REJECT,Active days (30d) 7 < 8; Visible history days 6.36 < 90; ROI 0.0142 < 0.15; Trades per active day 71.4 > 10; Trades per market 26.3 > 3; Hedged market share 0.0714 > 0.05; Median adverse move 1m unavailable,Activity truncated at 500 rows,https://polymarket.com/profile/0xeb6f0a13ea8c5a7a0514c25495adbe815c1025f0
0xa71093cafc0c099b4ccab24c3cb8018d817923c4,Talvez10,,"OVERALL:MONTH, OVERALL:WEEK",OVERALL,False,2026-07-28T16:14:16+00:00,0.058496788865740744,3,2.0765972222222224,500,11,166.66666666666666,45.45454545454545,True,500,636490.600551,11568342.722953353,0.0550200331883413,0.050275431694206923,0.14320962559639858,0.24697916666666667,9,0,0.0,True,,,0,4,100639.6727,16546.6279,33.79,7,REJECT,Active days (30d) 3 < 8; Visible history days 2.08 < 90; ROI 0.055 < 0.15; Trades per active day 167 > 10; Trades per market 45.5 > 3; Median holding days 0.247 < 1; Median adverse move 1m unavailable,Activity truncated at 500 rows,https://polymarket.com/profile/0xa71093cafc0c099b4ccab24c3cb8018d817923c4
0x00207d0a01ca0e7150d3a7dc2e926a96a8894ee3,tbn888,,ECONOMICS:WEEK,ECONOMICS,False,2026-07-24T07:22:06+00:00,4.428056974050926,14,56.60188657407407,499,50,13.86111111111111,9.98,False,50,845.8744689999994,163040.07227992694,0.005188138456831028,0.12449264985921736,0.45320751769100037,4.015873842592592,46,4,0.08,True,,,0,4,20307.7162,842.6693999999998,33.52,7,REJECT,Days since last trade 4.43 > 3; Visible history days 56.6 < 90; ROI 0.00519 < 0.15; Trades per active day 13.9 > 10; Trades per market 9.98 > 3; Hedged market share 0.08 > 0.05; Median adverse move 1m unavailable,,https://polymarket.com/profile/0x00207d0a01ca0e7150d3a7dc2e926a96a8894ee3
0xfa8fc6a3e706bc4aa7556d060564c154322ad61b,singaporesling,,CRYPTO:WEEK,CRYPTO,True,2026-07-24T03:18:28+00:00,4.59724678886574,3,105.99596064814814,500,88,8.771929824561404,5.681818181818182,True,500,-7696.381250000001,531627.135615795,-0.014477028605932838,0.15236096778658598,0.544705015270378,11.958194444444445,31,0,0.0,True,,,0,90,227414.0819,-33076.485,33.05,7,REJECT,Days since last trade 4.6 > 3; Active days (30d) 3 < 8; ROI -0.0145 < 0.15; Trades per market 5.68 > 3; Top-5 positive PnL share 0.545 > 0.5; Median adverse move 1m unavailable; HFT/activity truncation flag,Activity truncated at 500 rows,https://polymarket.com/profile/0xfa8fc6a3e706bc4aa7556d060564c154322ad61b
0x011f2d377e56119fb09196dffb0948ae55711122,11122,,POLITICS:WEEK,POLITICS,False,2026-07-28T16:38:02+00:00,0.04199215923611111,2,1.6623148148148148,500,22,250.0,22.727272727272727,True,500,116155.701217,1592615.1615640386,0.07293394162022701,0.20238580371343645,0.4357313456326835,1.4562268518518517,1,0,0.0,True,,,0,225,492937.6543,64043.35710000001,32.76,7,REJECT,Active days (30d) 2 < 8; Visible history days 1.66 < 90; ROI 0.0729 < 0.15; Trades per active day 250 > 10; Trades per market 22.7 > 3; Top-1 positive PnL share 0.202 > 0.2; Median adverse move 1m unavailable,Activity truncated at 500 rows,https://polymarket.com/profile/0x011f2d377e56119fb09196dffb0948ae55711122
0xe291a588ece487f3323736c55c6144f6a99e748e,patient12,,OVERALL:WEEK,OVERALL,False,2026-07-28T11:19:23+00:00,0.26327688145833333,5,3.827476851851852,500,12,100.0,41.666666666666664,True,185,138552.728685,2297921.792692099,0.06029479729276619,0.136770734832986,0.44553348270989496,0.1643923611111111,10,0,0.0,True,,,0,3,156270.185,22538.6773,32.55,7,REJECT,Active days (30d) 5 < 8; Visible history days 3.83 < 90; ROI 0.0603 < 0.15; Trades per active day 100 > 10; Trades per market 41.7 > 3; Median holding days 0.164 < 1; Median adverse move 1m unavailable,Activity truncated at 500 rows,https://polymarket.com/profile/0xe291a588ece487f3323736c55c6144f6a99e748e
0xfb5148fc7223630e0967dbfa8cd920d83ab4742d,StudentMoney,StudentM0ney,POLITICS:WEEK,POLITICS,False,2026-07-28T16:37:26+00:00,0.04240882590277778,8,7.073622685185185,500,45,62.5,11.11111111111111,True,500,-197939.85010399998,2976572.4062906713,-0.06649925588427649,0.04585882141134201,0.18973454258350148,0.12587962962962962,16,3,0.07142857142857142,True,,,0,56,321816.8944,18982.230499999998,32.49,7,REJECT,Visible history days 7.07 < 90; ROI -0.0665 < 0.15; Trades per active day 62.5 > 10; Trades per market 11.1 > 3; Median holding days 0.126 < 1; Hedged market share 0.0714 > 0.05; Median adverse move 1m unavailable,Activity truncated at 500 rows,https://polymarket.com/profile/0xfb5148fc7223630e0967dbfa8cd920d83ab4742d
0x71a70f24538d885d1b45f9cea158a2cdf2e56fcf,easyclap,,CRYPTO:WEEK,CRYPTO,True,2026-07-28T16:42:04+00:00,0.03919123331018518,7,6.423402777777778,500,40,71.42857142857143,12.5,True,500,186731.01355,1652235.9789123533,0.11301715731485447,0.0910123958482167,0.25195264563625597,1.3757523148148147,25,22,0.55,True,,,0,161,13934.501,-133766.7753,31.21,7,REJECT,Active days (30d) 7 < 8; Visible history days 6.42 < 90; ROI 0.113 < 0.15; Trades per active day 71.4 > 10; Trades per market 12.5 > 3; Hedged market share 0.55 > 0.05; Median adverse move 1m unavailable,Activity truncated at 500 rows,https://polymarket.com/profile/0x71a70f24538d885d1b45f9cea158a2cdf2e56fcf
0xadec0c1c1991e9dd0bdcf9401479614b65b43c7b,DoubleDip,,ECONOMICS:MONTH,ECONOMICS,False,2026-07-25T09:59:51+00:00,3.3185083629398147,9,13.103738425925926,500,17,55.55555555555556,29.41176470588235,True,429,5958.063477,384584.43995580456,0.015492211483347285,0.10323909854125678,0.3442554916581704,1.2861226851851852,4,1,0.09090909090909091,True,,,0,91,29650.6669,2387.152699999999,31.1,7,REJECT,Days since last trade 3.32 > 3; Visible history days 13.1 < 90; ROI 0.0155 < 0.15; Trades per active day 55.6 > 10; Trades per market 29.4 > 3; Hedged market share 0.0909 > 0.05; Median adverse move 1m unavailable,Activity truncated at 500 rows,https://polymarket.com/profile/0xadec0c1c1991e9dd0bdcf9401479614b65b43c7b
0x993c072519306017fe9a6b3ee6fa4a02b3056787,Jep-G,,FINANCE:MONTH,FINANCE,False,2026-07-28T16:38:47+00:00,0.04147132590277778,3,2.0583796296296297,500,45,166.66666666666666,11.11111111111111,True,500,48123.787487,1224614.193414723,0.03929710087126402,0.13655938184246585,0.3382983465351391,1.036689814814815,5,3,0.08823529411764706,True,,,0,103,72687.1281,-12450.6233,30.86,7,REJECT,Active days (30d) 3 < 8; Visible history days 2.06 < 90; ROI 0.0393 < 0.15; Trades per active day 167 > 10; Trades per market 11.1 > 3; Hedged market share 0.0882 > 0.05; Median adverse move 1m unavailable,Activity truncated at 500 rows,https://polymarket.com/profile/0x993c072519306017fe9a6b3ee6fa4a02b3056787
0xb89f5425341719d298dc2f5b9a92374f5fde1c44,iutwpfal,OxyPredicts,TECH:MONTH,TECH,False,2026-07-28T13:51:23+00:00,0.15772132590277776,4,2.9392824074074073,500,50,125.0,10.0,True,500,38666.174036,521960.84009926463,0.07407868764378302,0.04224820117673419,0.1771943828881192,1.1770023148148148,25,23,0.5348837209302325,True,,,0,109,15797.2656,-2705.2181,30.62,7,REJECT,Active days (30d) 4 < 8; Visible history days 2.94 < 90; ROI 0.0741 < 0.15; Trades per active day 125 > 10; Trades per market 10 > 3; Hedged market share 0.535 > 0.05; Median adverse move 1m unavailable,Activity truncated at 500 rows,https://polymarket.com/profile/0xb89f5425341719d298dc2f5b9a92374f5fde1c44
0x25db6ca5935ae858a5c1f2dcd5c62939805328de,0x25db6cA5935ae858A5c1F2dCD5c62939805328dE-1770665598557,,FINANCE:MONTH,FINANCE,False,2026-07-28T16:33:02+00:00,0.045464381458333335,4,2.960775462962963,500,21,125.0,23.80952380952381,True,307,32089.046673,1473463.8820753703,0.021777966235455096,0.14406593012747385,0.38993181184767967,0.9591203703703703,1,0,0.0,True,,,0,68,42529.5166,-55696.6745,30.39,7,REJECT,Active days (30d) 4 < 8; Visible history days 2.96 < 90; ROI 0.0218 < 0.15; Trades per active day 125 > 10; Trades per market 23.8 > 3; Median holding days 0.959 < 1; Median adverse move 1m unavailable,Activity truncated at 500 rows,https://polymarket.com/profile/0x25db6ca5935ae858a5c1f2dcd5c62939805328de
0x011175c87089797b1c5bebcfb6d501b4c51d60f7,hhhhhhhhhhhhhhhhhhhhhhhhhhhhhhhhh,,ECONOMICS:WEEK,ECONOMICS,False,2026-07-28T10:09:59+00:00,0.31147132590277776,11,193.39049768518518,500,17,16.666666666666668,29.41176470588235,True,12,-6569.713441,50212.30035145161,-0.13083872666690272,0.5057550078836013,0.9229990856308737,5.113738425925926,5,0,0.0,True,,,0,11,81025.0272,-716.7787999999998,29.03,7,REJECT,Closed positions 12 < 50; ROI -0.131 < 0.15; Trades per active day 16.7 > 10; Trades per market 29.4 > 3; Top-1 positive PnL share 0.506 > 0.2; Top-5 positive PnL share 0.923 > 0.5; Median adverse move 1m unavailable,Activity truncated at 500 rows,https://polymarket.com/profile/0x011175c87089797b1c5bebcfb6d501b4c51d60f7
0xa52b785a5510117ac3ae03d75d029f89a36c9480,Hashbrown,,ECONOMICS:WEEK,ECONOMICS,False,2026-07-20T05:46:45+00:00,8.494272251828704,12,18.493252314814814,500,38,41.666666666666664,13.157894736842104,True,500,82343.202794,7667020.108820507,0.01073992263294946,0.08554991774112923,0.35426609274286863,0.028113425925925927,30,0,0.0,True,,,0,6,195569.95380000002,-20544.2597,28.89,7,REJECT,Days since last trade 8.49 > 3; Visible history days 18.5 < 90; ROI 0.0107 < 0.15; Trades per active day 41.7 > 10; Trades per market 13.2 > 3; Median holding days 0.0281 < 1; Median adverse move 1m unavailable,Activity truncated at 500 rows,https://polymarket.com/profile/0xa52b785a5510117ac3ae03d75d029f89a36c9480
0xc97b0b2a2547bb3ed57167092ef8a6e816c347e5,0xC97b0b2A2547bB3eD57167092EF8a6e816C347E5-1770003388001,,FINANCE:WEEK,FINANCE,False,2026-07-28T16:40:43+00:00,0.04012873331018518,3,2.0900810185185184,500,36,166.66666666666666,13.88888888888889,True,486,69346.06500799999,6639983.057353045,0.010443711137366068,0.14697798384724317,0.412275846292659,0.23402777777777778,1,0,0.0,True,,,0,86,1477136.7323,32966.5836,28.82,7,REJECT,Active days (30d) 3 < 8; Visible history days 2.09 < 90; ROI 0.0104 < 0.15; Trades per active day 167 > 10; Trades per market 13.9 > 3; Median holding days 0.234 < 1; Median adverse move 1m unavailable,Activity truncated at 500 rows,https://polymarket.com/profile/0xc97b0b2a2547bb3ed57167092ef8a6e816c347e5
0x5fe14b52584c83c18496914db0b30a28d4510981,Bitara,,CRYPTO:MONTH,CRYPTO,True,2026-07-27T06:36:13+00:00,1.459920399976852,6,52.27355324074074,500,45,38.46153846153846,11.11111111111111,True,500,14927.987850000001,1232956.7958161416,0.012107470351480232,0.026238347159293938,0.10246817769119042,0.008067129629629629,39,0,0.0,True,,,0,6,0,-16277.2161,27.66,7,REJECT,Active days (30d) 6 < 8; Visible history days 52.3 < 90; ROI 0.0121 < 0.15; Trades per active day 38.5 > 10; Trades per market 11.1 > 3; Median holding days 0.00807 < 1; Median adverse move 1m unavailable,Activity truncated at 500 rows,https://polymarket.com/profile/0x5fe14b52584c83c18496914db0b30a28d4510981
0xe639e41094bbeae18f3e6d1790c17299183f082a,0xe639e41094bbeae18g3e6d1790c17299183f082a,snickerfrintz,TECH:WEEK,TECH,False,2026-07-28T11:59:37+00:00,0.2353370666435185,4,4.456736111111111,500,5,125.0,100.0,True,288,566671.2925,45166543.070396684,0.012546262210432726,0.13628843992305875,0.4609110757137068,4.152181712962963,2,1,0.3333333333333333,True,,,0,10,676608.0168,-33945.0226,26.17,7,REJECT,Active days (30d) 4 < 8; Visible history days 4.46 < 90; ROI 0.0125 < 0.15; Trades per active day 125 > 10; Trades per market 100 > 3; Hedged market share 0.333 > 0.05; Median adverse move 1m unavailable,Activity truncated at 500 rows,https://polymarket.com/profile/0xe639e41094bbeae18f3e6d1790c17299183f082a
0x4b72b21f7e9999d568d9b93f0be110257d9938d5,fountaim,,TECH:WEEK,TECH,False,2026-07-28T07:38:28+00:00,0.4166912333101852,5,61.273981481481485,40,22,3.3333333333333335,1.8181818181818181,False,16,663.708931,2283.720418109943,0.29062617548837266,0.2819336231791195,0.8996732552913543,0.600486111111111,14,2,0.09090909090909091,False,,,0,8,3068.2458,2145.5009999999997,51.19,8,REJECT,Active days (30d) 5 < 8; Closed positions 16 < 50; Visible history days 61.3 < 90; Top-1 positive PnL share 0.282 > 0.2; Top-5 positive PnL share 0.9 > 0.5; Median holding days 0.6 < 1; Hedged market share 0.0909 > 0.05; Median adverse move 1m unavailable,,https://polymarket.com/profile/0x4b72b21f7e9999d568d9b93f0be110257d9938d5
0x6a5121acdc5e4fc2980d177a0aa729315ce6006e,Bizzzhh,,FINANCE:MONTH,FINANCE,False,2026-07-28T09:34:37+00:00,0.336031511087963,14,34.87922453703704,500,38,26.31578947368421,13.157894736842104,True,154,26719.676797,50864.70919560934,0.5253087498101031,0.7210478100878165,0.8743282478928714,0.32715277777777774,30,5,0.16666666666666666,True,,,0,0,,,43.07,8,REJECT,Visible history days 34.9 < 90; Trades per active day 26.3 > 10; Trades per market 13.2 > 3; Top-1 positive PnL share 0.721 > 0.2; Top-5 positive PnL share 0.874 > 0.5; Median holding days 0.327 < 1; Hedged market share 0.167 > 0.05; Median adverse move 1m unavailable,Activity truncated at 500 rows,https://polymarket.com/profile/0x6a5121acdc5e4fc2980d177a0aa729315ce6006e
0xeff1456f6c42df06f450b6fc146beb4a800e6930,karambitclaw,,FINANCE:WEEK,FINANCE,False,2026-07-28T14:31:53+00:00,0.12959632590277778,3,1.8114814814814815,20,9,6.666666666666667,2.2222222222222223,False,6,219.286131,346.504545659294,0.6328521046751765,0.5732804314250484,1.0,0.00375,5,1,0.1111111111111111,False,,,0,4,1949.0272,779.0373000000001,41.91,8,REJECT,Active days (30d) 3 < 8; Closed positions 6 < 50; Visible history days 1.81 < 90; Top-1 positive PnL share 0.573 > 0.2; Top-5 positive PnL share 1 > 0.5; Median holding days 0.00375 < 1; Hedged market share 0.111 > 0.05; Median adverse move 1m unavailable,,https://polymarket.com/profile/0xeff1456f6c42df06f450b6fc146beb4a800e6930
0x88a132c7b2d1901d783ce3307adb36c78428618d,BYD77,,ECONOMICS:MONTH,ECONOMICS,False,2026-07-24T18:21:15+00:00,3.97031391849537,5,163.10611111111112,434,23,19.727272727272727,18.869565217391305,False,20,26468.783229999997,46286.43227925641,0.5718475571914443,0.39812123492685736,0.9830379919216586,27.18820601851852,20,0,0.0,True,,,0,3,1056.0529000000001,76.0527,41.79,8,REJECT,Days since last trade 3.97 > 3; Active days (30d) 5 < 8; Closed positions 20 < 50; Trades per active day 19.7 > 10; Trades per market 18.9 > 3; Top-1 positive PnL share 0.398 > 0.2; Top-5 positive PnL share 0.983 > 0.5; Median adverse move 1m unavailable,,https://polymarket.com/profile/0x88a132c7b2d1901d783ce3307adb36c78428618d
0x38d812aff0b79f3bf5da2a477f780bcc163eea7c,thanksforplayin,,FINANCE:MONTH,FINANCE,False,2026-07-28T16:38:56+00:00,0.04136715923611111,2,0.8644907407407407,500,149,250.0,3.3557046979865772,True,500,18396.498801,135726.11220022573,0.13554133764519194,0.06326106037869983,0.26052697625882604,0.056608796296296296,36,6,0.05825242718446602,True,,,0,128,21508.9175,1738.404,41.76,8,REJECT,Active days (30d) 2 < 8; Visible history days 0.864 < 90; ROI 0.136 < 0.15; Trades per active day 250 > 10; Trades per market 3.36 > 3; Median holding days 0.0566 < 1; Hedged market share 0.0583 > 0.05; Median adverse move 1m unavailable,Activity truncated at 500 rows,https://polymarket.com/profile/0x38d812aff0b79f3bf5da2a477f780bcc163eea7c
0x124a73f09f38910fe1f7638f22a0f223c3723741,beary65,,TECH:MONTH,TECH,False,2026-07-28T14:27:43+00:00,0.1324898444212963,13,13.041770833333333,500,43,38.46153846153846,11.627906976744185,True,124,19973.463169,100201.65336596366,0.19933267065016866,0.29902901822463795,0.5518256622534138,0.02123263888888889,18,9,0.2647058823529412,True,,,0,80,3194.2012,-18142.0861,41.05,8,REJECT,Visible history days 13 < 90; Trades per active day 38.5 > 10; Trades per market 11.6 > 3; Top-1 positive PnL share 0.299 > 0.2; Top-5 positive PnL share 0.552 > 0.5; Median holding days 0.0212 < 1; Hedged market share 0.265 > 0.05; Median adverse move 1m unavailable,Activity truncated at 500 rows,https://polymarket.com/profile/0x124a73f09f38910fe1f7638f22a0f223c3723741
0x06b2934b382d4429d50d7239ee375a76167f9f35,0x06b2934b382D4429D50d7239eE375a76167f9f35-1723887278819,,"FINANCE:MONTH, FINANCE:WEEK",FINANCE,False,2026-07-28T15:18:26+00:00,0.09726993701388888,4,5.891099537037037,500,13,125.0,38.46153846153846,True,500,160341.060098,413055.05851207545,0.3881832622401173,0.16939769223152587,0.5821584623256533,0.4674363425925926,8,6,0.46153846153846156,True,,,0,221,826.2985,-166294.9317,40.94,8,REJECT,Active days (30d) 4 < 8; Visible history days 5.89 < 90; Trades per active day 125 > 10; Trades per market 38.5 > 3; Top-5 positive PnL share 0.582 > 0.5; Median holding days 0.467 < 1; Hedged market share 0.462 > 0.05; Median adverse move 1m unavailable,Activity truncated at 500 rows,https://polymarket.com/profile/0x06b2934b382d4429d50d7239ee375a76167f9f35
0xe917ff331e805261dbc903d39965a6b64ccd9612,SteveTheFish,,"FINANCE:MONTH, FINANCE:WEEK",FINANCE,False,2026-07-28T12:01:29+00:00,0.2340407703472222,7,6.284212962962963,500,20,71.42857142857143,25.0,True,61,23513.393575,70610.96809421292,0.3329991672628985,0.24573728897396135,0.8098103543937896,0.6641550925925926,9,0,0.0,True,,,0,8,6308.5231,-57.45900000000001,40.57,8,REJECT,Active days (30d) 7 < 8; Visible history days 6.28 < 90; Trades per active day 71.4 > 10; Trades per market 25 > 3; Top-1 positive PnL share 0.246 > 0.2; Top-5 positive PnL share 0.81 > 0.5; Median holding days 0.664 < 1; Median adverse move 1m unavailable,Activity truncated at 500 rows,https://polymarket.com/profile/0xe917ff331e805261dbc903d39965a6b64ccd9612
0x0224bb9eb0a5c9fd261ac9123a72cbdd5748292a,zb8,zb8zb9,ECONOMICS:WEEK,ECONOMICS,False,2026-07-28T01:03:15+00:00,0.6911472518287037,15,15.625219907407407,500,35,33.333333333333336,14.285714285714286,True,500,478281.138952,7816521.965837054,0.061188485242206055,0.2157652670357937,0.43135592920330823,0.2531539351851852,16,2,0.06060606060606061,True,,,0,41,183088.7127,-157008.3077,39.31,8,REJECT,Visible history days 15.6 < 90; ROI 0.0612 < 0.15; Trades per active day 33.3 > 10; Trades per market 14.3 > 3; Top-1 positive PnL share 0.216 > 0.2; Median holding days 0.253 < 1; Hedged market share 0.0606 > 0.05; Median adverse move 1m unavailable,Activity truncated at 500 rows,https://polymarket.com/profile/0x0224bb9eb0a5c9fd261ac9123a72cbdd5748292a
0x2458489f779c836fc773135d81b08ead95ccf8e7,neuroplasticompany,,ECONOMICS:WEEK,ECONOMICS,False,2026-07-23T07:52:25+00:00,5.407003733310185,7,114.16231481481482,500,37,12.5,13.513513513513514,True,38,5920.722322,10946.799294795775,0.5408633302352381,0.7811498444532073,0.970785806036553,42.024409722222224,23,0,0.0,True,,,0,7,22396.3683,7146.649899999999,39.17,8,REJECT,Days since last trade 5.41 > 3; Active days (30d) 7 < 8; Closed positions 38 < 50; Trades per active day 12.5 > 10; Trades per market 13.5 > 3; Top-1 positive PnL share 0.781 > 0.2; Top-5 positive PnL share 0.971 > 0.5; Median adverse move 1m unavailable,Activity truncated at 500 rows,https://polymarket.com/profile/0x2458489f779c836fc773135d81b08ead95ccf8e7
0xf7429705e25b619338412967f0a70260b6e1e039,unbribeableref,,OVERALL:WEEK,OVERALL,False,2026-07-28T12:09:25+00:00,0.22853151108796296,9,9.251215277777778,500,23,55.55555555555556,21.73913043478261,True,319,379097.64797899994,2753890.992835271,0.1376589156815897,0.3214978736790957,0.518810412304055,0.6489930555555555,7,0,0.0,True,,,0,27,27314.034,4036.0685,38.11,8,REJECT,Visible history days 9.25 < 90; ROI 0.138 < 0.15; Trades per active day 55.6 > 10; Trades per market 21.7 > 3; Top-1 positive PnL share 0.321 > 0.2; Top-5 positive PnL share 0.519 > 0.5; Median holding days 0.649 < 1; Median adverse move 1m unavailable,Activity truncated at 500 rows,https://polymarket.com/profile/0xf7429705e25b619338412967f0a70260b6e1e039
0xacdfeeebdf8041fcccace40b8f991c0322f5251c,obeymesubjects,,TECH:MONTH,TECH,False,2026-07-22T15:59:25+00:00,6.068809288865741,7,23.159583333333334,63,9,9.0,7.0,False,9,5785.781392,26404.28686269725,0.21912280464479741,0.3488340043754239,0.9597535589685061,3.6824189814814816,9,0,0.0,False,,,0,0,,,38.08,8,REJECT,Days since last trade 6.07 > 3; Active days (30d) 7 < 8; Closed positions 9 < 50; Visible history days 23.2 < 90; Trades per market 7 > 3; Top-1 positive PnL share 0.349 > 0.2; Top-5 positive PnL share 0.96 > 0.5; Median adverse move 1m unavailable,,https://polymarket.com/profile/0xacdfeeebdf8041fcccace40b8f991c0322f5251c
0x5b4ec9c06b284ee52c41a761974d836992880232,ramadamaramadam,,OVERALL:MONTH,OVERALL,False,2026-07-25T18:54:42+00:00,2.9470847518287036,2,6.309641203703704,500,2,250.0,250.0,True,45,5191017.919978,7515831.012516104,0.6906778387291311,0.20519147988977335,0.4814852209532395,0.45871527777777776,1,0,0.0,True,,,0,31,0,-3324808.9749,37.6,8,REJECT,Active days (30d) 2 < 8; Closed positions 45 < 50; Visible history days 6.31 < 90; Trades per active day 250 > 10; Trades per market 250 > 3; Top-1 positive PnL share 0.205 > 0.2; Median holding days 0.459 < 1; Median adverse move 1m unavailable,Activity truncated at 500 rows,https://polymarket.com/profile/0x5b4ec9c06b284ee52c41a761974d836992880232
0x08458f7e9d2858027de579e4c3ca305475496b6f,GollumGekko,GollumGekko1,"ECONOMICS:WEEK, POLITICS:WEEK",ECONOMICS,False,2026-07-28T16:43:13+00:00,0.03839262219907407,7,6.353831018518519,500,91,71.42857142857143,5.4945054945054945,True,500,168013.124694,3131034.11546755,0.053660585767495224,0.1302956186283672,0.37474407484729844,0.5389814814814815,23,4,0.05263157894736842,True,,,0,500,247739.5279,-54230.1267,36.96,8,REJECT,Active days (30d) 7 < 8; Visible history days 6.35 < 90; ROI 0.0537 < 0.15; Trades per active day 71.4 > 10; Trades per market 5.49 > 3; Median holding days 0.539 < 1; Hedged market share 0.0526 > 0.05; Median adverse move 1m unavailable,Activity truncated at 500 rows,https://polymarket.com/profile/0x08458f7e9d2858027de579e4c3ca305475496b6f
0xe221be3b45dfe5ed562ee9dc16f47205728e06f6,Jokerxing7,,OVERALL:MONTH,OVERALL,False,2026-07-19T21:36:09+00:00,8.834966696273149,7,9.996724537037037,500,20,71.42857142857143,25.0,True,41,3108422.503906,2835840.907763353,1.0961202003245076,0.10681769110838031,0.39799229050681273,0.12789351851851852,12,0,0.0,True,,,0,42,0,-2533487.685,36.2,8,REJECT,Days since last trade 8.83 > 3; Active days (30d) 7 < 8; Closed positions 41 < 50; Visible history days 10 < 90; Trades per active day 71.4 > 10; Trades per market 25 > 3; Median holding days 0.128 < 1; Median adverse move 1m unavailable,Activity truncated at 500 rows,https://polymarket.com/profile/0xe221be3b45dfe5ed562ee9dc16f47205728e06f6
0xbe89905ca9a689f5129621b62fcf715b5a45b88c,simpleman,,ECONOMICS:MONTH,ECONOMICS,False,2026-07-27T18:59:55+00:00,0.9434620666435185,17,17.46755787037037,500,39,29.41176470588235,12.820512820512821,True,500,53082.706423999996,2064812.9716623775,0.02570823951249357,0.21952812988703405,0.5794025577381334,,0,0,0.0,True,,,0,75,165777.4168,5463.7762,35.86,8,REJECT,Visible history days 17.5 < 90; ROI 0.0257 < 0.15; Trades per active day 29.4 > 10; Trades per market 12.8 > 3; Top-1 positive PnL share 0.22 > 0.2; Top-5 positive PnL share 0.579 > 0.5; Median holding days unavailable; Median adverse move 1m unavailable,Activity truncated at 500 rows,https://polymarket.com/profile/0xbe89905ca9a689f5129621b62fcf715b5a45b88c
0xac4a1fabdac2438d6afa2a9e8e83845310a0bf1e,HerrieDavis,,"FINANCE:WEEK, POLITICS:MONTH",FINANCE,False,2026-07-28T16:41:29+00:00,0.03959632590277778,2,1.2793981481481482,500,160,250.0,3.125,True,500,57722.702555,800618.9267384259,0.07209759927878756,0.09183804414135513,0.30605989359025176,0.007222222222222223,74,30,0.1875,True,,,0,500,154649.5787,-149993.0259,35.4,8,REJECT,Active days (30d) 2 < 8; Visible history days 1.28 < 90; ROI 0.0721 < 0.15; Trades per active day 250 > 10; Trades per market 3.12 > 3; Median holding days 0.00722 < 1; Hedged market share 0.188 > 0.05; Median adverse move 1m unavailable,Activity truncated at 500 rows,https://polymarket.com/profile/0xac4a1fabdac2438d6afa2a9e8e83845310a0bf1e
0x0cadd243b61a15fd47c49b57f0a64797ded1c7d5,0x0CaDD243b61A15fD47c49B57F0a64797dED1C7D5-1783859945170,,CRYPTO:MONTH,CRYPTO,True,2026-07-24T02:59:16+00:00,4.610580122199074,2,1.0741087962962963,500,47,250.0,10.638297872340425,True,178,75311.604398,68725.3165549712,1.0958349582538573,0.089615271128725,0.31686325384908187,0.0026562499999999998,24,14,0.2978723404255319,True,,,0,146,0,-28800.4608,35.23,8,REJECT,Days since last trade 4.61 > 3; Active days (30d) 2 < 8; Visible history days 1.07 < 90; Trades per active day 250 > 10; Trades per market 10.6 > 3; Median holding days 0.00266 < 1; Hedged market share 0.298 > 0.05; Median adverse move 1m unavailable,Activity truncated at 500 rows,https://polymarket.com/profile/0x0cadd243b61a15fd47c49b57f0a64797ded1c7d5
0x6139c42e48cf190e67a0a85d492413b499336b7a,RememberAmalek,,"ECONOMICS:MONTH, ECONOMICS:WEEK",ECONOMICS,False,2026-07-28T16:34:20+00:00,0.044561603680555555,7,5.941643518518519,500,54,71.42857142857143,9.25925925925926,True,500,542457.903978,6206601.576961677,0.08740014922039671,0.3122308514852906,0.5582196407610215,3.3875,3,0,0.0,True,,,0,500,503883.6808,-320866.1107,35.18,8,REJECT,Active days (30d) 7 < 8; Visible history days 5.94 < 90; ROI 0.0874 < 0.15; Trades per active day 71.4 > 10; Trades per market 9.26 > 3; Top-1 positive PnL share 0.312 > 0.2; Top-5 positive PnL share 0.558 > 0.5; Median adverse move 1m unavailable,Activity truncated at 500 rows,https://polymarket.com/profile/0x6139c42e48cf190e67a0a85d492413b499336b7a
0x7bc14171ccb0d3e6bac219ec6a76211826e28db4,coali10,,"ECONOMICS:WEEK, FINANCE:MONTH, POLITICS:MONTH, POLITICS:WEEK",ECONOMICS,False,2026-07-28T15:50:37+00:00,0.07492039997685185,7,6.515219907407407,500,46,71.42857142857143,10.869565217391305,True,107,870300.931955,5708288.078732746,0.15246268582650246,0.3075431976762146,0.620551828008541,1.5611284722222223,8,5,0.12195121951219512,True,,,0,166,525685.4917,-449130.3373,35.09,8,REJECT,Active days (30d) 7 < 8; Visible history days 6.52 < 90; Trades per active day 71.4 > 10; Trades per market 10.9 > 3; Top-1 positive PnL share 0.308 > 0.2; Top-5 positive PnL share 0.621 > 0.5; Hedged market share 0.122 > 0.05; Median adverse move 1m unavailable,Activity truncated at 500 rows,https://polymarket.com/profile/0x7bc14171ccb0d3e6bac219ec6a76211826e28db4
0x9ee8bbc36d378af72e5f6b8e2ea2eb67c05a89de,Qpkwks,,OVERALL:MONTH,OVERALL,False,2026-07-25T18:30:31+00:00,2.9638787333101853,3,9.975231481481481,500,3,166.66666666666666,166.66666666666666,True,34,5592350.271479,5238951.43099043,1.0674560253408878,0.17564215445148412,0.6217742269664813,0.131875,2,0,0.0,True,,,0,30,0,-3851374.3778,34.95,8,REJECT,Active days (30d) 3 < 8; Closed positions 34 < 50; Visible history days 9.98 < 90; Trades per active day 167 > 10; Trades per market 167 > 3; Top-5 positive PnL share 0.622 > 0.5; Median holding days 0.132 < 1; Median adverse move 1m unavailable,Activity truncated at 500 rows,https://polymarket.com/profile/0x9ee8bbc36d378af72e5f6b8e2ea2eb67c05a89de
0x6d20c35f65d9899b6d6b74f8466e824580f9a165,Djdjdjekekek,,OVERALL:MONTH,OVERALL,False,2026-07-28T12:15:40+00:00,0.22419123331018517,7,6.824583333333333,500,29,71.42857142857143,17.24137931034483,True,181,862923.598993,10924343.948722173,0.07899088522326658,0.12345009538681657,0.43176101294836117,0.09712962962962964,21,2,0.06896551724137931,True,,,0,12,0,-152877.305,34.82,8,REJECT,Active days (30d) 7 < 8; Visible history days 6.82 < 90; ROI 0.079 < 0.15; Trades per active day 71.4 > 10; Trades per market 17.2 > 3; Median holding days 0.0971 < 1; Hedged market share 0.069 > 0.05; Median adverse move 1m unavailable,Activity truncated at 500 rows,https://polymarket.com/profile/0x6d20c35f65d9899b6d6b74f8466e824580f9a165
0x9e88f359b9803e41420fbb13385c5ae1765c301c,YoungAlphaGoat,,FINANCE:MONTH,FINANCE,False,2026-07-28T16:32:11+00:00,0.046054659236111115,2,1.533738425925926,500,91,250.0,5.4945054945054945,True,500,7578.777323,113014.51349882926,0.06706021278478105,0.04427561142960402,0.18223535298529595,0.46875,1,11,0.16417910447761194,True,,,0,500,64781.2924,420.3493000000001,34.53,8,REJECT,Active days (30d) 2 < 8; Visible history days 1.53 < 90; ROI 0.0671 < 0.15; Trades per active day 250 > 10; Trades per market 5.49 > 3; Median holding days 0.469 < 1; Hedged market share 0.164 > 0.05; Median adverse move 1m unavailable,Activity truncated at 500 rows,https://polymarket.com/profile/0x9e88f359b9803e41420fbb13385c5ae1765c301c
0x05cb160afe78a908a9db795c86774a73dd3b0b0b,takepr0fit,,ECONOMICS:MONTH,ECONOMICS,False,2026-07-17T15:44:52+00:00,11.078913455532408,2,2.1110416666666665,4,2,2.0,2.0,False,1,348.29162,99.99911475,3.482947032788608,1.0,1.0,0.004768518518518518,1,0,0.0,False,,,0,1,15551.2689,12151.3301,34.45,8,REJECT,Days since last trade 11.1 > 3; Active days (30d) 2 < 8; Closed positions 1 < 50; Visible history days 2.11 < 90; Top-1 positive PnL share 1 > 0.2; Top-5 positive PnL share 1 > 0.5; Median holding days 0.00477 < 1; Median adverse move 1m unavailable,,https://polymarket.com/profile/0x05cb160afe78a908a9db795c86774a73dd3b0b0b
0x8ca6e59babbb4a02fd17ffd6f95973f5e8eb241e,lovelyt,,CRYPTO:WEEK,CRYPTO,True,2026-07-17T03:28:28+00:00,11.590302344421296,2,188.6119675925926,205,24,8.541666666666666,8.541666666666666,False,22,14291.711717,138430.0457914379,0.10324139990918042,0.338385536468147,0.7471748179008237,18.40488425925926,22,0,0.0,False,,,0,2,21118.7165,-804.7193,34.12,8,REJECT,Days since last trade 11.6 > 3; Active days (30d) 2 < 8; Closed positions 22 < 50; ROI 0.103 < 0.15; Trades per market 8.54 > 3; Top-1 positive PnL share 0.338 > 0.2; Top-5 positive PnL share 0.747 > 0.5; Median adverse move 1m unavailable,,https://polymarket.com/profile/0x8ca6e59babbb4a02fd17ffd6f95973f5e8eb241e
0x4478d7bd8a295691ac84f60a5ec2b47e122102a4,Warren-Buffett,,ECONOMICS:WEEK,ECONOMICS,False,2026-07-28T16:40:02+00:00,0.04060327034722222,11,10.429907407407407,500,66,45.45454545454545,7.575757575757576,True,500,89563.152529,1629343.0484182006,0.05496887387585428,0.4319696545066324,0.5807389758172791,2.796759259259259,16,3,0.06,True,,,0,62,142593.4401,4245.5427,34.11,8,REJECT,Visible history days 10.4 < 90; ROI 0.055 < 0.15; Trades per active day 45.5 > 10; Trades per market 7.58 > 3; Top-1 positive PnL share 0.432 > 0.2; Top-5 positive PnL share 0.581 > 0.5; Hedged market share 0.06 > 0.05; Median adverse move 1m unavailable,Activity truncated at 500 rows,https://polymarket.com/profile/0x4478d7bd8a295691ac84f60a5ec2b47e122102a4
0x37283720e103c56b38d62755ad604117e0164288,prediction.addiction,,FINANCE:WEEK,FINANCE,False,2026-07-28T13:41:31+00:00,0.16457317775462962,8,50.01305555555555,168,30,7.636363636363637,5.6,False,24,440.658168,13137.857422764146,0.03354109835569273,0.37865976262176,0.8791304834559792,0.4754861111111111,23,1,0.03333333333333333,False,,,0,7,6399.8536,3552.9297,33.96,8,REJECT,Closed positions 24 < 50; Visible history days 50 < 90; ROI 0.0335 < 0.15; Trades per market 5.6 > 3; Top-1 positive PnL share 0.379 > 0.2; Top-5 positive PnL share 0.879 > 0.5; Median holding days 0.475 < 1; Median adverse move 1m unavailable,,https://polymarket.com/profile/0x37283720e103c56b38d62755ad604117e0164288
0x12315d8f7652cb599f58eea84141ff8b30283e32,grutifer,,TECH:WEEK,TECH,False,2026-07-27T18:15:49+00:00,0.9740870666435185,4,51.8812962962963,109,24,6.055555555555555,4.541666666666667,False,19,131.188893,3235.306904174473,0.040549133941737876,0.3626521193155694,0.7445562168735332,2.912986111111111,19,1,0.041666666666666664,False,,,0,6,833.9872,376.7674,33.81,8,REJECT,Active days (30d) 4 < 8; Closed positions 19 < 50; Visible history days 51.9 < 90; ROI 0.0405 < 0.15; Trades per market 4.54 > 3; Top-1 positive PnL share 0.363 > 0.2; Top-5 positive PnL share 0.745 > 0.5; Median adverse move 1m unavailable,,https://polymarket.com/profile/0x12315d8f7652cb599f58eea84141ff8b30283e32
0x982a77e75498fa134607f598c861b8de9d0c6851,grasstoucher69,,FINANCE:MONTH,FINANCE,False,2026-07-28T16:30:19+00:00,0.04735095553240741,2,0.8886226851851852,500,37,250.0,13.513513513513514,True,500,11440.347907,87071.12459167292,0.1313908366367201,0.059088531482934185,0.2119103492091576,0.036863425925925924,6,18,0.4864864864864865,True,,,0,237,10683.7675,-9897.9565,33.74,8,REJECT,Active days (30d) 2 < 8; Visible history days 0.889 < 90; ROI 0.131 < 0.15; Trades per active day 250 > 10; Trades per market 13.5 > 3; Median holding days 0.0369 < 1; Hedged market share 0.486 > 0.05; Median adverse move 1m unavailable,Activity truncated at 500 rows,https://polymarket.com/profile/0x982a77e75498fa134607f598c861b8de9d0c6851
0x662d2de7b6eb00f8361fd6b1bda6c691840015d7,0xf49E055B56D2797319CaB6Bc71D5D17E3fd806D9-1768986344586,,TECH:WEEK,TECH,False,2026-07-28T15:23:01+00:00,0.09408706664351851,3,2.377407407407407,36,10,12.0,3.6,False,2,172.85461,104.979050039499,1.6465629088371672,0.997798103273034,1.0,1.2056944444444444,2,0,0.0,True,,,0,8,1912.7122,616.2106,32.54,8,REJECT,Active days (30d) 3 < 8; Closed positions 2 < 50; Visible history days 2.38 < 90; Trades per active day 12 > 10; Trades per market 3.6 > 3; Top-1 positive PnL share 0.998 > 0.2; Top-5 positive PnL share 1 > 0.5; Median adverse move 1m unavailable,,https://polymarket.com/profile/0x662d2de7b6eb00f8361fd6b1bda6c691840015d7
0x032eb1bc893940263ad0b01889f262fc232f2a9e,purplegatto,,ECONOMICS:WEEK,ECONOMICS,False,2026-07-28T16:38:35+00:00,0.04161021479166667,3,1.8540162037037038,500,94,166.66666666666666,5.319148936170213,True,500,58034.386305,697754.9568901092,0.08317301902613349,0.10603006078126688,0.4435804162769642,0.052256944444444446,29,22,0.23655913978494625,True,,,0,500,99729.9977,-3067208.9074,32.45,8,REJECT,Active days (30d) 3 < 8; Visible history days 1.85 < 90; ROI 0.0832 < 0.15; Trades per active day 167 > 10; Trades per market 5.32 > 3; Median holding days 0.0523 < 1; Hedged market share 0.237 > 0.05; Median adverse move 1m unavailable,Activity truncated at 500 rows,https://polymarket.com/profile/0x032eb1bc893940263ad0b01889f262fc232f2a9e
0x6d57da09ef86a327524853b36fbd2e39cf0cbfc5,SitsToPee,,POLITICS:MONTH,POLITICS,False,2026-07-28T16:26:50+00:00,0.04976993701388889,2,1.5444675925925926,500,144,250.0,3.4722222222222223,True,500,31281.407962999998,804589.328511925,0.038878725897166025,0.016359625249804756,0.06955169781556865,0.09288194444444445,59,32,0.23880597014925373,True,,,0,500,175422.1286,-2771.6964000000003,32.25,8,REJECT,Active days (30d) 2 < 8; Visible history days 1.54 < 90; ROI 0.0389 < 0.15; Trades per active day 250 > 10; Trades per market 3.47 > 3; Median holding days 0.0929 < 1; Hedged market share 0.239 > 0.05; Median adverse move 1m unavailable,Activity truncated at 500 rows,https://polymarket.com/profile/0x6d57da09ef86a327524853b36fbd2e39cf0cbfc5
0x17e313bb9173febb23c865a2ef8a4e8e0eaf9ba5,hymolu,,POLITICS:MONTH,POLITICS,False,2026-07-28T04:10:19+00:00,0.5612398444212964,28,47.24979166666667,455,14,12.63888888888889,32.5,False,5,60263.83903,537390.7150727094,0.11214157100173616,0.5317563603200012,1.0,10.763159722222222,5,0,0.0,True,,,0,9,248499.5047,9523.4611,32.19,8,REJECT,Closed positions 5 < 50; Visible history days 47.2 < 90; ROI 0.112 < 0.15; Trades per active day 12.6 > 10; Trades per market 32.5 > 3; Top-1 positive PnL share 0.532 > 0.2; Top-5 positive PnL share 1 > 0.5; Median adverse move 1m unavailable,,https://polymarket.com/profile/0x17e313bb9173febb23c865a2ef8a4e8e0eaf9ba5
0x7986576408b65a9805ac85553be33ad0b044baa5,0x7986576408b65a9805AC85553Be33Ad0B044BAa5-1781719173927,,OVERALL:WEEK,OVERALL,False,2026-07-28T12:26:22+00:00,0.21676067775462962,2,1.2784490740740742,500,11,250.0,45.45454545454545,True,213,97508.076471,778670.4112037364,0.12522381108621236,0.09618443842537258,0.4367689028170903,0.05824652777777778,10,7,0.6363636363636364,True,,,0,6,1381.0626,529.4204000000001,31.59,8,REJECT,Active days (30d) 2 < 8; Visible history days 1.28 < 90; ROI 0.125 < 0.15; Trades per active day 250 > 10; Trades per market 45.5 > 3; Median holding days 0.0582 < 1; Hedged market share 0.636 > 0.05; Median adverse move 1m unavailable,Activity truncated at 500 rows,https://polymarket.com/profile/0x7986576408b65a9805ac85553be33ad0b044baa5
0xd52b8dcb4b812c4056faf41164a6f6c73f4c5c72,TBill1,,ECONOMICS:MONTH,ECONOMICS,False,2026-07-28T12:00:46+00:00,0.2345384555324074,7,6.734699074074074,500,15,71.42857142857143,33.333333333333336,True,363,122458.13032,3237910.0013750815,0.037820115527607084,0.14305710930066182,0.4730115238382852,0.06074074074074074,7,1,0.08333333333333333,True,,,0,96,106456.4501,-176247.168,31.03,8,REJECT,Active days (30d) 7 < 8; Visible history days 6.73 < 90; ROI 0.0378 < 0.15; Trades per active day 71.4 > 10; Trades per market 33.3 > 3; Median holding days 0.0607 < 1; Hedged market share 0.0833 > 0.05; Median adverse move 1m unavailable,Activity truncated at 500 rows,https://polymarket.com/profile/0xd52b8dcb4b812c4056faf41164a6f6c73f4c5c72
0xa3282d3e882501229c75d0caf134e62e3afb4977,korda77,,"FINANCE:MONTH, POLITICS:MONTH, TECH:MONTH",FINANCE,False,2026-07-28T16:36:52+00:00,0.042802344421296296,4,3.522650462962963,500,311,125.0,1.607717041800643,True,500,9341.255774,123871.73910698525,0.07541070983053016,0.45579724330513927,0.6170489081874254,0.0018402777777777777,254,0,0.0,True,,,0,500,25.1078,-48133.6314,30.65,8,REJECT,Active days (30d) 4 < 8; Visible history days 3.52 < 90; ROI 0.0754 < 0.15; Trades per active day 125 > 10; Top-1 positive PnL share 0.456 > 0.2; Top-5 positive PnL share 0.617 > 0.5; Median holding days 0.00184 < 1; Median adverse move 1m unavailable,Activity truncated at 500 rows,https://polymarket.com/profile/0xa3282d3e882501229c75d0caf134e62e3afb4977
0x204f72f35326db932158cba6adff0b9a1da95e14,swisstony,,"OVERALL:MONTH, OVERALL:WEEK",OVERALL,False,2026-07-28T16:43:01+00:00,0.03853151108796296,1,0.06346064814814815,500,61,500.0,8.19672131147541,True,500,22348.81144,370135.82615686016,0.06038002771049993,0.06459691978359336,0.19622401918919588,,0,20,0.32786885245901637,True,,,0,461,67071.3146,-1419.957,29.99,8,REJECT,Active days (30d) 1 < 8; Visible history days 0.0635 < 90; ROI 0.0604 < 0.15; Trades per active day 500 > 10; Trades per market 8.2 > 3; Median holding days unavailable; Hedged market share 0.328 > 0.05; Median adverse move 1m unavailable,Activity truncated at 500 rows,https://polymarket.com/profile/0x204f72f35326db932158cba6adff0b9a1da95e14
0x946769f131a690e168efb9e26e6628f4152ed15f,cereals155970,,CRYPTO:WEEK,CRYPTO,True,2026-07-28T12:00:08+00:00,0.2349782703472222,16,15.142233796296296,500,88,31.25,5.681818181818182,True,500,26598.569675,723453.5301969204,0.036766106687958246,0.49200716876517536,0.6275632563313764,0.000462962962962963,88,0,0.0,True,,,0,0,,,29.96,8,REJECT,Visible history days 15.1 < 90; ROI 0.0368 < 0.15; Trades per active day 31.2 > 10; Trades per market 5.68 > 3; Top-1 positive PnL share 0.492 > 0.2; Top-5 positive PnL share 0.628 > 0.5; Median holding days 0.000463 < 1; Median adverse move 1m unavailable,Activity truncated at 500 rows,https://polymarket.com/profile/0x946769f131a690e168efb9e26e6628f4152ed15f
0xdf17f4a8dd01a4cfa6fc3da323a2baee5f8697d1,bahibahibahi,,POLITICS:WEEK,POLITICS,False,2026-07-28T16:22:38+00:00,0.052686603680555555,4,3.4013078703703705,500,74,125.0,6.756756756756757,True,500,486135.80729100003,10476465.146589583,0.046402655904339306,0.266662715445301,0.5987995667593713,1.7880439814814815,7,1,0.016666666666666666,True,,,0,124,991817.7367,24464.2803,29.89,8,REJECT,Active days (30d) 4 < 8; Visible history days 3.4 < 90; ROI 0.0464 < 0.15; Trades per active day 125 > 10; Trades per market 6.76 > 3; Top-1 positive PnL share 0.267 > 0.2; Top-5 positive PnL share 0.599 > 0.5; Median adverse move 1m unavailable,Activity truncated at 500 rows,https://polymarket.com/profile/0xdf17f4a8dd01a4cfa6fc3da323a2baee5f8697d1
0x26165df18c4dae74bfc20b8f266f0887fedbc6aa,ivantoney,,ECONOMICS:WEEK,ECONOMICS,False,2026-07-28T01:05:42+00:00,0.6894458629398148,3,21.042939814814815,37,3,12.333333333333334,12.333333333333334,False,1,41285.150734,15987.960944527886,2.582264922790573,1.0,1.0,3.0296296296296297,1,0,0.0,True,,,0,2,25385.3704,3109.4987,29.63,8,REJECT,Active days (30d) 3 < 8; Closed positions 1 < 50; Visible history days 21 < 90; Trades per active day 12.3 > 10; Trades per market 12.3 > 3; Top-1 positive PnL share 1 > 0.2; Top-5 positive PnL share 1 > 0.5; Median adverse move 1m unavailable,,https://polymarket.com/profile/0x26165df18c4dae74bfc20b8f266f0887fedbc6aa
0x50c80ae7a66e49701dc9388bd13574ba03e0caa2,flipforchanel,,"FINANCE:MONTH, FINANCE:WEEK",FINANCE,False,2026-07-28T16:33:20+00:00,0.045256048125000004,2,1.0050810185185186,500,4,250.0,125.0,True,111,36063.682962,514858.41247060953,0.07004582636407573,0.09679894239926176,0.32269834863107366,,0,4,1.0,True,,,0,113,43306.3098,-6879.441900000001,29.36,8,REJECT,Active days (30d) 2 < 8; Visible history days 1.01 < 90; ROI 0.07 < 0.15; Trades per active day 250 > 10; Trades per market 125 > 3; Median holding days unavailable; Hedged market share 1 > 0.05; Median adverse move 1m unavailable,Activity truncated at 500 rows,https://polymarket.com/profile/0x50c80ae7a66e49701dc9388bd13574ba03e0caa2
0x6f3e7f25baa7d2d49e15e2d2957ff3dec62cbcf8,fRibrenlc,,OVERALL:WEEK,OVERALL,False,2026-07-28T16:23:53+00:00,0.051818548125,3,2.013564814814815,500,27,166.66666666666666,18.51851851851852,True,500,124550.113547,3598684.317871098,0.03460990254924085,0.05136732532873804,0.16511376116696314,0.14340277777777777,21,5,0.18518518518518517,True,,,0,7,22114.9753,-6667.874999999999,29.27,8,REJECT,Active days (30d) 3 < 8; Visible history days 2.01 < 90; ROI 0.0346 < 0.15; Trades per active day 167 > 10; Trades per market 18.5 > 3; Median holding days 0.143 < 1; Hedged market share 0.185 > 0.05; Median adverse move 1m unavailable,Activity truncated at 500 rows,https://polymarket.com/profile/0x6f3e7f25baa7d2d49e15e2d2957ff3dec62cbcf8
0xcca90a5d3c8f2d6663817e3650d6adbe9ab44c9f,0xcCa90A5D3C8F2d6663817E3650D6aDbe9aB44C9f-1772395966516,,ECONOMICS:MONTH,ECONOMICS,False,2026-07-18T18:52:42+00:00,9.948473640717593,4,40.10166666666667,500,45,29.41176470588235,11.11111111111111,True,185,37640.056851,407544.9119159587,0.09235805858560663,0.14593614772053573,0.501245489971814,7.207662037037037,10,0,0.0,True,,,0,88,32783.6052,-31978.1145,28.98,8,REJECT,Days since last trade 9.95 > 3; Active days (30d) 4 < 8; Visible history days 40.1 < 90; ROI 0.0924 < 0.15; Trades per active day 29.4 > 10; Trades per market 11.1 > 3; Top-5 positive PnL share 0.501 > 0.5; Median adverse move 1m unavailable,Activity truncated at 500 rows,https://polymarket.com/profile/0xcca90a5d3c8f2d6663817e3650d6adbe9ab44c9f
0x7b02b2bac2a30ed5e40b7094e734f4c3dc2a4991,foodenjoyer,,"ECONOMICS:MONTH, ECONOMICS:WEEK",ECONOMICS,False,2026-07-28T08:25:13+00:00,0.38422595553240746,9,12.826006944444444,500,3,55.55555555555556,166.66666666666666,True,117,183934.43467400002,17040955.743222162,0.010793668937680198,0.21148786538691933,0.6705891088814456,12.824016203703703,2,2,0.6666666666666666,True,,,0,22,340787.7576,-276065.848,28.93,8,REJECT,Visible history days 12.8 < 90; ROI 0.0108 < 0.15; Trades per active day 55.6 > 10; Trades per market 167 > 3; Top-1 positive PnL share 0.211 > 0.2; Top-5 positive PnL share 0.671 > 0.5; Hedged market share 0.667 > 0.05; Median adverse move 1m unavailable,Activity truncated at 500 rows,https://polymarket.com/profile/0x7b02b2bac2a30ed5e40b7094e734f4c3dc2a4991
0x34893b25463a36d8b7dc31b16a352847925a7935,0x34893b25463a36d8b7DC31B16A352847925A7935-1782961989686,,TECH:MONTH,TECH,False,2026-07-27T00:46:00+00:00,1.7031264184953705,13,16.639907407407406,180,8,13.846153846153847,22.5,False,9,10372.238818,58012.313909086784,0.17879374427737382,0.36436440213864385,0.9998891680896833,4.4277546296296295,7,2,0.25,True,,,0,1,837.1928,0.3326,28.81,8,REJECT,Closed positions 9 < 50; Visible history days 16.6 < 90; Trades per active day 13.8 > 10; Trades per market 22.5 > 3; Top-1 positive PnL share 0.364 > 0.2; Top-5 positive PnL share 1 > 0.5; Hedged market share 0.25 > 0.05; Median adverse move 1m unavailable,,https://polymarket.com/profile/0x34893b25463a36d8b7dc31b16a352847925a7935
0xd32ce89f16509d3c8f8b5e9750305a5b2bc2a4c2,,,"FINANCE:MONTH, FINANCE:WEEK, TECH:MONTH, TECH:WEEK",FINANCE,False,2026-07-28T16:30:07+00:00,0.0474898444212963,3,1.9892476851851852,500,64,166.66666666666666,7.8125,True,500,5755.3913760000005,455816.66105811956,0.012626548934476423,0.1649402169536494,0.5112341031453507,0.2540972222222222,58,0,0.0,True,,,0,139,54.8342,-5991.3106,28.78,8,REJECT,Active days (30d) 3 < 8; Visible history days 1.99 < 90; ROI 0.0126 < 0.15; Trades per active day 167 > 10; Trades per market 7.81 > 3; Top-5 positive PnL share 0.511 > 0.5; Median holding days 0.254 < 1; Median adverse move 1m unavailable,Activity truncated at 500 rows,https://polymarket.com/profile/0xd32ce89f16509d3c8f8b5e9750305a5b2bc2a4c2
0x714a685b5454ea4d52979563bbafa77b8168ab2f,pada,,"ECONOMICS:MONTH, ECONOMICS:WEEK, FINANCE:MONTH, FINANCE:WEEK, OVERALL:MONTH, OVERALL:WEEK",ECONOMICS,False,2026-07-28T15:21:02+00:00,0.09546438145833332,11,18.1328125,500,9,45.45454545454545,55.55555555555556,True,93,-57137.927988999996,616046.5690618231,-0.09274936483456975,0.20858546940139452,0.7542055247215782,,0,0,0.0,True,,,0,9,491521.2716,263209.087,28.62,8,REJECT,Visible history days 18.1 < 90; ROI -0.0927 < 0.15; Trades per active day 45.5 > 10; Trades per market 55.6 > 3; Top-1 positive PnL share 0.209 > 0.2; Top-5 positive PnL share 0.754 > 0.5; Median holding days unavailable; Median adverse move 1m unavailable,Activity truncated at 500 rows,https://polymarket.com/profile/0x714a685b5454ea4d52979563bbafa77b8168ab2f
0x72a0d79b4325638bc2bcfc9a2b8a380c2d81c059,0x898ca742482eab3A4a015DA6928f8edC9BF3DA39-1782562025853,,FINANCE:MONTH,FINANCE,False,2026-07-28T16:32:19+00:00,0.04596206664351852,2,1.0725694444444445,500,8,250.0,62.5,True,500,61023.631104,1479424.1232900415,0.04124823310863122,0.10072031535288706,0.311837812264082,0.8962847222222222,5,6,0.75,True,,,0,45,56889.9514,-4040.9973,28.2,8,REJECT,Active days (30d) 2 < 8; Visible history days 1.07 < 90; ROI 0.0412 < 0.15; Trades per active day 250 > 10; Trades per market 62.5 > 3; Median holding days 0.896 < 1; Hedged market share 0.75 > 0.05; Median adverse move 1m unavailable,Activity truncated at 500 rows,https://polymarket.com/profile/0x72a0d79b4325638bc2bcfc9a2b8a380c2d81c059
0x4097b449b30f8bcf9834ea1e976f235f689c88f2,howesr1970,,ECONOMICS:WEEK,ECONOMICS,False,2026-07-27T23:07:12+00:00,0.7717375296064816,11,128.38667824074074,500,17,17.857142857142858,29.41176470588235,True,5,144.011199,2366.168725107331,0.06086260775569484,0.5905749988293081,1.0,105.5663888888889,1,1,0.07142857142857142,True,,,0,19,28489.2493,6692.116300000001,27.33,8,REJECT,Closed positions 5 < 50; ROI 0.0609 < 0.15; Trades per active day 17.9 > 10; Trades per market 29.4 > 3; Top-1 positive PnL share 0.591 > 0.2; Top-5 positive PnL share 1 > 0.5; Hedged market share 0.0714 > 0.05; Median adverse move 1m unavailable,Activity truncated at 500 rows,https://polymarket.com/profile/0x4097b449b30f8bcf9834ea1e976f235f689c88f2
0xab19716584931d81cd9e7763402673a64baa4876,SlenderMan,,POLITICS:WEEK,POLITICS,False,2026-07-28T15:57:01+00:00,0.0704759555324074,5,3.9960185185185186,500,10,100.0,50.0,True,500,-335976.508458,23758905.765592474,-0.014141076688159582,0.17346737704275011,0.29910995921817624,0.8228472222222222,5,3,0.375,True,,,0,17,198123.2691,9076.4338,25.32,8,REJECT,Active days (30d) 5 < 8; Visible history days 4 < 90; ROI -0.0141 < 0.15; Trades per active day 100 > 10; Trades per market 50 > 3; Median holding days 0.823 < 1; Hedged market share 0.375 > 0.05; Median adverse move 1m unavailable,Activity truncated at 500 rows,https://polymarket.com/profile/0xab19716584931d81cd9e7763402673a64baa4876
0x9180d46bd2a46c7955ec9df091698ac76a0ff0da,Oddscompiler,,OVERALL:MONTH,OVERALL,False,2026-07-19T20:31:28+00:00,8.87988567775463,1,440.02533564814814,20,8,3.3333333333333335,2.5,False,0,,,,,,,0,0,0.0,False,,,0,0,,,25.05,8,REJECT,Days since last trade 8.88 > 3; Active days (30d) 1 < 8; Closed positions 0 < 50; ROI unavailable; Top-1 positive PnL share unavailable; Top-5 positive PnL share unavailable; Median holding days unavailable; Median adverse move 1m unavailable,,https://polymarket.com/profile/0x9180d46bd2a46c7955ec9df091698ac76a0ff0da
0x0c689c8e78588fd3d02e56a6e787e7f9e9b09e76,monkeyking42,,"ECONOMICS:MONTH, ECONOMICS:WEEK",ECONOMICS,False,2026-07-28T03:13:24+00:00,0.6007653073842593,1,0.0,1,1,1.0,1.0,False,0,,,,,,,0,0,0.0,False,,,0,0,,,24.4,8,REJECT,Active days (30d) 1 < 8; Closed positions 0 < 50; Visible history days 0 < 90; ROI unavailable; Top-1 positive PnL share unavailable; Top-5 positive PnL share unavailable; Median holding days unavailable; Median adverse move 1m unavailable,,https://polymarket.com/profile/0x0c689c8e78588fd3d02e56a6e787e7f9e9b09e76
0xc31d0a0d63d760d72a1236d16beaa6a71c854ebe,FootballFan98,,OVERALL:MONTH,OVERALL,False,2026-07-19T19:13:34+00:00,8.933982899976852,2,1.2953819444444445,500,2,250.0,250.0,True,274,1007466.262316,18528233.72297102,0.05437465207851727,0.1384687900876553,0.2577889105842824,0.37252893518518515,2,0,0.0,True,,,0,66,27400.226300000002,-2004128.4343,24.38,8,REJECT,Days since last trade 8.93 > 3; Active days (30d) 2 < 8; Visible history days 1.3 < 90; ROI 0.0544 < 0.15; Trades per active day 250 > 10; Trades per market 250 > 3; Median holding days 0.373 < 1; Median adverse move 1m unavailable,Activity truncated at 500 rows,https://polymarket.com/profile/0xc31d0a0d63d760d72a1236d16beaa6a71c854ebe
0x2005d16a84ceefa912d4e380cd32e7ff827875ea,RN1,RN1polymarket,"OVERALL:MONTH, OVERALL:WEEK",OVERALL,False,2026-07-28T16:42:58+00:00,0.03856623331018519,1,0.025868055555555554,500,42,500.0,11.904761904761905,True,500,-32359.24810299999,1587064.6759574844,-0.020389369502838622,0.1250708495179826,0.3465328528239092,,0,32,0.7619047619047619,True,,,0,500,278492.7747,-3780603.5755,24.05,8,REJECT,Active days (30d) 1 < 8; Visible history days 0.0259 < 90; ROI -0.0204 < 0.15; Trades per active day 500 > 10; Trades per market 11.9 > 3; Median holding days unavailable; Hedged market share 0.762 > 0.05; Median adverse move 1m unavailable,Activity truncated at 500 rows,https://polymarket.com/profile/0x2005d16a84ceefa912d4e380cd32e7ff827875ea
0x91aab8d0ae5c7dde7d9ea7ca49aeb985e09819b8,0xfifr4t0g0vkdkefj,,CRYPTO:MONTH,CRYPTO,True,2026-07-28T15:28:58+00:00,0.08995512219907408,2,1.0429861111111112,500,55,250.0,9.090909090909092,True,500,9578.946373,180055.25788563216,0.053200036952458084,0.024507658366893354,0.096453138521266,0.0022280092592592594,44,29,0.5272727272727272,True,,,0,473,94417.9341,-32582.1843,23.96,8,REJECT,Active days (30d) 2 < 8; Visible history days 1.04 < 90; ROI 0.0532 < 0.15; Trades per active day 250 > 10; Trades per market 9.09 > 3; Median holding days 0.00223 < 1; Hedged market share 0.527 > 0.05; Median adverse move 1m unavailable,Activity truncated at 500 rows,https://polymarket.com/profile/0x91aab8d0ae5c7dde7d9ea7ca49aeb985e09819b8
0xfef4edf8c1a76e66ff065081a136c9bfeef429bd,0xfEf4eDf8c1A76E66FF065081a136C9BfEeF429bD-1781309546043,,ECONOMICS:MONTH,ECONOMICS,False,2026-07-27T14:15:01+00:00,1.1413092888657408,15,24.451655092592592,500,17,33.333333333333336,29.41176470588235,True,77,5861.166616999999,988719.9415114147,0.005928035200787272,0.6343752342935478,0.8758172999655156,0.11820601851851853,8,0,0.0,True,,,0,14,14430.7251,5072.1664,22.64,8,REJECT,Visible history days 24.5 < 90; ROI 0.00593 < 0.15; Trades per active day 33.3 > 10; Trades per market 29.4 > 3; Top-1 positive PnL share 0.634 > 0.2; Top-5 positive PnL share 0.876 > 0.5; Median holding days 0.118 < 1; Median adverse move 1m unavailable,Activity truncated at 500 rows,https://polymarket.com/profile/0xfef4edf8c1a76e66ff065081a136c9bfeef429bd
0x5a656e4948e93b9493a9de1173a23a9bdce259c7,321cba,,CRYPTO:WEEK,CRYPTO,True,2026-07-24T15:08:06+00:00,4.104445862939815,6,91.14613425925926,43,8,3.909090909090909,5.375,False,7,912.7529799999999,245213.45502263,0.003722279350110559,0.7601359625351538,1.0,3.8096296296296295,7,0,0.0,False,,,0,1,106962.2183,14489.053,21.99,8,REJECT,Days since last trade 4.1 > 3; Active days (30d) 6 < 8; Closed positions 7 < 50; ROI 0.00372 < 0.15; Trades per market 5.38 > 3; Top-1 positive PnL share 0.76 > 0.2; Top-5 positive PnL share 1 > 0.5; Median adverse move 1m unavailable,,https://polymarket.com/profile/0x5a656e4948e93b9493a9de1173a23a9bdce259c7
0x67542c3219b37fd1610aad290676ff91cdbfe3bc,maz26,,OVERALL:MONTH,OVERALL,False,2026-07-19T18:59:12+00:00,8.943959751828704,1,0.0075,500,1,500.0,500.0,True,253,960850.9544409999,52327773.583920956,0.01836216006591662,0.07800180641825019,0.33718827144913394,0.14949074074074073,1,0,0.0,True,,,0,0,,,21.96,8,REJECT,Days since last trade 8.94 > 3; Active days (30d) 1 < 8; Visible history days 0.0075 < 90; ROI 0.0184 < 0.15; Trades per active day 500 > 10; Trades per market 500 > 3; Median holding days 0.149 < 1; Median adverse move 1m unavailable,Activity truncated at 500 rows,https://polymarket.com/profile/0x67542c3219b37fd1610aad290676ff91cdbfe3bc
0x2c335066fe58fe9237c3d3dc7b275c2a034a0563,0x2c335066FE58fe9237c3d3Dc7b275C2a034a0563-1759935795465,,"CRYPTO:MONTH, OVERALL:MONTH",CRYPTO,True,2026-07-28T16:24:55+00:00,0.051100955532407406,1,0.25453703703703706,500,16,500.0,31.25,True,500,-837918.42638,9868877.65141131,-0.08490513875812135,0.07378678007481791,0.2625889509953738,0.09831597222222221,4,3,0.1875,True,,,0,489,8228649.7317,-1445943.5779,21.89,8,REJECT,Active days (30d) 1 < 8; Visible history days 0.255 < 90; ROI -0.0849 < 0.15; Trades per active day 500 > 10; Trades per market 31.2 > 3; Median holding days 0.0983 < 1; Hedged market share 0.188 > 0.05; Median adverse move 1m unavailable,Activity truncated at 500 rows,https://polymarket.com/profile/0x2c335066fe58fe9237c3d3dc7b275c2a034a0563
0x4f1d5ae26fc31472966e951af3183308736d8de2,e46m3,love_u_4ever,FINANCE:MONTH,FINANCE,False,2026-07-28T15:09:01+00:00,0.10380928886574073,5,4.2077430555555555,500,285,100.0,1.7543859649122806,True,500,-8576.068171000006,337042.1218200594,-0.025445093107913118,0.7747162223678454,0.8915102345319633,0.0004166666666666667,171,3,0.010638297872340425,True,,,0,500,27.985100000000003,-320493.8825,20.88,8,REJECT,Active days (30d) 5 < 8; Visible history days 4.21 < 90; ROI -0.0254 < 0.15; Trades per active day 100 > 10; Top-1 positive PnL share 0.775 > 0.2; Top-5 positive PnL share 0.892 > 0.5; Median holding days 0.000417 < 1; Median adverse move 1m unavailable,Activity truncated at 500 rows,https://polymarket.com/profile/0x4f1d5ae26fc31472966e951af3183308736d8de2
0xd189664c5308903476f9f079820431e4fd7d06f4,rwo,,CRYPTO:MONTH,CRYPTO,True,2026-07-28T13:29:53+00:00,0.17265188145833332,2,1.1950578703703705,500,43,250.0,11.627906976744185,True,500,4713.906318,505124.61510879715,0.009332165127182898,0.03885653141483954,0.13241938149478405,0.0071875,43,33,0.7674418604651163,True,,,0,11,190170.4998,-49.50030000000106,20.45,8,REJECT,Active days (30d) 2 < 8; Visible history days 1.2 < 90; ROI 0.00933 < 0.15; Trades per active day 250 > 10; Trades per market 11.6 > 3; Median holding days 0.00719 < 1; Hedged market share 0.767 > 0.05; Median adverse move 1m unavailable,Activity truncated at 500 rows,https://polymarket.com/profile/0xd189664c5308903476f9f079820431e4fd7d06f4
0xabe78c9711802ea03af9b0fcb7f3f82853fad623,BearKingdom,,CRYPTO:WEEK,CRYPTO,True,2026-07-21T21:14:03+00:00,6.85031391849537,8,146.48917824074073,500,8,13.157894736842104,62.5,True,3,-4762.912843,38909.68495162025,-0.12240944250569334,0.5849896871656121,1.0,8.527760416666666,2,0,0.0,True,,,0,6,188235.7779,24119.1702,12.78,8,REJECT,Days since last trade 6.85 > 3; Closed positions 3 < 50; ROI -0.122 < 0.15; Trades per active day 13.2 > 10; Trades per market 62.5 > 3; Top-1 positive PnL share 0.585 > 0.2; Top-5 positive PnL share 1 > 0.5; Median adverse move 1m unavailable,Activity truncated at 500 rows,https://polymarket.com/profile/0xabe78c9711802ea03af9b0fcb7f3f82853fad623
0xc004b035b67be284e0d1db56c39e865df6cac095,LoveEATINGPOOP,,TECH:WEEK,TECH,False,2026-07-28T16:43:08+00:00,0.038450492569444446,23,83.99490740740741,500,118,7.352941176470588,4.237288135593221,True,325,6155.581158,56301.954798320585,0.10933157081401396,0.34093971758902447,0.541569119843486,0.23020833333333332,111,8,0.06837606837606838,True,,,0,8,5288.9843,676.7246,50.72,9,REJECT,Visible history days 84 < 90; ROI 0.109 < 0.15; Trades per market 4.24 > 3; Top-1 positive PnL share 0.341 > 0.2; Top-5 positive PnL share 0.542 > 0.5; Median holding days 0.23 < 1; Hedged market share 0.0684 > 0.05; Median adverse move 1m unavailable; HFT/activity truncation flag,Activity truncated at 500 rows,https://polymarket.com/profile/0xc004b035b67be284e0d1db56c39e865df6cac095
0xb754f7d2dd6cf81a8bfdab64580ffcaf0a4a96df,gogoo,,OVERALL:WEEK,OVERALL,False,2026-07-27T22:40:58+00:00,0.7899551221990742,12,46.650046296296296,344,58,18.105263157894736,5.931034482758621,False,28,166249.801331,209481.5016230477,0.7936252129324471,0.24100015647486137,0.6639935502462389,0.13960069444444445,26,3,0.05172413793103448,True,,,0,33,0,-117720.8577,46.9,9,REJECT,Closed positions 28 < 50; Visible history days 46.7 < 90; Trades per active day 18.1 > 10; Trades per market 5.93 > 3; Top-1 positive PnL share 0.241 > 0.2; Top-5 positive PnL share 0.664 > 0.5; Median holding days 0.14 < 1; Hedged market share 0.0517 > 0.05; Median adverse move 1m unavailable,,https://polymarket.com/profile/0xb754f7d2dd6cf81a8bfdab64580ffcaf0a4a96df
0x74f1b8944c7b10f7239e3dda0de6b8ee42e816a8,probability,selectedadverse,POLITICS:WEEK,POLITICS,False,2026-07-28T12:53:31+00:00,0.19790651108796295,5,4.330208333333333,500,130,100.0,3.8461538461538463,True,500,76953.170214,522194.40707355924,0.1473649835609211,0.18795691335983555,0.5528936526832154,0.2250462962962963,46,9,0.06976744186046512,True,,,0,102,109728.0634,-3741.5576,38.71,9,REJECT,Active days (30d) 5 < 8; Visible history days 4.33 < 90; ROI 0.147 < 0.15; Trades per active day 100 > 10; Trades per market 3.85 > 3; Top-5 positive PnL share 0.553 > 0.5; Median holding days 0.225 < 1; Hedged market share 0.0698 > 0.05; Median adverse move 1m unavailable,Activity truncated at 500 rows,https://polymarket.com/profile/0x74f1b8944c7b10f7239e3dda0de6b8ee42e816a8
0x61313791c42f09ea053acc9eea9aaa6e7300fd16,emreus,,CRYPTO:WEEK,CRYPTO,True,2026-07-24T14:13:48+00:00,4.142154196273148,7,156.38458333333332,500,45,12.195121951219512,11.11111111111111,True,31,30397.439098,63293.216492913234,0.4802637752088886,0.30533267630600336,0.9244510021393234,0.7760300925925926,22,0,0.0,True,,,0,24,125000.7892,11689.924300000002,37.79,9,REJECT,Days since last trade 4.14 > 3; Active days (30d) 7 < 8; Closed positions 31 < 50; Trades per active day 12.2 > 10; Trades per market 11.1 > 3; Top-1 positive PnL share 0.305 > 0.2; Top-5 positive PnL share 0.924 > 0.5; Median holding days 0.776 < 1; Median adverse move 1m unavailable,Activity truncated at 500 rows,https://polymarket.com/profile/0x61313791c42f09ea053acc9eea9aaa6e7300fd16
0x134a63b764ac7b008356e8db1857db94e6b09e42,Bertapotamous,,"ECONOMICS:MONTH, ECONOMICS:WEEK, POLITICS:MONTH",ECONOMICS,False,2026-07-28T16:14:28+00:00,0.058357899976851854,9,9.01087962962963,500,50,55.55555555555556,10.0,True,500,464785.539486,3910498.0612585954,0.11885584194265233,0.20675427034534485,0.59442272869158,0.08630787037037037,35,4,0.08163265306122448,True,,,0,36,205972.6839,-460957.6968,36.11,9,REJECT,Visible history days 9.01 < 90; ROI 0.119 < 0.15; Trades per active day 55.6 > 10; Trades per market 10 > 3; Top-1 positive PnL share 0.207 > 0.2; Top-5 positive PnL share 0.594 > 0.5; Median holding days 0.0863 < 1; Hedged market share 0.0816 > 0.05; Median adverse move 1m unavailable,Activity truncated at 500 rows,https://polymarket.com/profile/0x134a63b764ac7b008356e8db1857db94e6b09e42
0xfbfd14dd4bb607373119de95f1d4b21c3b6c0029,XAE12Archangel,polymarketbet,POLITICS:MONTH,POLITICS,False,2026-07-28T16:40:43+00:00,0.04012873331018518,2,1.1657060185185186,500,20,250.0,25.0,True,500,7857859.981597999,13061400.220479818,0.6016093105605286,0.46767057032224374,0.9940515737055984,0.5627951388888889,2,2,0.13333333333333333,True,,,0,172,86159.45880000001,-7672412.8993999995,35.12,9,REJECT,Active days (30d) 2 < 8; Visible history days 1.17 < 90; Trades per active day 250 > 10; Trades per market 25 > 3; Top-1 positive PnL share 0.468 > 0.2; Top-5 positive PnL share 0.994 > 0.5; Median holding days 0.563 < 1; Hedged market share 0.133 > 0.05; Median adverse move 1m unavailable,Activity truncated at 500 rows,https://polymarket.com/profile/0xfbfd14dd4bb607373119de95f1d4b21c3b6c0029
0x9a6016b9450fe9843781a103fb4bb5c25315be51,double7,,TECH:WEEK,TECH,False,2026-07-28T16:14:13+00:00,0.058531511087962965,22,38.08840277777778,431,131,15.962962962962964,3.2900763358778624,False,120,384.387987,37163.60902965569,0.010343128588325947,0.5310969375487532,0.6758614943957628,0.09222222222222223,102,12,0.09375,True,,,0,28,3883.4004,-17.402899999999995,35.1,9,REJECT,Visible history days 38.1 < 90; ROI 0.0103 < 0.15; Trades per active day 16 > 10; Trades per market 3.29 > 3; Top-1 positive PnL share 0.531 > 0.2; Top-5 positive PnL share 0.676 > 0.5; Median holding days 0.0922 < 1; Hedged market share 0.0938 > 0.05; Median adverse move 1m unavailable,,https://polymarket.com/profile/0x9a6016b9450fe9843781a103fb4bb5c25315be51
0xbaa2bcb5439e985ce4ccf815b4700027d1b92c73,denizz,denizz_poly,POLITICS:MONTH,POLITICS,False,2026-07-28T16:31:41+00:00,0.046401881458333336,8,7.266608796296296,500,39,62.5,12.820512820512821,True,500,1556597.3958760002,13990587.882709607,0.11126032793802289,0.24134774331054276,0.6121205318769241,0.9668402777777778,11,3,0.1,True,,,0,57,1324136.0216,189550.7768,34.31,9,REJECT,Visible history days 7.27 < 90; ROI 0.111 < 0.15; Trades per active day 62.5 > 10; Trades per market 12.8 > 3; Top-1 positive PnL share 0.241 > 0.2; Top-5 positive PnL share 0.612 > 0.5; Median holding days 0.967 < 1; Hedged market share 0.1 > 0.05; Median adverse move 1m unavailable,Activity truncated at 500 rows,https://polymarket.com/profile/0xbaa2bcb5439e985ce4ccf815b4700027d1b92c73
0x7583d5f8a1031ff4afcdc6db4e2143bfd41b4df2,0x7583d5f8A1031fF4AfCDc6db4e2143bFd41b4dF2-1783673385090,,OVERALL:MONTH,OVERALL,False,2026-07-28T11:25:35+00:00,0.25897132590277777,6,11.317488425925927,500,10,83.33333333333333,50.0,True,13,1419978.997212,1891128.3405248956,0.7508633691237873,0.2916730794635181,0.8327692732081757,0.3372453703703704,5,0,0.0,True,,,0,18,3648.6492,-685177.958,33.11,9,REJECT,Active days (30d) 6 < 8; Closed positions 13 < 50; Visible history days 11.3 < 90; Trades per active day 83.3 > 10; Trades per market 50 > 3; Top-1 positive PnL share 0.292 > 0.2; Top-5 positive PnL share 0.833 > 0.5; Median holding days 0.337 < 1; Median adverse move 1m unavailable,Activity truncated at 500 rows,https://polymarket.com/profile/0x7583d5f8a1031ff4afcdc6db4e2143bfd41b4df2
0x56e777a0ac58b25be414f8f29866e99ad5737c0b,Mataty1,,ECONOMICS:MONTH,ECONOMICS,False,2026-07-28T16:39:23+00:00,0.04105465923611111,17,15.717604166666666,500,25,29.41176470588235,20.0,True,57,10344.793899,139810.64284354952,0.07399146222777904,0.22214638662839892,0.705860823919842,0.8579745370370371,15,2,0.08,True,,,0,11,40127.4617,1818.8256999999999,32.98,9,REJECT,Visible history days 15.7 < 90; ROI 0.074 < 0.15; Trades per active day 29.4 > 10; Trades per market 20 > 3; Top-1 positive PnL share 0.222 > 0.2; Top-5 positive PnL share 0.706 > 0.5; Median holding days 0.858 < 1; Hedged market share 0.08 > 0.05; Median adverse move 1m unavailable,Activity truncated at 500 rows,https://polymarket.com/profile/0x56e777a0ac58b25be414f8f29866e99ad5737c0b
0x50f0a0fc7364d3c10fc4578b9b1d955368335355,bettguy,,OVERALL:MONTH,OVERALL,False,2026-07-19T20:09:01+00:00,8.895475955532408,5,7.8209027777777775,500,6,100.0,83.33333333333333,True,42,1231203.128247,3331933.846067191,0.36951607838800166,0.1388338245542791,0.5381916974964773,0.13880787037037035,6,0,0.0,True,,,0,0,,,32.34,9,REJECT,Days since last trade 8.9 > 3; Active days (30d) 5 < 8; Closed positions 42 < 50; Visible history days 7.82 < 90; Trades per active day 100 > 10; Trades per market 83.3 > 3; Top-5 positive PnL share 0.538 > 0.5; Median holding days 0.139 < 1; Median adverse move 1m unavailable,Activity truncated at 500 rows,https://polymarket.com/profile/0x50f0a0fc7364d3c10fc4578b9b1d955368335355
0xf0ca28d5b0141f0a8e7b251dea80fd881cb166ed,Hauchn,,"FINANCE:MONTH, FINANCE:WEEK, OVERALL:WEEK",FINANCE,False,2026-07-28T16:41:29+00:00,0.03959632590277778,5,4.039456018518519,500,13,100.0,38.46153846153846,True,200,60284.217285000006,469319.14003061724,0.12845037021304354,0.3034052187504623,0.6797405542114783,,0,0,0.0,True,,,0,18,301672.4904,183004.686,32.0,9,REJECT,Active days (30d) 5 < 8; Visible history days 4.04 < 90; ROI 0.128 < 0.15; Trades per active day 100 > 10; Trades per market 38.5 > 3; Top-1 positive PnL share 0.303 > 0.2; Top-5 positive PnL share 0.68 > 0.5; Median holding days unavailable; Median adverse move 1m unavailable,Activity truncated at 500 rows,https://polymarket.com/profile/0xf0ca28d5b0141f0a8e7b251dea80fd881cb166ed
0x81ca49ad9806de2d92782b873bfa7fe051943b87,da4c07,,"TECH:MONTH, TECH:WEEK",TECH,False,2026-07-27T17:57:04+00:00,0.9871078999768519,1,514.3305439814815,236,52,4.0,4.538461538461538,False,0,,,,,,,0,6,0.11538461538461539,False,,,0,0,,,29.77,9,REJECT,Active days (30d) 1 < 8; Closed positions 0 < 50; ROI unavailable; Trades per market 4.54 > 3; Top-1 positive PnL share unavailable; Top-5 positive PnL share unavailable; Median holding days unavailable; Hedged market share 0.115 > 0.05; Median adverse move 1m unavailable,,https://polymarket.com/profile/0x81ca49ad9806de2d92782b873bfa7fe051943b87
0xc84f7e76ec28ef20e7773b7b4926bfb7378be0c5,BrightStars,,POLITICS:WEEK,POLITICS,False,2026-07-28T14:57:32+00:00,0.11178382590277777,8,7.333171296296296,500,12,62.5,41.666666666666664,True,261,858596.6679,10024757.824860565,0.0856476219077085,0.36879516471510576,0.7483712386564811,0.9234953703703703,3,1,0.08333333333333333,True,,,0,42,1029443.8226000001,-104796.2386,29.3,9,REJECT,Visible history days 7.33 < 90; ROI 0.0856 < 0.15; Trades per active day 62.5 > 10; Trades per market 41.7 > 3; Top-1 positive PnL share 0.369 > 0.2; Top-5 positive PnL share 0.748 > 0.5; Median holding days 0.923 < 1; Hedged market share 0.0833 > 0.05; Median adverse move 1m unavailable,Activity truncated at 500 rows,https://polymarket.com/profile/0xc84f7e76ec28ef20e7773b7b4926bfb7378be0c5
0xd1049158a102840ce595efc6ab683a0cb6fbacef,pilimili,,POLITICS:WEEK,POLITICS,False,2026-07-28T15:29:02+00:00,0.08990882590277778,3,1.9024768518518518,500,22,166.66666666666666,22.727272727272727,True,96,252605.891337,3927702.484427679,0.06431390675299792,0.2854504782765632,0.5125992692959983,0.7772453703703703,4,0,0.0,True,,,0,65,367090.34229999996,-490384.1272,29.07,9,REJECT,Active days (30d) 3 < 8; Visible history days 1.9 < 90; ROI 0.0643 < 0.15; Trades per active day 167 > 10; Trades per market 22.7 > 3; Top-1 positive PnL share 0.285 > 0.2; Top-5 positive PnL share 0.513 > 0.5; Median holding days 0.777 < 1; Median adverse move 1m unavailable,Activity truncated at 500 rows,https://polymarket.com/profile/0xd1049158a102840ce595efc6ab683a0cb6fbacef
0xbacd00c9080a82ded56f504ee8810af732b0ab35,ScottyNooo,,"ECONOMICS:WEEK, POLITICS:WEEK",ECONOMICS,False,2026-07-28T16:22:35+00:00,0.052721325902777776,6,5.570011574074074,500,55,83.33333333333333,9.090909090909092,True,500,467882.03765799996,7210423.321136205,0.06488967662778944,0.1546739793039348,0.54113511406786,0.7665335648148148,20,17,0.3090909090909091,True,,,0,232,812110.0171,51496.8664,28.54,9,REJECT,Active days (30d) 6 < 8; Visible history days 5.57 < 90; ROI 0.0649 < 0.15; Trades per active day 83.3 > 10; Trades per market 9.09 > 3; Top-5 positive PnL share 0.541 > 0.5; Median holding days 0.767 < 1; Hedged market share 0.309 > 0.05; Median adverse move 1m unavailable,Activity truncated at 500 rows,https://polymarket.com/profile/0xbacd00c9080a82ded56f504ee8810af732b0ab35
0xd1c537b2a7cba8d365e111bffb9de7b205e2cbd0,weatherman12,,OVERALL:MONTH,OVERALL,False,2026-07-12T01:08:16+00:00,16.68766345553241,1,0.03229166666666667,500,1,500.0,500.0,True,22,9946578.963156,16444740.82381113,0.6048486303143112,0.18461201805828265,0.5079149793752423,0.1517824074074074,1,0,0.0,True,,,0,20,0,-7848169.888,27.77,9,REJECT,Days since last trade 16.7 > 3; Active days (30d) 1 < 8; Closed positions 22 < 50; Visible history days 0.0323 < 90; Trades per active day 500 > 10; Trades per market 500 > 3; Top-5 positive PnL share 0.508 > 0.5; Median holding days 0.152 < 1; Median adverse move 1m unavailable,Activity truncated at 500 rows,https://polymarket.com/profile/0xd1c537b2a7cba8d365e111bffb9de7b205e2cbd0
0x0feb1bf966bc7f954c2da0293ae2fdc572c5db5d,YungFelon,,"CRYPTO:WEEK, ECONOMICS:MONTH, ECONOMICS:WEEK, OVERALL:WEEK",CRYPTO,True,2026-07-28T15:09:59+00:00,0.10313799256944443,2,0.6628356481481481,500,8,250.0,62.5,True,15,30955.392232000002,49881.09798835972,0.6205836174501165,0.3223292911753285,0.7219365928127536,0.12683449074074074,4,0,0.0,True,,,0,6,809434.5152,53628.566399999996,27.34,9,REJECT,Active days (30d) 2 < 8; Closed positions 15 < 50; Visible history days 0.663 < 90; Trades per active day 250 > 10; Trades per market 62.5 > 3; Top-1 positive PnL share 0.322 > 0.2; Top-5 positive PnL share 0.722 > 0.5; Median holding days 0.127 < 1; Median adverse move 1m unavailable,Activity truncated at 500 rows,https://polymarket.com/profile/0x0feb1bf966bc7f954c2da0293ae2fdc572c5db5d
0x1b20a00709dfe648afd26b326394b5e031f83ab0,0x1b20a00709DfE648AFd26b326394b5e031f83ab0-1785189457930,,OVERALL:WEEK,OVERALL,False,2026-07-28T16:28:01+00:00,0.04894817775462963,2,0.7419444444444444,62,7,31.0,8.857142857142858,False,5,102405.512359,137478.3518348404,0.7448846381430645,0.5174886401475358,1.0,0.4925925925925926,5,0,0.0,True,,,0,2,1675.9737,15.988600000000002,27.18,9,REJECT,Active days (30d) 2 < 8; Closed positions 5 < 50; Visible history days 0.742 < 90; Trades per active day 31 > 10; Trades per market 8.86 > 3; Top-1 positive PnL share 0.517 > 0.2; Top-5 positive PnL share 1 > 0.5; Median holding days 0.493 < 1; Median adverse move 1m unavailable,,https://polymarket.com/profile/0x1b20a00709dfe648afd26b326394b5e031f83ab0
0x7ad71d79a3bb90d0a87a06500fa0fe11663842aa,theowalcott,,OVERALL:WEEK,OVERALL,False,2026-07-27T21:40:57+00:00,0.8316333629398148,2,1.8831944444444444,500,3,250.0,166.66666666666666,True,9,229574.24207900002,169293.78725916217,1.3560700944539563,0.4959604255725654,0.9134633044234832,0.3840277777777778,1,0,0.0,True,,,0,9,149147.8931,-149561.2576,26.42,9,REJECT,Active days (30d) 2 < 8; Closed positions 9 < 50; Visible history days 1.88 < 90; Trades per active day 250 > 10; Trades per market 167 > 3; Top-1 positive PnL share 0.496 > 0.2; Top-5 positive PnL share 0.913 > 0.5; Median holding days 0.384 < 1; Median adverse move 1m unavailable,Activity truncated at 500 rows,https://polymarket.com/profile/0x7ad71d79a3bb90d0a87a06500fa0fe11663842aa
0xe033e9d4a0e8b30c417f3f7abcb029bc695940a5,CDAP1,,"ECONOMICS:MONTH, ECONOMICS:WEEK",ECONOMICS,False,2026-07-28T16:37:31+00:00,0.042350955532407406,5,4.6571643518518515,500,2,100.0,250.0,True,18,27758.402018,95245.89553848644,0.29143935138689037,0.6888848661198781,0.9396310322984783,,0,0,0.0,True,,,0,32,164886.56149999998,29206.0339,26.3,9,REJECT,Active days (30d) 5 < 8; Closed positions 18 < 50; Visible history days 4.66 < 90; Trades per active day 100 > 10; Trades per market 250 > 3; Top-1 positive PnL share 0.689 > 0.2; Top-5 positive PnL share 0.94 > 0.5; Median holding days unavailable; Median adverse move 1m unavailable,Activity truncated at 500 rows,https://polymarket.com/profile/0xe033e9d4a0e8b30c417f3f7abcb029bc695940a5
0xaf2830f2dd4dfa32e3dffac60531bb4ba5147f92,infolitio,,ECONOMICS:WEEK,ECONOMICS,False,2026-07-28T15:55:01+00:00,0.0718648444212963,6,49.49805555555555,500,17,35.714285714285715,29.41176470588235,True,40,-61938.389523000005,470240.2796800576,-0.13171646964216185,0.19644604025015971,0.6629137747708976,16.972158564814816,4,1,0.058823529411764705,True,,,0,20,57453.3125,-96297.274,24.76,9,REJECT,Active days (30d) 6 < 8; Closed positions 40 < 50; Visible history days 49.5 < 90; ROI -0.132 < 0.15; Trades per active day 35.7 > 10; Trades per market 29.4 > 3; Top-5 positive PnL share 0.663 > 0.5; Hedged market share 0.0588 > 0.05; Median adverse move 1m unavailable,Activity truncated at 500 rows,https://polymarket.com/profile/0xaf2830f2dd4dfa32e3dffac60531bb4ba5147f92
0x2cff41636fe21fad120fed603d54d4fdd96259db,ThisAgain,,POLITICS:MONTH,POLITICS,False,2026-07-18T19:18:09+00:00,9.930800029606482,3,3.2778935185185185,500,4,166.66666666666666,125.0,True,11,1771541.043092,2428496.4151032176,0.7294806086904209,0.2649914463074739,0.8322404593109017,3.527337962962963,1,0,0.0,True,,,0,20,491576.3395,-2413163.9985,24.08,9,REJECT,Days since last trade 9.93 > 3; Active days (30d) 3 < 8; Closed positions 11 < 50; Visible history days 3.28 < 90; Trades per active day 167 > 10; Trades per market 125 > 3; Top-1 positive PnL share 0.265 > 0.2; Top-5 positive PnL share 0.832 > 0.5; Median adverse move 1m unavailable,Activity truncated at 500 rows,https://polymarket.com/profile/0x2cff41636fe21fad120fed603d54d4fdd96259db
0x1a3fb05e94caef23e28905767cd603eb574a6dea,alextalley,,"ECONOMICS:MONTH, ECONOMICS:WEEK",ECONOMICS,False,2026-07-17T00:54:53+00:00,11.69695743701389,3,703.8581944444444,158,49,2.257142857142857,3.2244897959183674,False,0,,,,,,,0,0,0.0,False,,,0,1,36319.8206,1119.9027,23.72,9,REJECT,Days since last trade 11.7 > 3; Active days (30d) 3 < 8; Closed positions 0 < 50; ROI unavailable; Trades per market 3.22 > 3; Top-1 positive PnL share unavailable; Top-5 positive PnL share unavailable; Median holding days unavailable; Median adverse move 1m unavailable,,https://polymarket.com/profile/0x1a3fb05e94caef23e28905767cd603eb574a6dea
0x9ffe14d8b1e05c23430c8592cd8ec30f70658edd,tfg50,,ECONOMICS:WEEK,ECONOMICS,False,2026-07-28T16:05:43+00:00,0.06443428886574074,5,775.9981134259259,128,10,6.095238095238095,12.8,False,8,-33522.30990400001,58420.62093471067,-0.573809544774672,0.999195423806244,1.0,38.740451388888886,7,1,0.1,True,,,0,3,12143.9707,-2594.5229,23.45,9,REJECT,Active days (30d) 5 < 8; Closed positions 8 < 50; ROI -0.574 < 0.15; Trades per market 12.8 > 3; Top-1 positive PnL share 0.999 > 0.2; Top-5 positive PnL share 1 > 0.5; Hedged market share 0.1 > 0.05; Median adverse move 1m unavailable; HFT/activity truncation flag,,https://polymarket.com/profile/0x9ffe14d8b1e05c23430c8592cd8ec30f70658edd
0x07046535ff9a910d7343a2c319a3e62234621858,HH168,,ECONOMICS:WEEK,ECONOMICS,False,2026-07-17T16:12:30+00:00,11.059723640717593,6,62.450439814814814,500,10,62.5,50.0,True,103,198957.18476400006,7263037.063092093,0.027393111591708996,0.2647514944142251,0.8023230187315921,7.855995370370371,4,0,0.0,True,,,0,3,374257.4207,6400.6702000000005,22.54,9,REJECT,Days since last trade 11.1 > 3; Active days (30d) 6 < 8; Visible history days 62.5 < 90; ROI 0.0274 < 0.15; Trades per active day 62.5 > 10; Trades per market 50 > 3; Top-1 positive PnL share 0.265 > 0.2; Top-5 positive PnL share 0.802 > 0.5; Median adverse move 1m unavailable,Activity truncated at 500 rows,https://polymarket.com/profile/0x07046535ff9a910d7343a2c319a3e62234621858
0x94d6f6119c9d2897719e59e4ced31a212e749ab8,devin.lawson.77,,POLITICS:WEEK,POLITICS,False,2026-07-26T19:57:49+00:00,1.9032537333101853,22,85.9541087962963,500,62,7.575757575757576,8.064516129032258,True,0,,,,,,,0,0,0.0,True,,,0,54,104619.6167,7707.2218,21.91,9,REJECT,Closed positions 0 < 50; Visible history days 86 < 90; ROI unavailable; Trades per market 8.06 > 3; Top-1 positive PnL share unavailable; Top-5 positive PnL share unavailable; Median holding days unavailable; Median adverse move 1m unavailable; HFT/activity truncation flag,Activity truncated at 500 rows,https://polymarket.com/profile/0x94d6f6119c9d2897719e59e4ced31a212e749ab8
0x2974bd0059e48f215c391882976e0f1b4c8c9c23,65765757,,FINANCE:WEEK,FINANCE,False,2026-07-28T16:01:19+00:00,0.0674898444212963,23,56.93056712962963,500,82,13.513513513513514,6.097560975609756,True,0,,,,,,,0,0,0.0,True,,,0,44,407504.9359,-128396.37299999999,21.84,9,REJECT,Closed positions 0 < 50; Visible history days 56.9 < 90; ROI unavailable; Trades per active day 13.5 > 10; Trades per market 6.1 > 3; Top-1 positive PnL share unavailable; Top-5 positive PnL share unavailable; Median holding days unavailable; Median adverse move 1m unavailable,Activity truncated at 500 rows,https://polymarket.com/profile/0x2974bd0059e48f215c391882976e0f1b4c8c9c23
0x3a6a2e7a7707c720219228eb8efa7398bc0e458e,thesingularityisnear,,OVERALL:MONTH,OVERALL,False,2026-07-20T00:16:01+00:00,8.72394817775463,10,18.461388888888887,500,12,50.0,41.666666666666664,True,6,1901421.7063989998,595747.9484213814,3.1916546442793554,0.8923822196936357,0.9999916156721329,0.10456597222222222,4,0,0.0,True,,,0,12,0,-469307.9094,21.81,9,REJECT,Days since last trade 8.72 > 3; Closed positions 6 < 50; Visible history days 18.5 < 90; Trades per active day 50 > 10; Trades per market 41.7 > 3; Top-1 positive PnL share 0.892 > 0.2; Top-5 positive PnL share 1 > 0.5; Median holding days 0.105 < 1; Median adverse move 1m unavailable,Activity truncated at 500 rows,https://polymarket.com/profile/0x3a6a2e7a7707c720219228eb8efa7398bc0e458e
0xbc75cabb772f1da1c1772430620da0174c453f69,unknwnfnd,,POLITICS:MONTH,POLITICS,False,2026-07-24T00:18:34+00:00,4.722177344421296,9,58.382152777777776,500,4,13.157894736842104,125.0,True,10,22607.806661,287642.3635913852,0.07859692980800237,0.5616329003499555,1.0,6.315196759259259,1,0,0.0,True,,,0,3,661064.004,114486.6185,20.05,9,REJECT,Days since last trade 4.72 > 3; Closed positions 10 < 50; Visible history days 58.4 < 90; ROI 0.0786 < 0.15; Trades per active day 13.2 > 10; Trades per market 125 > 3; Top-1 positive PnL share 0.562 > 0.2; Top-5 positive PnL share 1 > 0.5; Median adverse move 1m unavailable,Activity truncated at 500 rows,https://polymarket.com/profile/0xbc75cabb772f1da1c1772430620da0174c453f69
0x88c4919de76e526d55a32c1f8afb439dd1f1129a,QuietRiskisWrong,,FINANCE:WEEK,FINANCE,False,2026-07-27T15:15:46+00:00,1.0991217888657407,18,49.77837962962963,500,76,16.129032258064516,6.578947368421052,True,0,,,,,,,0,0,0.0,True,,,0,40,827407.7124999999,-142436.3978,19.6,9,REJECT,Closed positions 0 < 50; Visible history days 49.8 < 90; ROI unavailable; Trades per active day 16.1 > 10; Trades per market 6.58 > 3; Top-1 positive PnL share unavailable; Top-5 positive PnL share unavailable; Median holding days unavailable; Median adverse move 1m unavailable,Activity truncated at 500 rows,https://polymarket.com/profile/0x88c4919de76e526d55a32c1f8afb439dd1f1129a
0x246b6f2cf1eb3c74ab82b5d7288ef49baeed1196,citra,,ECONOMICS:MONTH,ECONOMICS,False,2026-07-28T15:51:44+00:00,0.07414493701388888,19,58.07253472222222,500,19,16.666666666666668,26.31578947368421,True,0,,,,,,,0,0,0.0,True,,,0,11,27346.3976,-12576.3724,19.18,9,REJECT,Closed positions 0 < 50; Visible history days 58.1 < 90; ROI unavailable; Trades per active day 16.7 > 10; Trades per market 26.3 > 3; Top-1 positive PnL share unavailable; Top-5 positive PnL share unavailable; Median holding days unavailable; Median adverse move 1m unavailable,Activity truncated at 500 rows,https://polymarket.com/profile/0x246b6f2cf1eb3c74ab82b5d7288ef49baeed1196
0xc8b9a30184244d427169cf62485dde6041b2b836,SnowLover7,,"POLITICS:MONTH, POLITICS:WEEK",POLITICS,False,2026-07-28T16:19:40+00:00,0.05474678886574074,26,36.39541666666667,500,66,15.625,7.575757575757576,True,0,,,,,,,0,1,0.01694915254237288,True,,,0,45,169768.0269,16356.9354,19.0,9,REJECT,Closed positions 0 < 50; Visible history days 36.4 < 90; ROI unavailable; Trades per active day 15.6 > 10; Trades per market 7.58 > 3; Top-1 positive PnL share unavailable; Top-5 positive PnL share unavailable; Median holding days unavailable; Median adverse move 1m unavailable,Activity truncated at 500 rows,https://polymarket.com/profile/0xc8b9a30184244d427169cf62485dde6041b2b836
0xd59bc663f0825384724f4e858115769e6b9697c2,alabab,,TECH:WEEK,TECH,False,2026-07-27T01:55:37+00:00,1.654781511087963,3,2.1218518518518517,8,4,2.6666666666666665,2.0,False,1,-13.129984,151.119766,-0.08688462368317855,,,0.00125,1,1,0.25,False,,,0,4,6435.6651,2505.4135,18.5,9,REJECT,Active days (30d) 3 < 8; Closed positions 1 < 50; Visible history days 2.12 < 90; ROI -0.0869 < 0.15; Top-1 positive PnL share unavailable; Top-5 positive PnL share unavailable; Median holding days 0.00125 < 1; Hedged market share 0.25 > 0.05; Median adverse move 1m unavailable,,https://polymarket.com/profile/0xd59bc663f0825384724f4e858115769e6b9697c2
0xd9670ea74384c1e1b9dc1e4267ffadaf4cdd1409,LOL-eric,crypto_ericwu2,ECONOMICS:MONTH,ECONOMICS,False,2026-07-27T17:14:40+00:00,1.0165523444212963,3,2.1994907407407407,500,16,166.66666666666666,31.25,True,58,-107304.243325,893383.7438770904,-0.12010991252126775,0.24180881069568905,0.47926514070355747,0.03519097222222222,14,2,0.125,True,,,0,2,141725.9037,7147.9526000000005,18.06,9,REJECT,Active days (30d) 3 < 8; Visible history days 2.2 < 90; ROI -0.12 < 0.15; Trades per active day 167 > 10; Trades per market 31.2 > 3; Top-1 positive PnL share 0.242 > 0.2; Median holding days 0.0352 < 1; Hedged market share 0.125 > 0.05; Median adverse move 1m unavailable,Activity truncated at 500 rows,https://polymarket.com/profile/0xd9670ea74384c1e1b9dc1e4267ffadaf4cdd1409
0x16c7337106a0b3a06ff863a1c06d8e2cbf7322cd,0x16c7337106A0B3a06fF863A1c06D8e2cbf7322cd-1778811943243,,FINANCE:MONTH,FINANCE,False,2026-07-28T16:26:07+00:00,0.050267622199074075,3,4.142465277777778,500,240,166.66666666666666,2.0833333333333335,True,500,-588.891228,10995.54864479831,-0.053557239117721346,0.7526403104140615,0.8922272073588365,0.00024305555555555555,229,46,0.1940928270042194,True,,,0,163,2365.2492,-2920.1933,16.78,9,REJECT,Active days (30d) 3 < 8; Visible history days 4.14 < 90; ROI -0.0536 < 0.15; Trades per active day 167 > 10; Top-1 positive PnL share 0.753 > 0.2; Top-5 positive PnL share 0.892 > 0.5; Median holding days 0.000243 < 1; Hedged market share 0.194 > 0.05; Median adverse move 1m unavailable,Activity truncated at 500 rows,https://polymarket.com/profile/0x16c7337106a0b3a06ff863a1c06d8e2cbf7322cd
0x652fd12eb70599ccf9030ef3cda32ae69e70eb3d,English-learner,,ECONOMICS:WEEK,ECONOMICS,False,2026-07-26T22:07:15+00:00,1.8133694740509259,13,119.35503472222223,500,23,25.0,21.73913043478261,True,0,,,,,,,0,2,0.08695652173913043,True,,,0,5,73040.3511,-497.4061000000008,16.77,9,REJECT,Closed positions 0 < 50; ROI unavailable; Trades per active day 25 > 10; Trades per market 21.7 > 3; Top-1 positive PnL share unavailable; Top-5 positive PnL share unavailable; Median holding days unavailable; Hedged market share 0.087 > 0.05; Median adverse move 1m unavailable,Activity truncated at 500 rows,https://polymarket.com/profile/0x652fd12eb70599ccf9030ef3cda32ae69e70eb3d
0x476e1322d1a412fa0325527b8c3bc5e707b1396d,asparagus2012,,OVERALL:MONTH,OVERALL,False,2026-07-15T15:38:13+00:00,13.083531511087964,2,1.0953356481481482,500,5,250.0,100.0,True,15,3566366.000569,1400091.5604024297,2.54723769604319,0.7757253903763784,0.983570537543177,1.3149189814814815,5,0,0.0,True,,,0,1,0,-3726.4464,16.49,9,REJECT,Days since last trade 13.1 > 3; Active days (30d) 2 < 8; Closed positions 15 < 50; Visible history days 1.1 < 90; Trades per active day 250 > 10; Trades per market 100 > 3; Top-1 positive PnL share 0.776 > 0.2; Top-5 positive PnL share 0.984 > 0.5; Median adverse move 1m unavailable,Activity truncated at 500 rows,https://polymarket.com/profile/0x476e1322d1a412fa0325527b8c3bc5e707b1396d
0x4c4ed674fde7dc998036b3ae92445d00fcdb297b,SingletonFamilyFund,,TECH:WEEK,TECH,False,2026-07-28T00:48:31+00:00,0.7013787333101852,11,59.66105324074074,500,65,15.151515151515152,7.6923076923076925,True,0,,,,,,,0,2,0.045454545454545456,True,,,0,51,7199.8493,463.29720000000003,15.82,9,REJECT,Closed positions 0 < 50; Visible history days 59.7 < 90; ROI unavailable; Trades per active day 15.2 > 10; Trades per market 7.69 > 3; Top-1 positive PnL share unavailable; Top-5 positive PnL share unavailable; Median holding days unavailable; Median adverse move 1m unavailable,Activity truncated at 500 rows,https://polymarket.com/profile/0x4c4ed674fde7dc998036b3ae92445d00fcdb297b
0x89b43cb12b5073b99c5c23d401f788167fceee59,rambinsky,,OVERALL:MONTH,OVERALL,False,2026-07-19T22:32:45+00:00,8.795661140717593,1,0.18221064814814814,2,1,2.0,2.0,False,0,,,,,,,0,0,0.0,False,,,0,0,,,15.65,9,REJECT,Days since last trade 8.8 > 3; Active days (30d) 1 < 8; Closed positions 0 < 50; Visible history days 0.182 < 90; ROI unavailable; Top-1 positive PnL share unavailable; Top-5 positive PnL share unavailable; Median holding days unavailable; Median adverse move 1m unavailable,,https://polymarket.com/profile/0x89b43cb12b5073b99c5c23d401f788167fceee59
0xb8b44e3cc9e0962982e3c8bf444b6a7411f51f6e,MonacoLover,,ECONOMICS:MONTH,ECONOMICS,False,2026-07-26T11:01:07+00:00,2.2759620666435185,25,38.01649305555556,500,41,14.285714285714286,12.195121951219512,True,0,,,,,,,0,1,0.03225806451612903,True,,,0,54,76933.00289999999,-110638.5466,15.53,9,REJECT,Closed positions 0 < 50; Visible history days 38 < 90; ROI unavailable; Trades per active day 14.3 > 10; Trades per market 12.2 > 3; Top-1 positive PnL share unavailable; Top-5 positive PnL share unavailable; Median holding days unavailable; Median adverse move 1m unavailable,Activity truncated at 500 rows,https://polymarket.com/profile/0xb8b44e3cc9e0962982e3c8bf444b6a7411f51f6e
0xc682d7943aad07c246986a7aa2989cfcb17817bb,zthunderfury,zthunderfury,TECH:WEEK,TECH,False,2026-07-28T16:32:38+00:00,0.045742159236111114,14,13.168726851851853,500,61,35.714285714285715,8.19672131147541,True,0,,,,,,,0,1,0.020833333333333332,True,,,0,40,246287.1767,10708.8042,14.7,9,REJECT,Closed positions 0 < 50; Visible history days 13.2 < 90; ROI unavailable; Trades per active day 35.7 > 10; Trades per market 8.2 > 3; Top-1 positive PnL share unavailable; Top-5 positive PnL share unavailable; Median holding days unavailable; Median adverse move 1m unavailable,Activity truncated at 500 rows,https://polymarket.com/profile/0xc682d7943aad07c246986a7aa2989cfcb17817bb
0xc6e956068048c1cf98d8f0b3a495edc9da130741,luck00004,,FINANCE:WEEK,FINANCE,False,2026-07-28T03:26:33+00:00,0.5916333629398148,15,18.234768518518518,500,14,33.333333333333336,35.714285714285715,True,0,,,,,,,0,0,0.0,True,,,0,14,125381.62449999999,-181398.7866,14.41,9,REJECT,Closed positions 0 < 50; Visible history days 18.2 < 90; ROI unavailable; Trades per active day 33.3 > 10; Trades per market 35.7 > 3; Top-1 positive PnL share unavailable; Top-5 positive PnL share unavailable; Median holding days unavailable; Median adverse move 1m unavailable,Activity truncated at 500 rows,https://polymarket.com/profile/0xc6e956068048c1cf98d8f0b3a495edc9da130741
0x22e4248bdb066f65c9f11cd66cdd3719a28eef1c,ProfessionalPunter,evan_semet,POLITICS:WEEK,POLITICS,False,2026-07-28T13:54:05+00:00,0.15584632590277778,16,15.136053240740742,500,24,31.25,20.833333333333332,True,0,,,,,,,0,1,0.05,True,,,0,77,327823.9957,-41945.5591,14.01,9,REJECT,Closed positions 0 < 50; Visible history days 15.1 < 90; ROI unavailable; Trades per active day 31.2 > 10; Trades per market 20.8 > 3; Top-1 positive PnL share unavailable; Top-5 positive PnL share unavailable; Median holding days unavailable; Median adverse move 1m unavailable,Activity truncated at 500 rows,https://polymarket.com/profile/0x22e4248bdb066f65c9f11cd66cdd3719a28eef1c
0x6302cdefa498e7174dd0fcd6b06652a38eae7917,0x6302CDeFa498e7174dd0fcD6b06652A38eAe7917-1720863615256,,ECONOMICS:WEEK,ECONOMICS,False,2026-07-27T18:04:18+00:00,0.9820847518287037,1,114.1216087962963,500,19,18.51851851851852,26.31578947368421,True,0,,,,,,,0,0,0.0,True,,,0,0,,,11.68,9,REJECT,Active days (30d) 1 < 8; Closed positions 0 < 50; ROI unavailable; Trades per active day 18.5 > 10; Trades per market 26.3 > 3; Top-1 positive PnL share unavailable; Top-5 positive PnL share unavailable; Median holding days unavailable; Median adverse move 1m unavailable,Activity truncated at 500 rows,https://polymarket.com/profile/0x6302cdefa498e7174dd0fcd6b06652a38eae7917
0xd23f8c8aab13cfb2a35da40b67f8471faf9894a1,Corlys,CorlysBro,"FINANCE:MONTH, FINANCE:WEEK, OVERALL:WEEK, POLITICS:MONTH, POLITICS:WEEK, TECH:MONTH, TECH:WEEK",FINANCE,False,2026-07-28T16:43:05+00:00,0.038485214791666666,1,0.03212962962962963,500,334,500.0,1.4970059880239521,True,0,,,,,,,0,0,0.0,True,,,0,0,,,9.69,9,REJECT,Active days (30d) 1 < 8; Closed positions 0 < 50; Visible history days 0.0321 < 90; ROI unavailable; Trades per active day 500 > 10; Top-1 positive PnL share unavailable; Top-5 positive PnL share unavailable; Median holding days unavailable; Median adverse move 1m unavailable,Activity truncated at 500 rows,https://polymarket.com/profile/0xd23f8c8aab13cfb2a35da40b67f8471faf9894a1
0xd1a63a243042d864520512fbdbd2fd20e0ab1507,DkOYL,,"TECH:MONTH, TECH:WEEK",TECH,False,2026-07-28T16:42:23+00:00,0.03897132590277778,1,0.2764699074074074,500,282,500.0,1.7730496453900708,True,0,,,,,,,0,0,0.0,True,,,0,0,,,9.53,9,REJECT,Active days (30d) 1 < 8; Closed positions 0 < 50; Visible history days 0.276 < 90; ROI unavailable; Trades per active day 500 > 10; Top-1 positive PnL share unavailable; Top-5 positive PnL share unavailable; Median holding days unavailable; Median adverse move 1m unavailable,Activity truncated at 500 rows,https://polymarket.com/profile/0xd1a63a243042d864520512fbdbd2fd20e0ab1507
0x03805a13a0b3e058f55f6c6af95389d4f431073d,donthackme,,"FINANCE:MONTH, FINANCE:WEEK, OVERALL:WEEK, POLITICS:WEEK, TECH:MONTH, TECH:WEEK",FINANCE,False,2026-07-28T16:37:38+00:00,0.04226993701388889,1,0.18528935185185186,500,269,500.0,1.858736059479554,True,0,,,,,,,0,0,0.0,True,,,0,0,,,9.48,9,REJECT,Active days (30d) 1 < 8; Closed positions 0 < 50; Visible history days 0.185 < 90; ROI unavailable; Trades per active day 500 > 10; Top-1 positive PnL share unavailable; Top-5 positive PnL share unavailable; Median holding days unavailable; Median adverse move 1m unavailable,Activity truncated at 500 rows,https://polymarket.com/profile/0x03805a13a0b3e058f55f6c6af95389d4f431073d
0xfbd8c9c22ca76b3662d0e53a4f79719fdc684027,0xfBd8C9C22cA76B3662d0e53A4f79719FDC684027-1779347618060,,"FINANCE:WEEK, TECH:MONTH, TECH:WEEK",FINANCE,False,2026-07-28T16:43:26+00:00,0.038242159236111115,2,1.347037037037037,500,282,250.0,1.7730496453900708,True,0,,,,,,,0,1,0.003676470588235294,True,,,0,500,148.7382,-26114.4446,9.47,9,REJECT,Active days (30d) 2 < 8; Closed positions 0 < 50; Visible history days 1.35 < 90; ROI unavailable; Trades per active day 250 > 10; Top-1 positive PnL share unavailable; Top-5 positive PnL share unavailable; Median holding days unavailable; Median adverse move 1m unavailable,Activity truncated at 500 rows,https://polymarket.com/profile/0xfbd8c9c22ca76b3662d0e53a4f79719fdc684027
0xcfff4295288ee29f75a38a7028611b7c1e93673d,graynotebook19,,"FINANCE:MONTH, FINANCE:WEEK, TECH:MONTH, TECH:WEEK",FINANCE,False,2026-07-28T16:40:22+00:00,0.04037178886574074,1,0.22366898148148148,500,257,500.0,1.9455252918287937,True,0,,,,,,,0,0,0.0,True,,,0,0,,,9.43,9,REJECT,Active days (30d) 1 < 8; Closed positions 0 < 50; Visible history days 0.224 < 90; ROI unavailable; Trades per active day 500 > 10; Top-1 positive PnL share unavailable; Top-5 positive PnL share unavailable; Median holding days unavailable; Median adverse move 1m unavailable,Activity truncated at 500 rows,https://polymarket.com/profile/0xcfff4295288ee29f75a38a7028611b7c1e93673d
0x28bf066c6cb952da62d6d182c16ad173ada64a4e,plainfolder,,"FINANCE:MONTH, FINANCE:WEEK, POLITICS:MONTH, TECH:MONTH, TECH:WEEK",FINANCE,False,2026-07-28T16:41:32+00:00,0.03956160368055556,1,0.15480324074074073,500,254,500.0,1.968503937007874,True,0,,,,,,,0,0,0.0,True,,,0,0,,,9.42,9,REJECT,Active days (30d) 1 < 8; Closed positions 0 < 50; Visible history days 0.155 < 90; ROI unavailable; Trades per active day 500 > 10; Top-1 positive PnL share unavailable; Top-5 positive PnL share unavailable; Median holding days unavailable; Median adverse move 1m unavailable,Activity truncated at 500 rows,https://polymarket.com/profile/0x28bf066c6cb952da62d6d182c16ad173ada64a4e
0xc5187cb669690150643ba2f9aac6b7d98d212594,mustbethewater,,"FINANCE:MONTH, FINANCE:WEEK, POLITICS:MONTH, TECH:MONTH, TECH:WEEK",FINANCE,False,2026-07-28T14:23:23+00:00,0.13549910368055554,2,0.9637268518518518,500,261,250.0,1.9157088122605364,True,0,,,,,,,0,0,0.0,True,,,0,500,68.4601,-69453.0554,9.36,9,REJECT,Active days (30d) 2 < 8; Closed positions 0 < 50; Visible history days 0.964 < 90; ROI unavailable; Trades per active day 250 > 10; Top-1 positive PnL share unavailable; Top-5 positive PnL share unavailable; Median holding days unavailable; Median adverse move 1m unavailable,Activity truncated at 500 rows,https://polymarket.com/profile/0xc5187cb669690150643ba2f9aac6b7d98d212594
0xb0c85813a7a4428f1139ff91d3118a92c391fe7f,OursIsTheFury,,"FINANCE:MONTH, FINANCE:WEEK, POLITICS:MONTH, TECH:MONTH, TECH:WEEK",FINANCE,False,2026-07-28T16:42:22+00:00,0.03898289997685185,1,0.0732986111111111,500,237,500.0,2.109704641350211,True,0,,,,,,,0,0,0.0,True,,,0,0,,,9.34,9,REJECT,Active days (30d) 1 < 8; Closed positions 0 < 50; Visible history days 0.0733 < 90; ROI unavailable; Trades per active day 500 > 10; Top-1 positive PnL share unavailable; Top-5 positive PnL share unavailable; Median holding days unavailable; Median adverse move 1m unavailable,Activity truncated at 500 rows,https://polymarket.com/profile/0xb0c85813a7a4428f1139ff91d3118a92c391fe7f
0x764b305694b026c1acce7bf862c3b5456a146bad,quietparcel,,"FINANCE:MONTH, TECH:MONTH, TECH:WEEK",FINANCE,False,2026-07-28T16:37:56+00:00,0.04206160368055556,1,0.1854976851851852,500,236,500.0,2.1186440677966103,True,0,,,,,,,0,0,0.0,True,,,0,0,,,9.34,9,REJECT,Active days (30d) 1 < 8; Closed positions 0 < 50; Visible history days 0.185 < 90; ROI unavailable; Trades per active day 500 > 10; Top-1 positive PnL share unavailable; Top-5 positive PnL share unavailable; Median holding days unavailable; Median adverse move 1m unavailable,Activity truncated at 500 rows,https://polymarket.com/profile/0x764b305694b026c1acce7bf862c3b5456a146bad
0x2b5920274740ca61745eeb077587bf5bb4ff9db6,aHjCz,,"TECH:MONTH, TECH:WEEK",TECH,False,2026-07-28T16:43:29+00:00,0.03820743701388889,1,0.293275462962963,500,319,500.0,1.567398119122257,True,0,,,,,,,0,4,0.019801980198019802,True,,,0,0,,,9.32,9,REJECT,Active days (30d) 1 < 8; Closed positions 0 < 50; Visible history days 0.293 < 90; ROI unavailable; Trades per active day 500 > 10; Top-1 positive PnL share unavailable; Top-5 positive PnL share unavailable; Median holding days unavailable; Median adverse move 1m unavailable,Activity truncated at 500 rows,https://polymarket.com/profile/0x2b5920274740ca61745eeb077587bf5bb4ff9db6
0x8d85fa205607bde362a92208fb04e6d9e44c726f,CheChe-0,,TECH:WEEK,TECH,False,2026-07-28T16:43:29+00:00,0.03820743701388889,1,0.12666666666666668,500,223,500.0,2.242152466367713,True,0,,,,,,,0,0,0.0,True,,,0,0,,,9.27,9,REJECT,Active days (30d) 1 < 8; Closed positions 0 < 50; Visible history days 0.127 < 90; ROI unavailable; Trades per active day 500 > 10; Top-1 positive PnL share unavailable; Top-5 positive PnL share unavailable; Median holding days unavailable; Median adverse move 1m unavailable,Activity truncated at 500 rows,https://polymarket.com/profile/0x8d85fa205607bde362a92208fb04e6d9e44c726f
0x7dcf235766e6b09c8869468a75d5495cf171a7bd,godblessme2026,,"FINANCE:WEEK, POLITICS:MONTH, POLITICS:WEEK, TECH:MONTH, TECH:WEEK",FINANCE,False,2026-07-28T16:41:29+00:00,0.03959632590277778,2,0.6994907407407407,500,212,250.0,2.358490566037736,True,0,,,,,,,0,0,0.0,True,,,0,500,13.0658,-33838.1378,9.21,9,REJECT,Active days (30d) 2 < 8; Closed positions 0 < 50; Visible history days 0.699 < 90; ROI unavailable; Trades per active day 250 > 10; Top-1 positive PnL share unavailable; Top-5 positive PnL share unavailable; Median holding days unavailable; Median adverse move 1m unavailable,Activity truncated at 500 rows,https://polymarket.com/profile/0x7dcf235766e6b09c8869468a75d5495cf171a7bd
0xc8ab97a9089a9ff7e6ef0688e6e591a066946418,ArmageddonRewardsBilly,Eltonma,"POLITICS:MONTH, POLITICS:WEEK",POLITICS,False,2026-07-28T16:43:02+00:00,0.03851993701388889,1,0.12253472222222223,500,203,500.0,2.4630541871921183,True,0,,,,,,,0,1,0.007692307692307693,True,,,0,0,,,9.02,9,REJECT,Active days (30d) 1 < 8; Closed positions 0 < 50; Visible history days 0.123 < 90; ROI unavailable; Trades per active day 500 > 10; Top-1 positive PnL share unavailable; Top-5 positive PnL share unavailable; Median holding days unavailable; Median adverse move 1m unavailable,Activity truncated at 500 rows,https://polymarket.com/profile/0xc8ab97a9089a9ff7e6ef0688e6e591a066946418
0x9f208e85f326f865077fffa68b32d8b0e2bc12c3,mildwindow27,,"FINANCE:MONTH, POLITICS:MONTH, TECH:MONTH, TECH:WEEK",FINANCE,False,2026-07-28T16:41:43+00:00,0.03943428886574074,1,0.11835648148148148,500,174,500.0,2.8735632183908044,True,0,,,,,,,0,0,0.0,True,,,0,0,,,8.92,9,REJECT,Active days (30d) 1 < 8; Closed positions 0 < 50; Visible history days 0.118 < 90; ROI unavailable; Trades per active day 500 > 10; Top-1 positive PnL share unavailable; Top-5 positive PnL share unavailable; Median holding days unavailable; Median adverse move 1m unavailable,Activity truncated at 500 rows,https://polymarket.com/profile/0x9f208e85f326f865077fffa68b32d8b0e2bc12c3
0x5004213415863da95aa87c364cfa90eeb7f29999,,,TECH:WEEK,TECH,False,2026-07-27T14:06:42+00:00,1.1470847518287037,4,3.2194444444444446,188,74,47.0,2.5405405405405403,False,0,,,,,,,0,0,0.0,True,,,0,74,7032.7968,3217.2059,8.0,9,REJECT,Active days (30d) 4 < 8; Closed positions 0 < 50; Visible history days 3.22 < 90; ROI unavailable; Trades per active day 47 > 10; Top-1 positive PnL share unavailable; Top-5 positive PnL share unavailable; Median holding days unavailable; Median adverse move 1m unavailable,,https://polymarket.com/profile/0x5004213415863da95aa87c364cfa90eeb7f29999
0xe392d6cc6a012f306cef646f79114eb6f351c023,ssddssd,,CRYPTO:WEEK,CRYPTO,True,2026-07-28T16:42:58+00:00,0.03856623331018519,8,8.808263888888888,500,29,62.5,17.24137931034483,True,0,,,,,,,0,0,0.0,True,,,0,164,8981.6384,-35583.2726,3.6,9,REJECT,Closed positions 0 < 50; Visible history days 8.81 < 90; ROI unavailable; Trades per active day 62.5 > 10; Trades per market 17.2 > 3; Top-1 positive PnL share unavailable; Top-5 positive PnL share unavailable; Median holding days unavailable; Median adverse move 1m unavailable,Activity truncated at 500 rows,https://polymarket.com/profile/0xe392d6cc6a012f306cef646f79114eb6f351c023
0x89cd944aa9cf528142e3557099c6992eb7ce4d7d,,,ECONOMICS:MONTH,ECONOMICS,False,2026-07-25T17:15:21+00:00,3.016077807384259,12,13.749363425925926,500,23,41.666666666666664,21.73913043478261,True,500,210624.718626,2637173.1854942297,0.07986760967559552,0.2569916357612317,0.5352865576122,0.3005381944444444,12,3,0.14285714285714285,True,,,0,22,34904.1656,15876.819399999998,32.35,10,REJECT,Days since last trade 3.02 > 3; Visible history days 13.7 < 90; ROI 0.0799 < 0.15; Trades per active day 41.7 > 10; Trades per market 21.7 > 3; Top-1 positive PnL share 0.257 > 0.2; Top-5 positive PnL share 0.535 > 0.5; Median holding days 0.301 < 1; Hedged market share 0.143 > 0.05; Median adverse move 1m unavailable,Activity truncated at 500 rows,https://polymarket.com/profile/0x89cd944aa9cf528142e3557099c6992eb7ce4d7d
0xc03ce4d8af842ca6251ac57228b3ffb166ed50af,NyetRisk,,POLITICS:MONTH,POLITICS,False,2026-07-28T15:26:43+00:00,0.09151762219907407,2,0.8490625,500,48,250.0,10.416666666666666,True,37,276872.557508,456942.4360953092,0.6059243695419215,0.33241563963570947,0.6311566428311541,,0,0,,True,,,0,500,2611.0963,-115387.0535,30.6,10,REJECT,Active days (30d) 2 < 8; Closed positions 37 < 50; Visible history days 0.849 < 90; Trades per active day 250 > 10; Trades per market 10.4 > 3; Top-1 positive PnL share 0.332 > 0.2; Top-5 positive PnL share 0.631 > 0.5; Median holding days unavailable; Hedged market share unavailable; Median adverse move 1m unavailable,Activity truncated at 500 rows,https://polymarket.com/profile/0xc03ce4d8af842ca6251ac57228b3ffb166ed50af
0x968af96247aaeb6f6bce683471d7eb9f880b4512,0x968AF96247AaeB6f6BcE683471D7eB9F880B4512-1783857865325,,CRYPTO:MONTH,CRYPTO,True,2026-07-24T02:59:18+00:00,4.610556974050926,2,1.0797222222222222,500,56,250.0,8.928571428571429,True,201,62448.437069,191965.3003923686,0.32531106893463635,0.28059961135953393,0.6089438463080886,0.002916666666666667,32,15,0.26785714285714285,True,,,0,142,0,-20291.8534,30.25,10,REJECT,Days since last trade 4.61 > 3; Active days (30d) 2 < 8; Visible history days 1.08 < 90; Trades per active day 250 > 10; Trades per market 8.93 > 3; Top-1 positive PnL share 0.281 > 0.2; Top-5 positive PnL share 0.609 > 0.5; Median holding days 0.00292 < 1; Hedged market share 0.268 > 0.05; Median adverse move 1m unavailable,Activity truncated at 500 rows,https://polymarket.com/profile/0x968af96247aaeb6f6bce683471d7eb9f880b4512
0xcc500cbcc8b7cf5bd21975ebbea34f21b5644c82,justdance,,CRYPTO:MONTH,CRYPTO,True,2026-07-28T16:08:02+00:00,0.06282549256944445,4,2.9157060185185184,500,80,125.0,6.25,True,500,159032.525,1188150.572489388,0.13384879718300216,0.21262070770510097,0.5690958270752855,0.1222337962962963,49,19,0.2375,True,,,0,500,155728.8952,-321931.7421,27.28,10,REJECT,Active days (30d) 4 < 8; Visible history days 2.92 < 90; ROI 0.134 < 0.15; Trades per active day 125 > 10; Trades per market 6.25 > 3; Top-1 positive PnL share 0.213 > 0.2; Top-5 positive PnL share 0.569 > 0.5; Median holding days 0.122 < 1; Hedged market share 0.237 > 0.05; Median adverse move 1m unavailable,Activity truncated at 500 rows,https://polymarket.com/profile/0xcc500cbcc8b7cf5bd21975ebbea34f21b5644c82
0xa01c0a5e4f8c1114e95c68ee97694bc95e51766c,0xa01c0A5E4F8c1114e95c68eE97694BC95E51766C-1782858480408,,CRYPTO:MONTH,CRYPTO,True,2026-07-17T12:08:15+00:00,11.22934169627315,2,1.3676967592592593,500,15,250.0,33.333333333333336,True,79,464996.716906,409432.53279046615,1.1357102322495944,0.29065155369222084,0.5226736845934503,0.002939814814814815,9,1,0.06666666666666667,True,,,0,122,0,-148195.4912,26.13,10,REJECT,Days since last trade 11.2 > 3; Active days (30d) 2 < 8; Visible history days 1.37 < 90; Trades per active day 250 > 10; Trades per market 33.3 > 3; Top-1 positive PnL share 0.291 > 0.2; Top-5 positive PnL share 0.523 > 0.5; Median holding days 0.00294 < 1; Hedged market share 0.0667 > 0.05; Median adverse move 1m unavailable,Activity truncated at 500 rows,https://polymarket.com/profile/0xa01c0a5e4f8c1114e95c68ee97694bc95e51766c
0x79248fc67b78d0458cff74fc38a2e33027050b32,ldjfgklendmMMM,,CRYPTO:MONTH,CRYPTO,True,2026-07-24T18:08:58+00:00,3.9788440110879626,2,0.8405324074074074,500,27,250.0,18.51851851851852,True,39,52201.557893,73335.8245661588,0.7118152444840536,0.16879263314572676,0.6377118780682033,0.0037962962962962963,22,7,0.25925925925925924,True,,,0,5,0,-8097.8243,25.0,10,REJECT,Days since last trade 3.98 > 3; Active days (30d) 2 < 8; Closed positions 39 < 50; Visible history days 0.841 < 90; Trades per active day 250 > 10; Trades per market 18.5 > 3; Top-5 positive PnL share 0.638 > 0.5; Median holding days 0.0038 < 1; Hedged market share 0.259 > 0.05; Median adverse move 1m unavailable,Activity truncated at 500 rows,https://polymarket.com/profile/0x79248fc67b78d0458cff74fc38a2e33027050b32
0x267dd2229c0aa723ee10a34584f65488abc144f1,Gk-itjjtt,,TECH:MONTH,TECH,False,2026-07-24T14:57:43+00:00,4.111656511087963,2,16.07460648148148,46,6,23.0,7.666666666666667,False,5,15719.474816,8871.696066909912,1.771868050646062,0.9548499777309608,1.0,0.5163773148148149,5,0,0.0,True,,,0,1,4.5,-4.5,23.8,10,REJECT,Days since last trade 4.11 > 3; Active days (30d) 2 < 8; Closed positions 5 < 50; Visible history days 16.1 < 90; Trades per active day 23 > 10; Trades per market 7.67 > 3; Top-1 positive PnL share 0.955 > 0.2; Top-5 positive PnL share 1 > 0.5; Median holding days 0.516 < 1; Median adverse move 1m unavailable,,https://polymarket.com/profile/0x267dd2229c0aa723ee10a34584f65488abc144f1
0xe234959595e01dacd391a9502a6ad0edf4e3304a,0x011f2d377e56119fb09196dffb0948ae5571112,,ECONOMICS:WEEK,ECONOMICS,False,2026-07-28T16:07:16+00:00,0.06335789997685186,4,3.002152777777778,500,40,125.0,12.5,True,162,134343.13855,2586654.460352232,0.05193702545476681,0.2769506655683905,0.5950475914678895,0.3525115740740741,19,10,0.2702702702702703,True,,,0,105,194331.2208,-24709.6191,23.09,10,REJECT,Active days (30d) 4 < 8; Visible history days 3 < 90; ROI 0.0519 < 0.15; Trades per active day 125 > 10; Trades per market 12.5 > 3; Top-1 positive PnL share 0.277 > 0.2; Top-5 positive PnL share 0.595 > 0.5; Median holding days 0.353 < 1; Hedged market share 0.27 > 0.05; Median adverse move 1m unavailable,Activity truncated at 500 rows,https://polymarket.com/profile/0xe234959595e01dacd391a9502a6ad0edf4e3304a
0xf8db6180208087fea02623fe8b64f50a8d3ff92c,dudjbdj,,ECONOMICS:WEEK,ECONOMICS,False,2026-07-28T16:18:20+00:00,0.05567271479166667,2,1.649525462962963,48,4,24.0,12.0,False,2,2804.152351,3059.988504409682,0.9163930998299498,1.0,1.0,0.44381944444444443,1,1,0.25,True,,,0,3,89852.04639999999,2329.6966,22.17,10,REJECT,Active days (30d) 2 < 8; Closed positions 2 < 50; Visible history days 1.65 < 90; Trades per active day 24 > 10; Trades per market 12 > 3; Top-1 positive PnL share 1 > 0.2; Top-5 positive PnL share 1 > 0.5; Median holding days 0.444 < 1; Hedged market share 0.25 > 0.05; Median adverse move 1m unavailable,,https://polymarket.com/profile/0xf8db6180208087fea02623fe8b64f50a8d3ff92c
0x095fbca2e0eaf0c9841005135427e1e0117190b2,muchobliged,,OVERALL:MONTH,OVERALL,False,2026-07-10T19:06:28+00:00,17.938913455532408,2,1.0164814814814815,500,2,250.0,250.0,True,15,8237077.183047,10426603.989900963,0.7900057574858791,0.2909976836332533,0.7949213918569686,0.08914351851851852,1,0,0.0,True,,,0,6,0,-6080777.8236,22.04,10,REJECT,Days since last trade 17.9 > 3; Active days (30d) 2 < 8; Closed positions 15 < 50; Visible history days 1.02 < 90; Trades per active day 250 > 10; Trades per market 250 > 3; Top-1 positive PnL share 0.291 > 0.2; Top-5 positive PnL share 0.795 > 0.5; Median holding days 0.0891 < 1; Median adverse move 1m unavailable,Activity truncated at 500 rows,https://polymarket.com/profile/0x095fbca2e0eaf0c9841005135427e1e0117190b2
0xf920812a747ec629158d06cae571167fa2149dff,Fderer,,"TECH:MONTH, TECH:WEEK",TECH,False,2026-07-28T02:49:57+00:00,0.6170500296064815,5,3.1596064814814815,28,8,5.6,3.5,False,0,,,,,,,0,1,0.125,False,,,0,4,10105.9125,4189.3042,21.18,10,REJECT,Active days (30d) 5 < 8; Closed positions 0 < 50; Visible history days 3.16 < 90; ROI unavailable; Trades per market 3.5 > 3; Top-1 positive PnL share unavailable; Top-5 positive PnL share unavailable; Median holding days unavailable; Hedged market share 0.125 > 0.05; Median adverse move 1m unavailable,,https://polymarket.com/profile/0xf920812a747ec629158d06cae571167fa2149dff
0xa309f903dbbd559e87d8d368834b8e41355c4cf2,ratehikes,,"ECONOMICS:MONTH, ECONOMICS:WEEK",ECONOMICS,False,2026-07-21T16:44:01+00:00,7.037837066643519,15,42.09180555555555,500,17,16.666666666666668,29.41176470588235,True,8,4382.689730000004,48072.33239091858,0.09116865173839463,0.9973375559339874,1.0,28.38185763888889,4,1,0.08333333333333333,True,,,0,12,324553.437,71163.4154,20.84,10,REJECT,Days since last trade 7.04 > 3; Closed positions 8 < 50; Visible history days 42.1 < 90; ROI 0.0912 < 0.15; Trades per active day 16.7 > 10; Trades per market 29.4 > 3; Top-1 positive PnL share 0.997 > 0.2; Top-5 positive PnL share 1 > 0.5; Hedged market share 0.0833 > 0.05; Median adverse move 1m unavailable,Activity truncated at 500 rows,https://polymarket.com/profile/0xa309f903dbbd559e87d8d368834b8e41355c4cf2
0xe904443b4084bbda216e344353a44cd4324a2d9f,shovelingdigging,,FINANCE:WEEK,FINANCE,False,2026-07-28T16:41:38+00:00,0.03949215923611111,29,28.361574074074074,500,100,17.24137931034483,5.0,True,0,,,,,,,0,5,0.054945054945054944,True,,,0,43,20830.611100000002,4308.6354,19.1,10,REJECT,Closed positions 0 < 50; Visible history days 28.4 < 90; ROI unavailable; Trades per active day 17.2 > 10; Trades per market 5 > 3; Top-1 positive PnL share unavailable; Top-5 positive PnL share unavailable; Median holding days unavailable; Hedged market share 0.0549 > 0.05; Median adverse move 1m unavailable,Activity truncated at 500 rows,https://polymarket.com/profile/0xe904443b4084bbda216e344353a44cd4324a2d9f
0xff72a6a01da59f9a8656e0ad39cdb048d0a4cdaa,SheepToken,SheepTokenPM,POLITICS:MONTH,POLITICS,False,2026-07-27T13:59:54+00:00,1.151806974050926,14,60.39287037037037,500,69,12.195121951219512,7.246376811594203,True,0,,,,,,,0,6,0.09230769230769231,True,,,0,16,9340.5065,187.6194,18.14,10,REJECT,Closed positions 0 < 50; Visible history days 60.4 < 90; ROI unavailable; Trades per active day 12.2 > 10; Trades per market 7.25 > 3; Top-1 positive PnL share unavailable; Top-5 positive PnL share unavailable; Median holding days unavailable; Hedged market share 0.0923 > 0.05; Median adverse move 1m unavailable,Activity truncated at 500 rows,https://polymarket.com/profile/0xff72a6a01da59f9a8656e0ad39cdb048d0a4cdaa
0xece0c003e035b724b7fe819c0b363359f475a64d,GDJHAV,,ECONOMICS:MONTH,ECONOMICS,False,2026-07-23T06:40:12+00:00,5.457154196273148,3,6.997685185185185,7,2,2.3333333333333335,3.5,False,0,,,,,,,0,0,0.0,False,,,0,2,80260.0044,53442.202399999995,18.09,10,REJECT,Days since last trade 5.46 > 3; Active days (30d) 3 < 8; Closed positions 0 < 50; Visible history days 7 < 90; ROI unavailable; Trades per market 3.5 > 3; Top-1 positive PnL share unavailable; Top-5 positive PnL share unavailable; Median holding days unavailable; Median adverse move 1m unavailable,,https://polymarket.com/profile/0xece0c003e035b724b7fe819c0b363359f475a64d
0x59f99c4f3d76cf232a23da16aa268806b2fc963a,treantprotecto,,TECH:MONTH,TECH,False,2026-07-24T16:45:15+00:00,4.036980585162037,2,1.2299305555555555,243,3,121.5,81.0,False,4,11185.044133000001,28142.653411476353,0.3974409935503391,0.9095060673863786,1.0,1.104375,3,1,0.3333333333333333,True,,,0,0,,,16.75,10,REJECT,Days since last trade 4.04 > 3; Active days (30d) 2 < 8; Closed positions 4 < 50; Visible history days 1.23 < 90; Trades per active day 122 > 10; Trades per market 81 > 3; Top-1 positive PnL share 0.91 > 0.2; Top-5 positive PnL share 1 > 0.5; Hedged market share 0.333 > 0.05; Median adverse move 1m unavailable,,https://polymarket.com/profile/0x59f99c4f3d76cf232a23da16aa268806b2fc963a
0x8042d175fa3c31fc48b22accbad216564d8f3680,Neonbruv,,OVERALL:MONTH,OVERALL,False,2026-07-19T21:59:01+00:00,8.819087066643519,3,4.143680555555555,459,6,153.0,76.5,False,6,1095513.588194,2767642.7266761833,0.39582912116321584,0.6418794817063822,1.0,0.6448263888888889,6,0,0.0,True,,,0,0,,,16.64,10,REJECT,Days since last trade 8.82 > 3; Active days (30d) 3 < 8; Closed positions 6 < 50; Visible history days 4.14 < 90; Trades per active day 153 > 10; Trades per market 76.5 > 3; Top-1 positive PnL share 0.642 > 0.2; Top-5 positive PnL share 1 > 0.5; Median holding days 0.645 < 1; Median adverse move 1m unavailable,,https://polymarket.com/profile/0x8042d175fa3c31fc48b22accbad216564d8f3680
0xe3f1fb88b9eabc743e2a2d947e2efdba5e99bd92,yamal19,,OVERALL:MONTH,OVERALL,False,2026-07-20T00:45:25+00:00,8.703531511087963,2,0.34935185185185186,500,1,250.0,500.0,True,1,1347506.422682,1952424.1834707793,0.6901709342109096,1.0,1.0,0.34935185185185186,1,0,0.0,True,,,0,0,,,16.55,10,REJECT,Days since last trade 8.7 > 3; Active days (30d) 2 < 8; Closed positions 1 < 50; Visible history days 0.349 < 90; Trades per active day 250 > 10; Trades per market 500 > 3; Top-1 positive PnL share 1 > 0.2; Top-5 positive PnL share 1 > 0.5; Median holding days 0.349 < 1; Median adverse move 1m unavailable,Activity truncated at 500 rows,https://polymarket.com/profile/0xe3f1fb88b9eabc743e2a2d947e2efdba5e99bd92
0xaf458bee32b8f1d9ba39ee876f20c7e3ce62ec7d,fed26,,"ECONOMICS:MONTH, ECONOMICS:WEEK",ECONOMICS,False,2026-07-21T03:36:04+00:00,7.5850245666435185,7,104.0921875,500,18,10.869565217391305,27.77777777777778,True,27,-6664.30826,555790.4097005073,-0.011990685955864411,0.43086440262222847,0.8909066682385971,8.78900462962963,7,2,0.14285714285714285,True,,,0,12,260908.0689,131430.631,16.22,10,REJECT,Days since last trade 7.59 > 3; Active days (30d) 7 < 8; Closed positions 27 < 50; ROI -0.012 < 0.15; Trades per active day 10.9 > 10; Trades per market 27.8 > 3; Top-1 positive PnL share 0.431 > 0.2; Top-5 positive PnL share 0.891 > 0.5; Hedged market share 0.143 > 0.05; Median adverse move 1m unavailable,Activity truncated at 500 rows,https://polymarket.com/profile/0xaf458bee32b8f1d9ba39ee876f20c7e3ce62ec7d
0x9468bb7e53c8a5f13cc283f2aed950ebf9865d4b,myzbsq,,OVERALL:MONTH,OVERALL,False,2026-07-19T20:18:22+00:00,8.888982899976853,2,3.4425347222222222,500,5,250.0,100.0,True,2,1629130.657093,436588.00180382776,3.7315057911852962,0.7508445305698839,1.0,,0,0,0.0,True,,,0,9,0,-484121.384,16.11,10,REJECT,Days since last trade 8.89 > 3; Active days (30d) 2 < 8; Closed positions 2 < 50; Visible history days 3.44 < 90; Trades per active day 250 > 10; Trades per market 100 > 3; Top-1 positive PnL share 0.751 > 0.2; Top-5 positive PnL share 1 > 0.5; Median holding days unavailable; Median adverse move 1m unavailable,Activity truncated at 500 rows,https://polymarket.com/profile/0x9468bb7e53c8a5f13cc283f2aed950ebf9865d4b
0xf5fabdcdc6eb6d9765a228824f16cca9c91f62df,palegrit,,OVERALL:MONTH,OVERALL,False,2026-07-12T11:13:07+00:00,16.267628733310186,5,4.039849537037037,500,5,100.0,100.0,True,24,1749103.885009,11120415.388324456,0.15728763934892384,0.27780149995431186,0.728185184519541,0.4096990740740741,5,0,0.0,True,,,0,0,,,15.64,10,REJECT,Days since last trade 16.3 > 3; Active days (30d) 5 < 8; Closed positions 24 < 50; Visible history days 4.04 < 90; Trades per active day 100 > 10; Trades per market 100 > 3; Top-1 positive PnL share 0.278 > 0.2; Top-5 positive PnL share 0.728 > 0.5; Median holding days 0.41 < 1; Median adverse move 1m unavailable,Activity truncated at 500 rows,https://polymarket.com/profile/0xf5fabdcdc6eb6d9765a228824f16cca9c91f62df
0x6dc4bf9d9be9b28e303c3ff1c403fc04e3bc6770,RealMaxNick,,CRYPTO:WEEK,CRYPTO,True,2026-07-28T13:00:35+00:00,0.19299910368055553,24,47.14971064814815,500,90,12.820512820512821,5.555555555555555,True,0,,,,,,,0,6,0.07142857142857142,True,,,0,173,101424.1399,-23582.66,15.3,10,REJECT,Closed positions 0 < 50; Visible history days 47.1 < 90; ROI unavailable; Trades per active day 12.8 > 10; Trades per market 5.56 > 3; Top-1 positive PnL share unavailable; Top-5 positive PnL share unavailable; Median holding days unavailable; Hedged market share 0.0714 > 0.05; Median adverse move 1m unavailable,Activity truncated at 500 rows,https://polymarket.com/profile/0x6dc4bf9d9be9b28e303c3ff1c403fc04e3bc6770
0x825a96fbae9189ea41bb2aa70e7572970f408835,noman2026,,CRYPTO:WEEK,CRYPTO,True,2026-05-10T07:13:10+00:00,79.43426067775462,0,231.0898611111111,337,46,4.955882352941177,7.326086956521739,False,0,,,,,,,0,4,0.08695652173913043,False,,,0,0,,,14.51,10,REJECT,Days since last trade 79.4 > 3; Active days (30d) 0 < 8; Closed positions 0 < 50; ROI unavailable; Trades per market 7.33 > 3; Top-1 positive PnL share unavailable; Top-5 positive PnL share unavailable; Median holding days unavailable; Hedged market share 0.087 > 0.05; Median adverse move 1m unavailable,,https://polymarket.com/profile/0x825a96fbae9189ea41bb2aa70e7572970f408835
0xdbf16bcffa41bd95faec2640daa2c95ab2bd86b5,UnderperformingForALiving,,"ECONOMICS:MONTH, OVERALL:MONTH",ECONOMICS,False,2026-07-19T16:29:06+00:00,9.048195862939815,7,12.20425925925926,500,13,71.42857142857143,38.46153846153846,True,306,16127.345662999993,38851615.036607355,0.00041510103628392906,0.37811887826446394,0.8993108759821344,0.5254861111111111,7,0,0.0,True,,,0,2,1000.1693,0.0,13.0,10,REJECT,Days since last trade 9.05 > 3; Active days (30d) 7 < 8; Visible history days 12.2 < 90; ROI 0.000415 < 0.15; Trades per active day 71.4 > 10; Trades per market 38.5 > 3; Top-1 positive PnL share 0.378 > 0.2; Top-5 positive PnL share 0.899 > 0.5; Median holding days 0.525 < 1; Median adverse move 1m unavailable,Activity truncated at 500 rows,https://polymarket.com/profile/0xdbf16bcffa41bd95faec2640daa2c95ab2bd86b5
0x2b9dd0a3ae93bf0d08ef733650bb9002160574f5,grinder456,,ECONOMICS:MONTH,ECONOMICS,False,2026-07-25T10:05:03+00:00,3.3148972518287034,21,20.728078703703705,500,43,23.80952380952381,11.627906976744185,True,0,,,,,,,0,1,0.030303030303030304,True,,,0,1,0,-6.7299,12.29,10,REJECT,Days since last trade 3.31 > 3; Closed positions 0 < 50; Visible history days 20.7 < 90; ROI unavailable; Trades per active day 23.8 > 10; Trades per market 11.6 > 3; Top-1 positive PnL share unavailable; Top-5 positive PnL share unavailable; Median holding days unavailable; Median adverse move 1m unavailable,Activity truncated at 500 rows,https://polymarket.com/profile/0x2b9dd0a3ae93bf0d08ef733650bb9002160574f5
0x0cce39abf5ad6ce611ed667e0e36e286acdd78d9,asdaqwefs,,TECH:MONTH,TECH,False,2026-07-24T15:58:12+00:00,4.069654196273148,1,248.0671412037037,125,2,62.5,62.5,False,0,,,,,,,0,0,0.0,True,,,0,0,,,10.93,10,REJECT,Days since last trade 4.07 > 3; Active days (30d) 1 < 8; Closed positions 0 < 50; ROI unavailable; Trades per active day 62.5 > 10; Trades per market 62.5 > 3; Top-1 positive PnL share unavailable; Top-5 positive PnL share unavailable; Median holding days unavailable; Median adverse move 1m unavailable,,https://polymarket.com/profile/0x0cce39abf5ad6ce611ed667e0e36e286acdd78d9
0x2e25b222e2080c377fc1fb2b9f926315f0f4d49e,Sparkling8899,,OVERALL:MONTH,OVERALL,False,2026-07-19T18:51:46+00:00,8.94912178886574,1,0.007199074074074074,500,1,500.0,500.0,True,40,-23045.064528999774,20297165.750311352,-0.001135383373841063,0.14735026819224475,0.584795823784397,0.1584722222222222,1,0,0.0,True,,,0,0,,,10.5,10,REJECT,Days since last trade 8.95 > 3; Active days (30d) 1 < 8; Closed positions 40 < 50; Visible history days 0.0072 < 90; ROI -0.00114 < 0.15; Trades per active day 500 > 10; Trades per market 500 > 3; Top-5 positive PnL share 0.585 > 0.5; Median holding days 0.158 < 1; Median adverse move 1m unavailable,Activity truncated at 500 rows,https://polymarket.com/profile/0x2e25b222e2080c377fc1fb2b9f926315f0f4d49e
0xa022ba0a68e11a78348382ff168601012d4d77f8,yungstalin,,ECONOMICS:MONTH,ECONOMICS,False,2026-07-28T00:03:42+00:00,0.7325014184953704,11,9.189652777777777,500,16,45.45454545454545,31.25,True,0,,,,,,,0,1,0.06666666666666667,True,,,0,104,177509.0883,-312847.32540000003,9.52,10,REJECT,Closed positions 0 < 50; Visible history days 9.19 < 90; ROI unavailable; Trades per active day 45.5 > 10; Trades per market 31.2 > 3; Top-1 positive PnL share unavailable; Top-5 positive PnL share unavailable; Median holding days unavailable; Hedged market share 0.0667 > 0.05; Median adverse move 1m unavailable,Activity truncated at 500 rows,https://polymarket.com/profile/0xa022ba0a68e11a78348382ff168601012d4d77f8
0x090af6fd2aeb04202abc97370aa86c1b81d90fa6,VictorLudorum,,"FINANCE:MONTH, FINANCE:WEEK, POLITICS:MONTH, TECH:MONTH",FINANCE,False,2026-07-28T16:41:29+00:00,0.03959632590277778,1,0.5166203703703703,500,164,500.0,3.048780487804878,True,0,,,,,,,0,0,0.0,True,,,0,0,,,8.82,10,REJECT,Active days (30d) 1 < 8; Closed positions 0 < 50; Visible history days 0.517 < 90; ROI unavailable; Trades per active day 500 > 10; Trades per market 3.05 > 3; Top-1 positive PnL share unavailable; Top-5 positive PnL share unavailable; Median holding days unavailable; Median adverse move 1m unavailable,Activity truncated at 500 rows,https://polymarket.com/profile/0x090af6fd2aeb04202abc97370aa86c1b81d90fa6
0xa7d2ec6680f4e5f6ab0da244d8006eec3e20f954,KiruaTrading,,TECH:WEEK,TECH,False,2026-07-28T16:41:10+00:00,0.03981623331018518,13,11.939375,500,56,38.46153846153846,8.928571428571429,True,0,,,,,,,0,22,0.4,True,,,0,38,7660.3634,2293.2866,8.74,10,REJECT,Closed positions 0 < 50; Visible history days 11.9 < 90; ROI unavailable; Trades per active day 38.5 > 10; Trades per market 8.93 > 3; Top-1 positive PnL share unavailable; Top-5 positive PnL share unavailable; Median holding days unavailable; Hedged market share 0.4 > 0.05; Median adverse move 1m unavailable,Activity truncated at 500 rows,https://polymarket.com/profile/0xa7d2ec6680f4e5f6ab0da244d8006eec3e20f954
0x511f9c771449162349795d17becf8b37031acbe1,Bigggggggg,,"FINANCE:MONTH, FINANCE:WEEK, OVERALL:MONTH, POLITICS:MONTH, POLITICS:WEEK, TECH:MONTH",FINANCE,False,2026-07-28T16:42:40+00:00,0.03877456664351852,1,0.5932407407407407,500,136,500.0,3.676470588235294,True,0,,,,,,,0,0,0.0,True,,,0,0,,,8.47,10,REJECT,Active days (30d) 1 < 8; Closed positions 0 < 50; Visible history days 0.593 < 90; ROI unavailable; Trades per active day 500 > 10; Trades per market 3.68 > 3; Top-1 positive PnL share unavailable; Top-5 positive PnL share unavailable; Median holding days unavailable; Median adverse move 1m unavailable,Activity truncated at 500 rows,https://polymarket.com/profile/0x511f9c771449162349795d17becf8b37031acbe1
0xad5353afe30c2da57709e2704ef3ccdcf67eef24,AJSV,,TECH:WEEK,TECH,False,2026-07-28T16:42:34+00:00,0.03884401108796296,1,0.4294560185185185,500,287,500.0,1.7421602787456445,True,0,,,,,,,0,28,0.0975609756097561,True,,,0,0,,,7.92,10,REJECT,Active days (30d) 1 < 8; Closed positions 0 < 50; Visible history days 0.429 < 90; ROI unavailable; Trades per active day 500 > 10; Top-1 positive PnL share unavailable; Top-5 positive PnL share unavailable; Median holding days unavailable; Hedged market share 0.0976 > 0.05; Median adverse move 1m unavailable,Activity truncated at 500 rows,https://polymarket.com/profile/0xad5353afe30c2da57709e2704ef3ccdcf67eef24
0x74957ea27ac4fbdee46d861fdae357859ff67fcf,LornaPredicts,Lornapredicts,"TECH:MONTH, TECH:WEEK",TECH,False,2026-07-28T16:43:19+00:00,0.03832317775462963,1,0.24152777777777779,500,246,500.0,2.032520325203252,True,0,,,,,,,0,19,0.09223300970873786,True,,,0,0,,,7.85,10,REJECT,Active days (30d) 1 < 8; Closed positions 0 < 50; Visible history days 0.242 < 90; ROI unavailable; Trades per active day 500 > 10; Top-1 positive PnL share unavailable; Top-5 positive PnL share unavailable; Median holding days unavailable; Hedged market share 0.0922 > 0.05; Median adverse move 1m unavailable,Activity truncated at 500 rows,https://polymarket.com/profile/0x74957ea27ac4fbdee46d861fdae357859ff67fcf
0xc3cd1d612bbf9fbf80da5a9bff0b0470cb46816c,UbuntuTrading,buckyandlucky,POLITICS:WEEK,POLITICS,False,2026-07-28T16:41:25+00:00,0.03964262219907407,1,0.6238888888888889,500,123,500.0,4.065040650406504,True,0,,,,,,,0,2,0.03076923076923077,True,,,0,0,,,7.74,10,REJECT,Active days (30d) 1 < 8; Closed positions 0 < 50; Visible history days 0.624 < 90; ROI unavailable; Trades per active day 500 > 10; Trades per market 4.07 > 3; Top-1 positive PnL share unavailable; Top-5 positive PnL share unavailable; Median holding days unavailable; Median adverse move 1m unavailable,Activity truncated at 500 rows,https://polymarket.com/profile/0xc3cd1d612bbf9fbf80da5a9bff0b0470cb46816c
0x21064fd320bfd5a86f8c92a94d3209edf4154dea,rainbowlilies,,"POLITICS:MONTH, POLITICS:WEEK",POLITICS,False,2026-07-28T16:37:44+00:00,0.04220049256944444,1,0.4401157407407407,500,95,500.0,5.2631578947368425,True,0,,,,,,,0,0,0.0,True,,,0,0,,,7.59,10,REJECT,Active days (30d) 1 < 8; Closed positions 0 < 50; Visible history days 0.44 < 90; ROI unavailable; Trades per active day 500 > 10; Trades per market 5.26 > 3; Top-1 positive PnL share unavailable; Top-5 positive PnL share unavailable; Median holding days unavailable; Median adverse move 1m unavailable,Activity truncated at 500 rows,https://polymarket.com/profile/0x21064fd320bfd5a86f8c92a94d3209edf4154dea
0x56c9fbdeccf198f1f5ad95ace39b24f5f7fb0d9e,redvinny,,ECONOMICS:WEEK,ECONOMICS,False,2026-07-28T14:52:40+00:00,0.1151634555324074,8,7.1488657407407405,500,22,62.5,22.727272727272727,True,0,,,,,,,0,2,0.09090909090909091,True,,,0,343,109174.7714,-4127765.3497,7.01,10,REJECT,Closed positions 0 < 50; Visible history days 7.15 < 90; ROI unavailable; Trades per active day 62.5 > 10; Trades per market 22.7 > 3; Top-1 positive PnL share unavailable; Top-5 positive PnL share unavailable; Median holding days unavailable; Hedged market share 0.0909 > 0.05; Median adverse move 1m unavailable,Activity truncated at 500 rows,https://polymarket.com/profile/0x56c9fbdeccf198f1f5ad95ace39b24f5f7fb0d9e
0xc3daa1bb9ce85866fb1a7c3a5d02816798e641fe,harishjindal,,ECONOMICS:MONTH,ECONOMICS,False,2026-07-28T16:30:07+00:00,0.0474898444212963,6,7.52400462962963,500,4,83.33333333333333,125.0,True,0,,,,,,,0,0,0.0,True,,,0,5,58558.5349,15144.0587,6.77,10,REJECT,Active days (30d) 6 < 8; Closed positions 0 < 50; Visible history days 7.52 < 90; ROI unavailable; Trades per active day 83.3 > 10; Trades per market 125 > 3; Top-1 positive PnL share unavailable; Top-5 positive PnL share unavailable; Median holding days unavailable; Median adverse move 1m unavailable,Activity truncated at 500 rows,https://polymarket.com/profile/0xc3daa1bb9ce85866fb1a7c3a5d02816798e641fe
0x5a218c7ad04135830a45c41aaed7294df7809318,balthazar,balthazarpoly,"FINANCE:MONTH, FINANCE:WEEK, OVERALL:WEEK, POLITICS:MONTH, TECH:MONTH, TECH:WEEK",FINANCE,False,2026-07-28T16:41:43+00:00,0.03943428886574074,1,0.1238888888888889,500,183,500.0,2.73224043715847,True,0,,,,,,,0,20,0.14285714285714285,True,,,0,0,,,6.62,10,REJECT,Active days (30d) 1 < 8; Closed positions 0 < 50; Visible history days 0.124 < 90; ROI unavailable; Trades per active day 500 > 10; Top-1 positive PnL share unavailable; Top-5 positive PnL share unavailable; Median holding days unavailable; Hedged market share 0.143 > 0.05; Median adverse move 1m unavailable,Activity truncated at 500 rows,https://polymarket.com/profile/0x5a218c7ad04135830a45c41aaed7294df7809318
0x2128f011fb563a8ff6c484ba80eb049356c1f203,AaronCA,,TECH:WEEK,TECH,False,2026-07-28T15:59:19+00:00,0.06887873331018518,9,7.765532407407408,500,49,55.55555555555556,10.204081632653061,True,0,,,,,,,0,7,0.1891891891891892,True,,,0,54,15356.1496,3362.1844,6.32,10,REJECT,Closed positions 0 < 50; Visible history days 7.77 < 90; ROI unavailable; Trades per active day 55.6 > 10; Trades per market 10.2 > 3; Top-1 positive PnL share unavailable; Top-5 positive PnL share unavailable; Median holding days unavailable; Hedged market share 0.189 > 0.05; Median adverse move 1m unavailable,Activity truncated at 500 rows,https://polymarket.com/profile/0x2128f011fb563a8ff6c484ba80eb049356c1f203
0xe9076a87c5ed90ef16e6fe6529c943baeca0cff6,suntori,,"ECONOMICS:MONTH, ECONOMICS:WEEK",ECONOMICS,False,2026-07-28T16:43:20+00:00,0.038311603680555556,1,0.02508101851851852,500,169,500.0,2.9585798816568047,True,0,,,,,,,0,24,0.15584415584415584,True,,,0,0,,,6.28,10,REJECT,Active days (30d) 1 < 8; Closed positions 0 < 50; Visible history days 0.0251 < 90; ROI unavailable; Trades per active day 500 > 10; Top-1 positive PnL share unavailable; Top-5 positive PnL share unavailable; Median holding days unavailable; Hedged market share 0.156 > 0.05; Median adverse move 1m unavailable,Activity truncated at 500 rows,https://polymarket.com/profile/0xe9076a87c5ed90ef16e6fe6529c943baeca0cff6
0x866056133a70de9282a080758858d1a0c8b393ed,ToeTickler98,,OVERALL:WEEK,OVERALL,False,2026-07-28T04:26:40+00:00,0.5498856777546297,6,4.982094907407407,500,21,83.33333333333333,23.80952380952381,True,0,,,,,,,0,0,0.0,True,,,0,78,162.15249999999997,-1131892.0617,6.27,10,REJECT,Active days (30d) 6 < 8; Closed positions 0 < 50; Visible history days 4.98 < 90; ROI unavailable; Trades per active day 83.3 > 10; Trades per market 23.8 > 3; Top-1 positive PnL share unavailable; Top-5 positive PnL share unavailable; Median holding days unavailable; Median adverse move 1m unavailable,Activity truncated at 500 rows,https://polymarket.com/profile/0x866056133a70de9282a080758858d1a0c8b393ed
0xb687f00464e33934f5d591f224e71c3559ecaee5,alwayslatetotheparty,,"FINANCE:MONTH, FINANCE:WEEK, OVERALL:WEEK, TECH:MONTH, TECH:WEEK",FINANCE,False,2026-07-28T16:42:59+00:00,0.038554659236111115,2,0.7412037037037037,500,61,250.0,8.19672131147541,True,0,,,,,,,0,0,0.0,True,,,0,500,14358.0789,-368632.7505,5.96,10,REJECT,Active days (30d) 2 < 8; Closed positions 0 < 50; Visible history days 0.741 < 90; ROI unavailable; Trades per active day 250 > 10; Trades per market 8.2 > 3; Top-1 positive PnL share unavailable; Top-5 positive PnL share unavailable; Median holding days unavailable; Median adverse move 1m unavailable,Activity truncated at 500 rows,https://polymarket.com/profile/0xb687f00464e33934f5d591f224e71c3559ecaee5
0x35bbbad2415fe5e39b12da9a316cdc80b022009b,MisTKy,MiSTkyGo,ECONOMICS:MONTH,ECONOMICS,False,2026-07-28T16:38:02+00:00,0.04199215923611111,5,4.071412037037037,500,24,100.0,20.833333333333332,True,0,,,,,,,0,0,0.0,True,,,0,45,205770.8461,7778.4674,5.87,10,REJECT,Active days (30d) 5 < 8; Closed positions 0 < 50; Visible history days 4.07 < 90; ROI unavailable; Trades per active day 100 > 10; Trades per market 20.8 > 3; Top-1 positive PnL share unavailable; Top-5 positive PnL share unavailable; Median holding days unavailable; Median adverse move 1m unavailable,Activity truncated at 500 rows,https://polymarket.com/profile/0x35bbbad2415fe5e39b12da9a316cdc80b022009b
0xc3c3b3ef304ddbea39fa2246e683a71da5d0eec8,comon119,,POLITICS:WEEK,POLITICS,False,2026-07-28T16:32:49+00:00,0.0456148444212963,3,1.8417708333333334,500,54,166.66666666666666,9.25925925925926,True,0,,,,,,,0,0,0.0,True,,,0,500,71359.8271,-11884932.7764,5.37,10,REJECT,Active days (30d) 3 < 8; Closed positions 0 < 50; Visible history days 1.84 < 90; ROI unavailable; Trades per active day 167 > 10; Trades per market 9.26 > 3; Top-1 positive PnL share unavailable; Top-5 positive PnL share unavailable; Median holding days unavailable; Median adverse move 1m unavailable,Activity truncated at 500 rows,https://polymarket.com/profile/0xc3c3b3ef304ddbea39fa2246e683a71da5d0eec8
0x30fb41b5a08fff5d3dd983f6323e3343931a7db4,tradetosurvive1,,TECH:WEEK,TECH,False,2026-07-28T16:42:29+00:00,0.038901881458333336,1,0.1345949074074074,500,260,500.0,1.9230769230769231,True,0,,,,,,,0,69,0.2653846153846154,True,,,0,0,,,5.03,10,REJECT,Active days (30d) 1 < 8; Closed positions 0 < 50; Visible history days 0.135 < 90; ROI unavailable; Trades per active day 500 > 10; Top-1 positive PnL share unavailable; Top-5 positive PnL share unavailable; Median holding days unavailable; Hedged market share 0.265 > 0.05; Median adverse move 1m unavailable,Activity truncated at 500 rows,https://polymarket.com/profile/0x30fb41b5a08fff5d3dd983f6323e3343931a7db4
0x2663daca3cecf3767ca1c3b126002a8578a8ed1f,Q96s3kwozynxpau,,"POLITICS:MONTH, POLITICS:WEEK",POLITICS,False,2026-07-28T16:43:26+00:00,0.038242159236111115,1,0.6577546296296296,500,29,500.0,17.24137931034483,True,0,,,,,,,0,0,0.0,True,,,0,0,,,4.96,10,REJECT,Active days (30d) 1 < 8; Closed positions 0 < 50; Visible history days 0.658 < 90; ROI unavailable; Trades per active day 500 > 10; Trades per market 17.2 > 3; Top-1 positive PnL share unavailable; Top-5 positive PnL share unavailable; Median holding days unavailable; Median adverse move 1m unavailable,Activity truncated at 500 rows,https://polymarket.com/profile/0x2663daca3cecf3767ca1c3b126002a8578a8ed1f
0x58b3380f71bd6c706dd398a5e60bde55fa3a653c,timetowander,,ECONOMICS:WEEK,ECONOMICS,False,2026-07-28T16:43:14+00:00,0.038381048125,1,0.41359953703703706,500,37,500.0,13.513513513513514,True,0,,,,,,,0,0,0.0,True,,,0,0,,,4.96,10,REJECT,Active days (30d) 1 < 8; Closed positions 0 < 50; Visible history days 0.414 < 90; ROI unavailable; Trades per active day 500 > 10; Trades per market 13.5 > 3; Top-1 positive PnL share unavailable; Top-5 positive PnL share unavailable; Median holding days unavailable; Median adverse move 1m unavailable,Activity truncated at 500 rows,https://polymarket.com/profile/0x58b3380f71bd6c706dd398a5e60bde55fa3a653c
0xe613b515bd46b1585a8b137a4d291d9b80bd540e,Gucky-45,,FINANCE:MONTH,FINANCE,False,2026-07-28T16:35:01+00:00,0.04408706664351852,3,2.467060185185185,500,38,166.66666666666666,13.157894736842104,True,0,,,,,,,0,0,0.0,True,,,0,299,46199.6304,-52037.095,4.96,10,REJECT,Active days (30d) 3 < 8; Closed positions 0 < 50; Visible history days 2.47 < 90; ROI unavailable; Trades per active day 167 > 10; Trades per market 13.2 > 3; Top-1 positive PnL share unavailable; Top-5 positive PnL share unavailable; Median holding days unavailable; Median adverse move 1m unavailable,Activity truncated at 500 rows,https://polymarket.com/profile/0xe613b515bd46b1585a8b137a4d291d9b80bd540e
0x7e7828345a445ccc049cdd6e5df312ec844e3945,Jdhd38483,,"FINANCE:MONTH, FINANCE:WEEK",FINANCE,False,2026-07-28T16:27:13+00:00,0.049503733310185184,4,3.3411226851851854,500,6,125.0,83.33333333333333,True,0,,,,,,,0,0,0.0,True,,,0,180,22852.2178,-90557.9874,4.95,10,REJECT,Active days (30d) 4 < 8; Closed positions 0 < 50; Visible history days 3.34 < 90; ROI unavailable; Trades per active day 125 > 10; Trades per market 83.3 > 3; Top-1 positive PnL share unavailable; Top-5 positive PnL share unavailable; Median holding days unavailable; Median adverse move 1m unavailable,Activity truncated at 500 rows,https://polymarket.com/profile/0x7e7828345a445ccc049cdd6e5df312ec844e3945
0x0bb8a71b7ed93265c8045640fb3aa1eb93ad253e,anykey,,ECONOMICS:MONTH,ECONOMICS,False,2026-07-28T15:51:10+00:00,0.07453845553240741,2,1.2365277777777777,500,3,250.0,166.66666666666666,True,0,,,,,,,0,0,0.0,True,,,0,5,77080.0881,31950.6989,4.93,10,REJECT,Active days (30d) 2 < 8; Closed positions 0 < 50; Visible history days 1.24 < 90; ROI unavailable; Trades per active day 250 > 10; Trades per market 167 > 3; Top-1 positive PnL share unavailable; Top-5 positive PnL share unavailable; Median holding days unavailable; Median adverse move 1m unavailable,Activity truncated at 500 rows,https://polymarket.com/profile/0x0bb8a71b7ed93265c8045640fb3aa1eb93ad253e
0xee65685de42f8de9a03b4c53ee77d56a20d2cfc9,0x50f7,,"CRYPTO:MONTH, CRYPTO:WEEK",CRYPTO,True,2026-07-28T16:41:59+00:00,0.03924910368055556,1,0.3761689814814815,500,191,500.0,2.6178010471204187,True,0,,,,,,,0,14,0.07329842931937172,True,,,0,0,,,2.84,10,REJECT,Active days (30d) 1 < 8; Closed positions 0 < 50; Visible history days 0.376 < 90; ROI unavailable; Trades per active day 500 > 10; Top-1 positive PnL share unavailable; Top-5 positive PnL share unavailable; Median holding days unavailable; Hedged market share 0.0733 > 0.05; Median adverse move 1m unavailable,Activity truncated at 500 rows,https://polymarket.com/profile/0xee65685de42f8de9a03b4c53ee77d56a20d2cfc9
0x75a27d0cc95b3586297c1e6b5417269332cd6992,youngcheese,,TECH:MONTH,TECH,False,2026-07-26T14:30:06+00:00,2.130834751828704,8,6.639895833333333,500,14,62.5,35.714285714285715,True,0,,,,,,,0,4,0.3076923076923077,True,,,0,12,2198.9628000000002,-2642.4091,1.51,10,REJECT,Closed positions 0 < 50; Visible history days 6.64 < 90; ROI unavailable; Trades per active day 62.5 > 10; Trades per market 35.7 > 3; Top-1 positive PnL share unavailable; Top-5 positive PnL share unavailable; Median holding days unavailable; Hedged market share 0.308 > 0.05; Median adverse move 1m unavailable,Activity truncated at 500 rows,https://polymarket.com/profile/0x75a27d0cc95b3586297c1e6b5417269332cd6992
0x91d757346e322976a9544dd07b9b7e3f58550dfc,cobaltharborfmz,,CRYPTO:WEEK,CRYPTO,True,2026-07-28T16:38:11+00:00,0.04188799256944444,3,2.1059953703703704,500,186,166.66666666666666,2.6881720430107525,True,0,,,,,,,0,31,0.16756756756756758,True,,,0,500,11998.796699999999,-72455.7748,1.23,10,REJECT,Active days (30d) 3 < 8; Closed positions 0 < 50; Visible history days 2.11 < 90; ROI unavailable; Trades per active day 167 > 10; Top-1 positive PnL share unavailable; Top-5 positive PnL share unavailable; Median holding days unavailable; Hedged market share 0.168 > 0.05; Median adverse move 1m unavailable,Activity truncated at 500 rows,https://polymarket.com/profile/0x91d757346e322976a9544dd07b9b7e3f58550dfc
0x11dee4993359477f1705643435a4ac88dc53bb27,Pjosully,,CRYPTO:WEEK,CRYPTO,True,2026-07-27T21:43:10+00:00,0.830094011087963,1,0.030949074074074073,45,6,45.0,7.5,False,0,,,,,,,0,0,0.0,True,,,0,0,,,0.56,10,REJECT,Active days (30d) 1 < 8; Closed positions 0 < 50; Visible history days 0.0309 < 90; ROI unavailable; Trades per active day 45 > 10; Trades per market 7.5 > 3; Top-1 positive PnL share unavailable; Top-5 positive PnL share unavailable; Median holding days unavailable; Median adverse move 1m unavailable,,https://polymarket.com/profile/0x11dee4993359477f1705643435a4ac88dc53bb27
0xf40d629171e59c70b47fd7714f43638eb065343d,0xF40d629171E59C70B47Fd7714F43638eB065343D-1785224929068,,"CRYPTO:MONTH, CRYPTO:WEEK, OVERALL:WEEK",CRYPTO,True,2026-07-28T11:51:13+00:00,0.24117039997685183,1,0.15136574074074075,71,8,71.0,8.875,False,0,,,,,,,0,0,0.0,True,,,0,0,,,0.38,10,REJECT,Active days (30d) 1 < 8; Closed positions 0 < 50; Visible history days 0.151 < 90; ROI unavailable; Trades per active day 71 > 10; Trades per market 8.88 > 3; Top-1 positive PnL share unavailable; Top-5 positive PnL share unavailable; Median holding days unavailable; Median adverse move 1m unavailable,,https://polymarket.com/profile/0xf40d629171e59c70b47fd7714f43638eb065343d
0x565ca59275f81991bd9877d7fa8404c5ecf6519e,IamFKINGbankrupt,,"CRYPTO:WEEK, OVERALL:WEEK",CRYPTO,True,2026-07-28T13:09:53+00:00,0.18654077034722222,1,0.056666666666666664,500,6,500.0,83.33333333333333,True,0,,,,,,,0,0,0.0,True,,,0,0,,,0,10,REJECT,Active days (30d) 1 < 8; Closed positions 0 < 50; Visible history days 0.0567 < 90; ROI unavailable; Trades per active day 500 > 10; Trades per market 83.3 > 3; Top-1 positive PnL share unavailable; Top-5 positive PnL share unavailable; Median holding days unavailable; Median adverse move 1m unavailable,Activity truncated at 500 rows,https://polymarket.com/profile/0x565ca59275f81991bd9877d7fa8404c5ecf6519e
0xbd825f0cbc395cfdb09744c0517528ccc79565e3,0xBd825f0cbc395cFdb09744C0517528CCC79565e3-1785223700274,,CRYPTO:WEEK,CRYPTO,True,2026-07-28T12:14:56+00:00,0.22470049256944444,1,0.19282407407407406,267,10,267.0,26.7,False,0,,,,,,,0,0,0.0,True,,,0,0,,,0,10,REJECT,Active days (30d) 1 < 8; Closed positions 0 < 50; Visible history days 0.193 < 90; ROI unavailable; Trades per active day 267 > 10; Trades per market 26.7 > 3; Top-1 positive PnL share unavailable; Top-5 positive PnL share unavailable; Median holding days unavailable; Median adverse move 1m unavailable,,https://polymarket.com/profile/0xbd825f0cbc395cfdb09744c0517528ccc79565e3
0xd76930596edbb8c784dcc48f52140875bcd4f90c,dodca,,CRYPTO:WEEK,CRYPTO,True,2026-07-14T08:41:28+00:00,14.372941233310186,14,14.161458333333334,500,11,35.714285714285715,45.45454545454545,True,0,,,,,,,0,0,0.0,True,,,0,0,,,0,10,REJECT,Days since last trade 14.4 > 3; Closed positions 0 < 50; Visible history days 14.2 < 90; ROI unavailable; Trades per active day 35.7 > 10; Trades per market 45.5 > 3; Top-1 positive PnL share unavailable; Top-5 positive PnL share unavailable; Median holding days unavailable; Median adverse move 1m unavailable,Activity truncated at 500 rows,https://polymarket.com/profile/0xd76930596edbb8c784dcc48f52140875bcd4f90c
0xd7c00d7c82f8d760d5f12b79dd114ab7fd16a002,0xd7c00d7c82F8D760d5f12B79dd114AB7fd16A002-1785051153035,,CRYPTO:MONTH,CRYPTO,True,2026-07-26T07:57:55+00:00,2.4031842888657406,1,0.007673611111111111,234,2,234.0,117.0,False,0,,,,,,,0,0,0.0,True,,,0,0,,,0,10,REJECT,Active days (30d) 1 < 8; Closed positions 0 < 50; Visible history days 0.00767 < 90; ROI unavailable; Trades per active day 234 > 10; Trades per market 117 > 3; Top-1 positive PnL share unavailable; Top-5 positive PnL share unavailable; Median holding days unavailable; Median adverse move 1m unavailable,,https://polymarket.com/profile/0xd7c00d7c82f8d760d5f12b79dd114ab7fd16a002
0x3d8a89a20aa73fba0f30d080e8120de9f9555724,Poyo,,OVERALL:WEEK,OVERALL,False,2026-07-09T12:43:26+00:00,19.204908825902777,1,1048.9199074074074,500,110,4.0,4.545454545454546,True,0,,,,,,,0,13,0.1262135922330097,True,,,0,0,,,10.57,11,REJECT,Days since last trade 19.2 > 3; Active days (30d) 1 < 8; Closed positions 0 < 50; ROI unavailable; Trades per market 4.55 > 3; Top-1 positive PnL share unavailable; Top-5 positive PnL share unavailable; Median holding days unavailable; Hedged market share 0.126 > 0.05; Median adverse move 1m unavailable; HFT/activity truncation flag,Activity truncated at 500 rows,https://polymarket.com/profile/0x3d8a89a20aa73fba0f30d080e8120de9f9555724
0xc7d02944a76b9f83b199e9090ecc92c82d241f8a,0xc7D02944A76B9F83B199e9090ECC92C82d241F8a-1776944395495,,POLITICS:WEEK,POLITICS,False,2026-07-28T16:42:29+00:00,0.038901881458333336,1,0.5142476851851852,500,149,500.0,3.3557046979865772,True,0,,,,,,,0,14,0.112,True,,,0,0,,,6.79,11,REJECT,Active days (30d) 1 < 8; Closed positions 0 < 50; Visible history days 0.514 < 90; ROI unavailable; Trades per active day 500 > 10; Trades per market 3.36 > 3; Top-1 positive PnL share unavailable; Top-5 positive PnL share unavailable; Median holding days unavailable; Hedged market share 0.112 > 0.05; Median adverse move 1m unavailable,Activity truncated at 500 rows,https://polymarket.com/profile/0xc7d02944a76b9f83b199e9090ecc92c82d241f8a
0x7c3db723f1d4d8cb9c550095203b686cb11e5c6b,Car,CarOnPolymarket,"POLITICS:MONTH, POLITICS:WEEK",POLITICS,False,2026-07-28T02:28:49+00:00,0.6317259555324074,5,3.9860532407407407,500,76,100.0,6.578947368421052,True,0,,,,,,,0,4,0.05970149253731343,True,,,0,84,673011.0266,5197.3917,6.18,11,REJECT,Active days (30d) 5 < 8; Closed positions 0 < 50; Visible history days 3.99 < 90; ROI unavailable; Trades per active day 100 > 10; Trades per market 6.58 > 3; Top-1 positive PnL share unavailable; Top-5 positive PnL share unavailable; Median holding days unavailable; Hedged market share 0.0597 > 0.05; Median adverse move 1m unavailable,Activity truncated at 500 rows,https://polymarket.com/profile/0x7c3db723f1d4d8cb9c550095203b686cb11e5c6b
0x138b1b19b71472e3c1a89f076927edd974cd0467,bZk0Uo,,FINANCE:WEEK,FINANCE,False,2026-07-24T20:59:52+00:00,3.860163455532407,1,236.41069444444443,500,25,71.42857142857143,20.0,True,0,,,,,,,0,12,0.7058823529411765,True,,,0,0,,,6.14,11,REJECT,Days since last trade 3.86 > 3; Active days (30d) 1 < 8; Closed positions 0 < 50; ROI unavailable; Trades per active day 71.4 > 10; Trades per market 20 > 3; Top-1 positive PnL share unavailable; Top-5 positive PnL share unavailable; Median holding days unavailable; Hedged market share 0.706 > 0.05; Median adverse move 1m unavailable,Activity truncated at 500 rows,https://polymarket.com/profile/0x138b1b19b71472e3c1a89f076927edd974cd0467
0x383f37c8539c18e4edc492dae0fb5ca570f95ec1,0x383f37C8539c18e4EDC492Dae0Fb5cA570F95EC1-1784855219176,,TECH:MONTH,TECH,False,2026-07-24T04:59:55+00:00,4.5267953999768515,1,0.14583333333333334,17,3,17.0,5.666666666666667,False,0,,,,,,,0,0,0.0,True,,,0,0,,,5.2,11,REJECT,Days since last trade 4.53 > 3; Active days (30d) 1 < 8; Closed positions 0 < 50; Visible history days 0.146 < 90; ROI unavailable; Trades per active day 17 > 10; Trades per market 5.67 > 3; Top-1 positive PnL share unavailable; Top-5 positive PnL share unavailable; Median holding days unavailable; Median adverse move 1m unavailable,,https://polymarket.com/profile/0x383f37c8539c18e4edc492dae0fb5ca570f95ec1
0xad529df14c293d77984a0137990a1441b25211ac,holographichorse,,TECH:MONTH,TECH,False,2026-07-28T16:42:29+00:00,0.038901881458333336,5,4.60474537037037,500,67,100.0,7.462686567164179,True,0,,,,,,,0,6,0.13043478260869565,True,,,0,107,10198.0351,-2059.6268999999998,5.11,11,REJECT,Active days (30d) 5 < 8; Closed positions 0 < 50; Visible history days 4.6 < 90; ROI unavailable; Trades per active day 100 > 10; Trades per market 7.46 > 3; Top-1 positive PnL share unavailable; Top-5 positive PnL share unavailable; Median holding days unavailable; Hedged market share 0.13 > 0.05; Median adverse move 1m unavailable,Activity truncated at 500 rows,https://polymarket.com/profile/0xad529df14c293d77984a0137990a1441b25211ac
0x96489abcb9f583d6835c8ef95ffc923d05a86825,anoin123,,"FINANCE:MONTH, TECH:WEEK",FINANCE,False,2026-07-28T16:37:11+00:00,0.04258243701388889,3,2.6122685185185186,500,52,166.66666666666666,9.615384615384615,True,0,,,,,,,0,3,0.057692307692307696,True,,,0,271,1710365.4341,-2245086.7942,4.21,11,REJECT,Active days (30d) 3 < 8; Closed positions 0 < 50; Visible history days 2.61 < 90; ROI unavailable; Trades per active day 167 > 10; Trades per market 9.62 > 3; Top-1 positive PnL share unavailable; Top-5 positive PnL share unavailable; Median holding days unavailable; Hedged market share 0.0577 > 0.05; Median adverse move 1m unavailable,Activity truncated at 500 rows,https://polymarket.com/profile/0x96489abcb9f583d6835c8ef95ffc923d05a86825
0x2cf86a18edb5ae59295c00cb61656d6c67684e80,0x2cF86a18eDB5Ae59295c00cb61656D6c67684E80-1782372306150,,TECH:MONTH,TECH,False,2026-07-23T17:00:57+00:00,5.026077807384259,5,4.418090277777778,64,4,12.8,16.0,False,0,,,,,,,0,0,0.0,True,,,0,0,,,3.95,11,REJECT,Days since last trade 5.03 > 3; Active days (30d) 5 < 8; Closed positions 0 < 50; Visible history days 4.42 < 90; ROI unavailable; Trades per active day 12.8 > 10; Trades per market 16 > 3; Top-1 positive PnL share unavailable; Top-5 positive PnL share unavailable; Median holding days unavailable; Median adverse move 1m unavailable,,https://polymarket.com/profile/0x2cf86a18edb5ae59295c00cb61656d6c67684e80
0x8c0b024c17831a0dde038547b7e791ae6a0d7aa5,PASSTHEMONEY,,OVERALL:WEEK,OVERALL,False,2026-07-28T14:06:43+00:00,0.1470731777546296,3,1.847986111111111,500,27,166.66666666666666,18.51851851851852,True,0,,,,,,,0,2,0.07407407407407407,True,,,0,416,68728.74100000001,-632983.9198,3.62,11,REJECT,Active days (30d) 3 < 8; Closed positions 0 < 50; Visible history days 1.85 < 90; ROI unavailable; Trades per active day 167 > 10; Trades per market 18.5 > 3; Top-1 positive PnL share unavailable; Top-5 positive PnL share unavailable; Median holding days unavailable; Hedged market share 0.0741 > 0.05; Median adverse move 1m unavailable,Activity truncated at 500 rows,https://polymarket.com/profile/0x8c0b024c17831a0dde038547b7e791ae6a0d7aa5
0xa8c63f775ddbbe66b56614191747def3021444e8,Tenebrus7,Tenebrus87,POLITICS:WEEK,POLITICS,False,2026-07-28T16:43:25+00:00,0.03825373331018519,2,1.0116435185185184,500,60,250.0,8.333333333333334,True,0,,,,,,,0,9,0.19148936170212766,True,,,0,213,267247.8638,8428.9882,2.7,11,REJECT,Active days (30d) 2 < 8; Closed positions 0 < 50; Visible history days 1.01 < 90; ROI unavailable; Trades per active day 250 > 10; Trades per market 8.33 > 3; Top-1 positive PnL share unavailable; Top-5 positive PnL share unavailable; Median holding days unavailable; Hedged market share 0.191 > 0.05; Median adverse move 1m unavailable,Activity truncated at 500 rows,https://polymarket.com/profile/0xa8c63f775ddbbe66b56614191747def3021444e8
0x950ea3d54a52dca7ec54e7a0338812450268f8e5,onepingonly,,"POLITICS:MONTH, POLITICS:WEEK",POLITICS,False,2026-06-12T06:04:30+00:00,46.48194586293982,0,104.41628472222222,250,14,10.0,17.857142857142858,False,0,,,,,,,0,1,0.07142857142857142,True,,,0,0,,,2.34,11,REJECT,Days since last trade 46.5 > 3; Active days (30d) 0 < 8; Closed positions 0 < 50; ROI unavailable; Trades per market 17.9 > 3; Top-1 positive PnL share unavailable; Top-5 positive PnL share unavailable; Median holding days unavailable; Hedged market share 0.0714 > 0.05; Median adverse move 1m unavailable; HFT/activity truncation flag,,https://polymarket.com/profile/0x950ea3d54a52dca7ec54e7a0338812450268f8e5
0x45060425ac73951a6f57474a9321abea427843fd,RRRRRRRRL,,ECONOMICS:MONTH,ECONOMICS,False,2026-07-21T14:02:39+00:00,7.149897251828704,6,29.079050925925927,203,2,20.3,101.5,False,0,,,,,,,0,0,0.0,True,,,0,2,79066.1504,14951.1815,1.4,11,REJECT,Days since last trade 7.15 > 3; Active days (30d) 6 < 8; Closed positions 0 < 50; Visible history days 29.1 < 90; ROI unavailable; Trades per active day 20.3 > 10; Trades per market 102 > 3; Top-1 positive PnL share unavailable; Top-5 positive PnL share unavailable; Median holding days unavailable; Median adverse move 1m unavailable,,https://polymarket.com/profile/0x45060425ac73951a6f57474a9321abea427843fd
0x8546a601f7c7cc3dae7141f20b0e09e42bbf35b8,HVAB,,OVERALL:WEEK,OVERALL,False,2026-07-27T13:19:39+00:00,1.179758362939815,3,1.9618981481481481,500,23,166.66666666666666,21.73913043478261,True,0,,,,,,,0,4,0.17391304347826086,True,,,0,9,0,-396.5149,0.92,11,REJECT,Active days (30d) 3 < 8; Closed positions 0 < 50; Visible history days 1.96 < 90; ROI unavailable; Trades per active day 167 > 10; Trades per market 21.7 > 3; Top-1 positive PnL share unavailable; Top-5 positive PnL share unavailable; Median holding days unavailable; Hedged market share 0.174 > 0.05; Median adverse move 1m unavailable,Activity truncated at 500 rows,https://polymarket.com/profile/0x8546a601f7c7cc3dae7141f20b0e09e42bbf35b8
0xdfe3fedc5c7679be42c3d393e99d4b55247b73c4,cqs,,POLITICS:WEEK,POLITICS,False,2026-07-10T19:08:08+00:00,17.937756048125,2,68.62157407407408,500,23,14.705882352941176,21.73913043478261,True,0,,,,,,,0,0,0.0,True,,,0,0,,,0.31,11,REJECT,Days since last trade 17.9 > 3; Active days (30d) 2 < 8; Closed positions 0 < 50; Visible history days 68.6 < 90; ROI unavailable; Trades per active day 14.7 > 10; Trades per market 21.7 > 3; Top-1 positive PnL share unavailable; Top-5 positive PnL share unavailable; Median holding days unavailable; Median adverse move 1m unavailable,Activity truncated at 500 rows,https://polymarket.com/profile/0xdfe3fedc5c7679be42c3d393e99d4b55247b73c4
0xd218e474776403a330142299f7796e8ba32eb5c9,cigarettes,friendlyping,"ECONOMICS:MONTH, FINANCE:MONTH, FINANCE:WEEK, OVERALL:WEEK, POLITICS:WEEK, TECH:MONTH",ECONOMICS,False,2026-07-28T16:43:08+00:00,0.038450492569444446,1,0.11517361111111112,500,52,500.0,9.615384615384615,True,0,,,,,,,0,20,0.38461538461538464,True,,,0,0,,,0.18,11,REJECT,Active days (30d) 1 < 8; Closed positions 0 < 50; Visible history days 0.115 < 90; ROI unavailable; Trades per active day 500 > 10; Trades per market 9.62 > 3; Top-1 positive PnL share unavailable; Top-5 positive PnL share unavailable; Median holding days unavailable; Hedged market share 0.385 > 0.05; Median adverse move 1m unavailable,Activity truncated at 500 rows,https://polymarket.com/profile/0xd218e474776403a330142299f7796e8ba32eb5c9
0xfe787d2da716d60e8acff57fb87eb13cd4d10319,ferrariChampions2026,,"OVERALL:MONTH, OVERALL:WEEK",OVERALL,False,2026-07-28T16:43:23+00:00,0.038276881458333335,1,0.01871527777777778,500,32,500.0,15.625,True,0,,,,,,,0,18,0.5625,True,,,0,0,,,0,11,REJECT,Active days (30d) 1 < 8; Closed positions 0 < 50; Visible history days 0.0187 < 90; ROI unavailable; Trades per active day 500 > 10; Trades per market 15.6 > 3; Top-1 positive PnL share unavailable; Top-5 positive PnL share unavailable; Median holding days unavailable; Hedged market share 0.562 > 0.05; Median adverse move 1m unavailable,Activity truncated at 500 rows,https://polymarket.com/profile/0xfe787d2da716d60e8acff57fb87eb13cd4d10319
0xde9f7f4e77a1595623ceb58e469f776257ccd43c,tradecraft,,OVERALL:WEEK,OVERALL,False,2026-07-28T16:43:16+00:00,0.03835789997685185,1,0.11783564814814815,500,36,500.0,13.88888888888889,True,0,,,,,,,0,30,0.8333333333333334,True,,,0,0,,,0,11,REJECT,Active days (30d) 1 < 8; Closed positions 0 < 50; Visible history days 0.118 < 90; ROI unavailable; Trades per active day 500 > 10; Trades per market 13.9 > 3; Top-1 positive PnL share unavailable; Top-5 positive PnL share unavailable; Median holding days unavailable; Hedged market share 0.833 > 0.05; Median adverse move 1m unavailable,Activity truncated at 500 rows,https://polymarket.com/profile/0xde9f7f4e77a1595623ceb58e469f776257ccd43c
0xdefebc7ed6f5d6e8710398f37eea6fc1746a17f4,e25247f2da2a2462f03c936c379b7ab0,,"FINANCE:WEEK, OVERALL:WEEK",FINANCE,False,2026-07-28T16:41:02+00:00,0.03990882590277778,1,0.07420138888888889,500,5,500.0,100.0,True,0,,,,,,,0,4,0.8,True,,,0,0,,,0,11,REJECT,Active days (30d) 1 < 8; Closed positions 0 < 50; Visible history days 0.0742 < 90; ROI unavailable; Trades per active day 500 > 10; Trades per market 100 > 3; Top-1 positive PnL share unavailable; Top-5 positive PnL share unavailable; Median holding days unavailable; Hedged market share 0.8 > 0.05; Median adverse move 1m unavailable,Activity truncated at 500 rows,https://polymarket.com/profile/0xdefebc7ed6f5d6e8710398f37eea6fc1746a17f4
0x06dc51826bc524d9a83770e7de9dd7e005b04524,0x06dc51826bc524d9a83770e7de9dd7e005b0452,,"CRYPTO:MONTH, CRYPTO:WEEK, OVERALL:WEEK",CRYPTO,True,2026-07-28T16:41:44+00:00,0.03942271479166667,1,0.03847222222222222,500,53,500.0,9.433962264150944,True,0,,,,,,,0,9,0.16981132075471697,True,,,0,0,,,0,11,REJECT,Active days (30d) 1 < 8; Closed positions 0 < 50; Visible history days 0.0385 < 90; ROI unavailable; Trades per active day 500 > 10; Trades per market 9.43 > 3; Top-1 positive PnL share unavailable; Top-5 positive PnL share unavailable; Median holding days unavailable; Hedged market share 0.17 > 0.05; Median adverse move 1m unavailable,Activity truncated at 500 rows,https://polymarket.com/profile/0x06dc51826bc524d9a83770e7de9dd7e005b04524
0x09b428f7c2b469786286214aa5c90dd9015f7320,DEEDDIT,,OVERALL:MONTH,OVERALL,False,2026-07-14T20:00:01+00:00,13.901725955532408,1,0.045717592592592594,500,2,500.0,250.0,True,0,,,,,,,0,0,0.0,True,,,0,2,0,-1371872.4286,0,11,REJECT,Days since last trade 13.9 > 3; Active days (30d) 1 < 8; Closed positions 0 < 50; Visible history days 0.0457 < 90; ROI unavailable; Trades per active day 500 > 10; Trades per market 250 > 3; Top-1 positive PnL share unavailable; Top-5 positive PnL share unavailable; Median holding days unavailable; Median adverse move 1m unavailable,Activity truncated at 500 rows,https://polymarket.com/profile/0x09b428f7c2b469786286214aa5c90dd9015f7320
0xb61b2079b95f6b7476fd3203e0274ffb93308a06,hot2trot,,OVERALL:MONTH,OVERALL,False,2026-07-19T19:14:10+00:00,8.933566233310186,5,3.920798611111111,500,7,100.0,71.42857142857143,True,0,,,,,,,0,0,0.0,True,,,0,21,0,-1780312.5344,0,11,REJECT,Days since last trade 8.93 > 3; Active days (30d) 5 < 8; Closed positions 0 < 50; Visible history days 3.92 < 90; ROI unavailable; Trades per active day 100 > 10; Trades per market 71.4 > 3; Top-1 positive PnL share unavailable; Top-5 positive PnL share unavailable; Median holding days unavailable; Median adverse move 1m unavailable,Activity truncated at 500 rows,https://polymarket.com/profile/0xb61b2079b95f6b7476fd3203e0274ffb93308a06
0x954df97e03c202e7511de1b7d3c01ebd0f876f01,stubblyballs,,OVERALL:MONTH,OVERALL,False,2026-07-15T20:17:46+00:00,12.889399566643519,1,0.1515277777777778,500,2,500.0,250.0,True,0,,,,,,,0,0,0.0,True,,,0,0,,,0,11,REJECT,Days since last trade 12.9 > 3; Active days (30d) 1 < 8; Closed positions 0 < 50; Visible history days 0.152 < 90; ROI unavailable; Trades per active day 500 > 10; Trades per market 250 > 3; Top-1 positive PnL share unavailable; Top-5 positive PnL share unavailable; Median holding days unavailable; Median adverse move 1m unavailable,Activity truncated at 500 rows,https://polymarket.com/profile/0x954df97e03c202e7511de1b7d3c01ebd0f876f01
0x05a0bf3fa5775a5e38d4ed6688cce88130460df2,pessibye,,OVERALL:MONTH,OVERALL,False,2026-07-19T22:16:43+00:00,8.806795399976853,1,0.14761574074074074,36,2,36.0,18.0,False,0,,,,,,,0,0,0.0,True,,,0,0,,,0,11,REJECT,Days since last trade 8.81 > 3; Active days (30d) 1 < 8; Closed positions 0 < 50; Visible history days 0.148 < 90; ROI unavailable; Trades per active day 36 > 10; Trades per market 18 > 3; Top-1 positive PnL share unavailable; Top-5 positive PnL share unavailable; Median holding days unavailable; Median adverse move 1m unavailable,,https://polymarket.com/profile/0x05a0bf3fa5775a5e38d4ed6688cce88130460df2
0x5966db1fe50763c9e3c014d756369bad07e1f804,0x5966Db1fE50763C9e3C014d756369BAd07E1F804-1777648534241,,OVERALL:MONTH,OVERALL,False,2026-07-09T23:27:25+00:00,18.75769817775463,4,18.088530092592592,500,11,71.42857142857143,45.45454545454545,True,0,,,,,,,0,0,0.0,True,,,0,0,,,0,11,REJECT,Days since last trade 18.8 > 3; Active days (30d) 4 < 8; Closed positions 0 < 50; Visible history days 18.1 < 90; ROI unavailable; Trades per active day 71.4 > 10; Trades per market 45.5 > 3; Top-1 positive PnL share unavailable; Top-5 positive PnL share unavailable; Median holding days unavailable; Median adverse move 1m unavailable,Activity truncated at 500 rows,https://polymarket.com/profile/0x5966db1fe50763c9e3c014d756369bad07e1f804
0x0a854897a06d4999e5b2dde5693609f1428ffe9d,TheQuietRisk,,"POLITICS:MONTH, POLITICS:WEEK",POLITICS,False,2026-06-17T17:11:14+00:00,41.01893660368056,0,46.383402777777775,500,9,25.0,55.55555555555556,True,0,,,,,,,0,0,0.0,True,,,0,0,,,0,11,REJECT,Days since last trade 41 > 3; Active days (30d) 0 < 8; Closed positions 0 < 50; Visible history days 46.4 < 90; ROI unavailable; Trades per active day 25 > 10; Trades per market 55.6 > 3; Top-1 positive PnL share unavailable; Top-5 positive PnL share unavailable; Median holding days unavailable; Median adverse move 1m unavailable,Activity truncated at 500 rows,https://polymarket.com/profile/0x0a854897a06d4999e5b2dde5693609f1428ffe9d
0x8c80d213c0cbad777d06ee3f58f6ca4bc03102c3,SecondWindCapital,,"POLITICS:MONTH, POLITICS:WEEK",POLITICS,False,2026-05-28T18:52:52+00:00,60.94835789997685,0,1.9991435185185185,500,3,250.0,166.66666666666666,True,0,,,,,,,0,0,0.0,True,,,0,0,,,0,11,REJECT,Days since last trade 60.9 > 3; Active days (30d) 0 < 8; Closed positions 0 < 50; Visible history days 2 < 90; ROI unavailable; Trades per active day 250 > 10; Trades per market 167 > 3; Top-1 positive PnL share unavailable; Top-5 positive PnL share unavailable; Median holding days unavailable; Median adverse move 1m unavailable,Activity truncated at 500 rows,https://polymarket.com/profile/0x8c80d213c0cbad777d06ee3f58f6ca4bc03102c3
0x182bd8bf2f11a572c4ec686aae3a0d919adcf3d3,peoplearestrange,,POLITICS:MONTH,POLITICS,False,2026-07-11T10:49:55+00:00,17.283739844421298,7,26.390868055555554,500,7,45.45454545454545,71.42857142857143,True,0,,,,,,,0,0,0.0,True,,,0,0,,,0,11,REJECT,Days since last trade 17.3 > 3; Active days (30d) 7 < 8; Closed positions 0 < 50; Visible history days 26.4 < 90; ROI unavailable; Trades per active day 45.5 > 10; Trades per market 71.4 > 3; Top-1 positive PnL share unavailable; Top-5 positive PnL share unavailable; Median holding days unavailable; Median adverse move 1m unavailable,Activity truncated at 500 rows,https://polymarket.com/profile/0x182bd8bf2f11a572c4ec686aae3a0d919adcf3d3
0xe9514aa0b925353ea0d5e32978d636ec25ebde18,b2d0,,ECONOMICS:WEEK,ECONOMICS,False,2026-07-13T19:32:19+00:00,14.920962066643519,2,54.607002314814814,500,3,38.46153846153846,166.66666666666666,True,0,,,,,,,0,0,0.0,True,,,0,0,,,0,11,REJECT,Days since last trade 14.9 > 3; Active days (30d) 2 < 8; Closed positions 0 < 50; Visible history days 54.6 < 90; ROI unavailable; Trades per active day 38.5 > 10; Trades per market 167 > 3; Top-1 positive PnL share unavailable; Top-5 positive PnL share unavailable; Median holding days unavailable; Median adverse move 1m unavailable,Activity truncated at 500 rows,https://polymarket.com/profile/0xe9514aa0b925353ea0d5e32978d636ec25ebde18
0x05f6cb63d4ffdfaecd7ad8acd0765b6f6a5a25a1,ethBELIVER,,ECONOMICS:WEEK,ECONOMICS,False,2026-07-02T01:10:38+00:00,26.68601993701389,4,2.885625,131,8,32.75,16.375,False,0,,,,,,,0,0,0.0,True,,,0,0,,,0,11,REJECT,Days since last trade 26.7 > 3; Active days (30d) 4 < 8; Closed positions 0 < 50; Visible history days 2.89 < 90; ROI unavailable; Trades per active day 32.8 > 10; Trades per market 16.4 > 3; Top-1 positive PnL share unavailable; Top-5 positive PnL share unavailable; Median holding days unavailable; Median adverse move 1m unavailable,,https://polymarket.com/profile/0x05f6cb63d4ffdfaecd7ad8acd0765b6f6a5a25a1
0x32d9e8e585a39fdaf7ed7ecc994a6d892c99d638,IsabelaCa,,ECONOMICS:MONTH,ECONOMICS,False,2026-06-12T14:04:22+00:00,46.148705122199075,0,13.124212962962963,19,1,9.5,19.0,False,0,,,,,,,0,0,0.0,True,,,0,0,,,0,11,REJECT,Days since last trade 46.1 > 3; Active days (30d) 0 < 8; Closed positions 0 < 50; Visible history days 13.1 < 90; ROI unavailable; Trades per market 19 > 3; Top-1 positive PnL share unavailable; Top-5 positive PnL share unavailable; Median holding days unavailable; Median adverse move 1m unavailable; HFT/activity truncation flag,,https://polymarket.com/profile/0x32d9e8e585a39fdaf7ed7ecc994a6d892c99d638
0xeae707a267b3d6a112167b5c93c3fa74e38c2800,destinyas,,FINANCE:WEEK,FINANCE,False,2026-07-05T09:02:40+00:00,23.358219011087964,1,82.16876157407407,500,30,21.73913043478261,16.666666666666668,True,0,,,,,,,0,1,0.037037037037037035,True,,,0,0,,,0,11,REJECT,Days since last trade 23.4 > 3; Active days (30d) 1 < 8; Closed positions 0 < 50; Visible history days 82.2 < 90; ROI unavailable; Trades per active day 21.7 > 10; Trades per market 16.7 > 3; Top-1 positive PnL share unavailable; Top-5 positive PnL share unavailable; Median holding days unavailable; Median adverse move 1m unavailable,Activity truncated at 500 rows,https://polymarket.com/profile/0xeae707a267b3d6a112167b5c93c3fa74e38c2800
0x224089fcaa150575c35325d3bc6b40b3fe244409,kilerz,,TECH:MONTH,TECH,False,2026-07-05T04:14:46+00:00,23.558149566643518,5,14.153425925925927,109,5,13.625,21.8,False,0,,,,,,,0,0,0.0,True,,,0,0,,,0,11,REJECT,Days since last trade 23.6 > 3; Active days (30d) 5 < 8; Closed positions 0 < 50; Visible history days 14.2 < 90; ROI unavailable; Trades per active day 13.6 > 10; Trades per market 21.8 > 3; Top-1 positive PnL share unavailable; Top-5 positive PnL share unavailable; Median holding days unavailable; Median adverse move 1m unavailable,,https://polymarket.com/profile/0x224089fcaa150575c35325d3bc6b40b3fe244409
0x122cb94c437ea5e6f088c6c0c143c592ab8efbed,0x122Cb94C437EA5e6f088c6c0C143c592ab8EFBed-1782168978900,,TECH:MONTH,TECH,False,2026-07-28T16:43:01+00:00,0.03853151108796296,2,0.9860069444444445,500,49,250.0,10.204081632653061,True,0,,,,,,,0,17,0.40476190476190477,True,,,0,299,25655.2857,-24091.4229,0,11,REJECT,Active days (30d) 2 < 8; Closed positions 0 < 50; Visible history days 0.986 < 90; ROI unavailable; Trades per active day 250 > 10; Trades per market 10.2 > 3; Top-1 positive PnL share unavailable; Top-5 positive PnL share unavailable; Median holding days unavailable; Hedged market share 0.405 > 0.05; Median adverse move 1m unavailable,Activity truncated at 500 rows,https://polymarket.com/profile/0x122cb94c437ea5e6f088c6c0c143c592ab8efbed
0xb55fa1296e6ec55d0ce53d93b9237389f11764d4,0xb55fa1296E6ec55D0cE53d93B9237389f11764d4-1777575277609,,"CRYPTO:MONTH, CRYPTO:WEEK",CRYPTO,True,2026-07-28T16:43:22+00:00,0.03828845553240741,1,0.01670138888888889,500,39,500.0,12.820512820512821,True,0,,,,,,,0,27,0.6923076923076923,True,,,0,0,,,0,11,REJECT,Active days (30d) 1 < 8; Closed positions 0 < 50; Visible history days 0.0167 < 90; ROI unavailable; Trades per active day 500 > 10; Trades per market 12.8 > 3; Top-1 positive PnL share unavailable; Top-5 positive PnL share unavailable; Median holding days unavailable; Hedged market share 0.692 > 0.05; Median adverse move 1m unavailable,Activity truncated at 500 rows,https://polymarket.com/profile/0xb55fa1296e6ec55d0ce53d93b9237389f11764d4
0x0cb038487586d1119b165466072e9baf666f3a90,,,"CRYPTO:MONTH, CRYPTO:WEEK",CRYPTO,True,2026-07-28T16:43:23+00:00,0.038276881458333335,1,0.024872685185185185,500,11,500.0,45.45454545454545,True,0,,,,,,,0,11,1.0,True,,,0,0,,,0,11,REJECT,Active days (30d) 1 < 8; Closed positions 0 < 50; Visible history days 0.0249 < 90; ROI unavailable; Trades per active day 500 > 10; Trades per market 45.5 > 3; Top-1 positive PnL share unavailable; Top-5 positive PnL share unavailable; Median holding days unavailable; Hedged market share 1 > 0.05; Median adverse move 1m unavailable,Activity truncated at 500 rows,https://polymarket.com/profile/0x0cb038487586d1119b165466072e9baf666f3a90
0xce25e214d5cfe4f459cf67f08df581885aae7fdc,0xcE25E214D5cfE4f459cf67F08DF581885AAE7Fdc-1777575398144,,"CRYPTO:MONTH, CRYPTO:WEEK",CRYPTO,True,2026-07-28T16:43:05+00:00,0.038485214791666666,1,0.017060185185185185,500,27,500.0,18.51851851851852,True,0,,,,,,,0,24,0.8888888888888888,True,,,0,0,,,0,11,REJECT,Active days (30d) 1 < 8; Closed positions 0 < 50; Visible history days 0.0171 < 90; ROI unavailable; Trades per active day 500 > 10; Trades per market 18.5 > 3; Top-1 positive PnL share unavailable; Top-5 positive PnL share unavailable; Median holding days unavailable; Hedged market share 0.889 > 0.05; Median adverse move 1m unavailable,Activity truncated at 500 rows,https://polymarket.com/profile/0xce25e214d5cfe4f459cf67f08df581885aae7fdc
0x32ed2e546b187ca15e2841edc82b22c713cf8ec3,mo-money,,"CRYPTO:MONTH, CRYPTO:WEEK",CRYPTO,True,2026-07-28T16:41:52+00:00,0.03933012219907407,1,0.058541666666666665,500,57,500.0,8.771929824561404,True,0,,,,,,,0,25,0.43859649122807015,True,,,0,0,,,0,11,REJECT,Active days (30d) 1 < 8; Closed positions 0 < 50; Visible history days 0.0585 < 90; ROI unavailable; Trades per active day 500 > 10; Trades per market 8.77 > 3; Top-1 positive PnL share unavailable; Top-5 positive PnL share unavailable; Median holding days unavailable; Hedged market share 0.439 > 0.05; Median adverse move 1m unavailable,Activity truncated at 500 rows,https://polymarket.com/profile/0x32ed2e546b187ca15e2841edc82b22c713cf8ec3
0xf418d3a1a941292f9c8707d62a14980c5beb95a3,TAKERNER,,"CRYPTO:MONTH, CRYPTO:WEEK",CRYPTO,True,2026-07-28T16:41:50+00:00,0.039353270347222226,1,0.049212962962962965,500,15,500.0,33.333333333333336,True,0,,,,,,,0,15,1.0,True,,,0,0,,,0,11,REJECT,Active days (30d) 1 < 8; Closed positions 0 < 50; Visible history days 0.0492 < 90; ROI unavailable; Trades per active day 500 > 10; Trades per market 33.3 > 3; Top-1 positive PnL share unavailable; Top-5 positive PnL share unavailable; Median holding days unavailable; Hedged market share 1 > 0.05; Median adverse move 1m unavailable,Activity truncated at 500 rows,https://polymarket.com/profile/0xf418d3a1a941292f9c8707d62a14980c5beb95a3
0x0484e64092ba4108c2786b61e6fc052d3bf41b1a,DoggyStyIe,,"CRYPTO:MONTH, CRYPTO:WEEK",CRYPTO,True,2026-07-28T16:43:07+00:00,0.03846206664351852,1,0.06373842592592592,500,18,500.0,27.77777777777778,True,0,,,,,,,0,18,1.0,True,,,0,0,,,0,11,REJECT,Active days (30d) 1 < 8; Closed positions 0 < 50; Visible history days 0.0637 < 90; ROI unavailable; Trades per active day 500 > 10; Trades per market 27.8 > 3; Top-1 positive PnL share unavailable; Top-5 positive PnL share unavailable; Median holding days unavailable; Hedged market share 1 > 0.05; Median adverse move 1m unavailable,Activity truncated at 500 rows,https://polymarket.com/profile/0x0484e64092ba4108c2786b61e6fc052d3bf41b1a
0x48ac40fc545cf327edd5365435c3a9f385614a7e,BoneOhio,,"CRYPTO:MONTH, CRYPTO:WEEK",CRYPTO,True,2026-07-28T16:42:05+00:00,0.03917965923611111,1,0.09445601851851852,500,130,500.0,3.8461538461538463,True,0,,,,,,,0,31,0.23846153846153847,True,,,0,0,,,0,11,REJECT,Active days (30d) 1 < 8; Closed positions 0 < 50; Visible history days 0.0945 < 90; ROI unavailable; Trades per active day 500 > 10; Trades per market 3.85 > 3; Top-1 positive PnL share unavailable; Top-5 positive PnL share unavailable; Median holding days unavailable; Hedged market share 0.238 > 0.05; Median adverse move 1m unavailable,Activity truncated at 500 rows,https://polymarket.com/profile/0x48ac40fc545cf327edd5365435c3a9f385614a7e
0x21d0a97aac03917e752857a551bbe5103a00e8d7,PBot-6,,CRYPTO:WEEK,CRYPTO,True,2026-07-28T16:40:23+00:00,0.04036021479166667,1,0.17069444444444445,500,77,500.0,6.4935064935064934,True,0,,,,,,,0,35,0.45454545454545453,True,,,0,0,,,0,11,REJECT,Active days (30d) 1 < 8; Closed positions 0 < 50; Visible history days 0.171 < 90; ROI unavailable; Trades per active day 500 > 10; Trades per market 6.49 > 3; Top-1 positive PnL share unavailable; Top-5 positive PnL share unavailable; Median holding days unavailable; Hedged market share 0.455 > 0.05; Median adverse move 1m unavailable,Activity truncated at 500 rows,https://polymarket.com/profile/0x21d0a97aac03917e752857a551bbe5103a00e8d7
0xa0e72d5575095199ae08ce0dce447f21b7249461,uninformedfloww,,"CRYPTO:MONTH, CRYPTO:WEEK",CRYPTO,True,2026-07-28T16:43:11+00:00,0.038415770347222225,1,0.012013888888888888,500,29,500.0,17.24137931034483,True,0,,,,,,,0,17,0.5862068965517241,True,,,0,0,,,0,11,REJECT,Active days (30d) 1 < 8; Closed positions 0 < 50; Visible history days 0.012 < 90; ROI unavailable; Trades per active day 500 > 10; Trades per market 17.2 > 3; Top-1 positive PnL share unavailable; Top-5 positive PnL share unavailable; Median holding days unavailable; Hedged market share 0.586 > 0.05; Median adverse move 1m unavailable,Activity truncated at 500 rows,https://polymarket.com/profile/0xa0e72d5575095199ae08ce0dce447f21b7249461
0x13e0d447520ebe7f8eeaf7817211201b2c585204,,,"CRYPTO:MONTH, CRYPTO:WEEK",CRYPTO,True,2026-07-28T16:42:59+00:00,0.038554659236111115,1,0.037395833333333336,500,12,500.0,41.666666666666664,True,0,,,,,,,0,12,1.0,True,,,0,0,,,0,11,REJECT,Active days (30d) 1 < 8; Closed positions 0 < 50; Visible history days 0.0374 < 90; ROI unavailable; Trades per active day 500 > 10; Trades per market 41.7 > 3; Top-1 positive PnL share unavailable; Top-5 positive PnL share unavailable; Median holding days unavailable; Hedged market share 1 > 0.05; Median adverse move 1m unavailable,Activity truncated at 500 rows,https://polymarket.com/profile/0x13e0d447520ebe7f8eeaf7817211201b2c585204
0xf3531b23b504cf0aed4ff21325232b2a2d496685,powerwinner,xrang2731,"CRYPTO:MONTH, CRYPTO:WEEK",CRYPTO,True,2026-07-28T16:43:02+00:00,0.03851993701388889,1,0.028761574074074075,500,18,500.0,27.77777777777778,True,0,,,,,,,0,18,1.0,True,,,0,0,,,0,11,REJECT,Active days (30d) 1 < 8; Closed positions 0 < 50; Visible history days 0.0288 < 90; ROI unavailable; Trades per active day 500 > 10; Trades per market 27.8 > 3; Top-1 positive PnL share unavailable; Top-5 positive PnL share unavailable; Median holding days unavailable; Hedged market share 1 > 0.05; Median adverse move 1m unavailable,Activity truncated at 500 rows,https://polymarket.com/profile/0xf3531b23b504cf0aed4ff21325232b2a2d496685
0x568b079891fcc8bef2e557fa2a8a7ecca1700b3b,,,CRYPTO:WEEK,CRYPTO,True,2026-07-28T16:42:53+00:00,0.038624103680555556,1,0.04237268518518519,500,13,500.0,38.46153846153846,True,0,,,,,,,0,13,1.0,True,,,0,0,,,0,11,REJECT,Active days (30d) 1 < 8; Closed positions 0 < 50; Visible history days 0.0424 < 90; ROI unavailable; Trades per active day 500 > 10; Trades per market 38.5 > 3; Top-1 positive PnL share unavailable; Top-5 positive PnL share unavailable; Median holding days unavailable; Hedged market share 1 > 0.05; Median adverse move 1m unavailable,Activity truncated at 500 rows,https://polymarket.com/profile/0x568b079891fcc8bef2e557fa2a8a7ecca1700b3b
0xf9b7876ba2c35370e0bedb7f8ee772da722aa37c,,,CRYPTO:WEEK,CRYPTO,True,2026-07-28T16:42:53+00:00,0.038624103680555556,1,0.03454861111111111,500,11,500.0,45.45454545454545,True,0,,,,,,,0,11,1.0,True,,,0,0,,,0,11,REJECT,Active days (30d) 1 < 8; Closed positions 0 < 50; Visible history days 0.0345 < 90; ROI unavailable; Trades per active day 500 > 10; Trades per market 45.5 > 3; Top-1 positive PnL share unavailable; Top-5 positive PnL share unavailable; Median holding days unavailable; Hedged market share 1 > 0.05; Median adverse move 1m unavailable,Activity truncated at 500 rows,https://polymarket.com/profile/0xf9b7876ba2c35370e0bedb7f8ee772da722aa37c
0x7df1854c8bd10b573f1281c2e978b8104075491d,SainQ,,CRYPTO:WEEK,CRYPTO,True,2026-07-28T13:34:40+00:00,0.16933012219907406,1,0.3057986111111111,500,30,500.0,16.666666666666668,True,0,,,,,,,0,14,0.4666666666666667,True,,,0,0,,,0,11,REJECT,Active days (30d) 1 < 8; Closed positions 0 < 50; Visible history days 0.306 < 90; ROI unavailable; Trades per active day 500 > 10; Trades per market 16.7 > 3; Top-1 positive PnL share unavailable; Top-5 positive PnL share unavailable; Median holding days unavailable; Hedged market share 0.467 > 0.05; Median adverse move 1m unavailable,Activity truncated at 500 rows,https://polymarket.com/profile/0x7df1854c8bd10b573f1281c2e978b8104075491d
0x0c7c5204404e9d5402d258fedac59c7212bae4cb,OhioRiskManagement,,"CRYPTO:MONTH, CRYPTO:WEEK",CRYPTO,True,2026-07-28T16:43:05+00:00,0.038485214791666666,1,0.03994212962962963,500,61,500.0,8.19672131147541,True,0,,,,,,,0,27,0.4426229508196721,True,,,0,0,,,0,11,REJECT,Active days (30d) 1 < 8; Closed positions 0 < 50; Visible history days 0.0399 < 90; ROI unavailable; Trades per active day 500 > 10; Trades per market 8.2 > 3; Top-1 positive PnL share unavailable; Top-5 positive PnL share unavailable; Median holding days unavailable; Hedged market share 0.443 > 0.05; Median adverse move 1m unavailable,Activity truncated at 500 rows,https://polymarket.com/profile/0x0c7c5204404e9d5402d258fedac59c7212bae4cb
0x60bf59e257dd9bc9c6a5d0d0fd7881d76aee15aa,sssxx,,CRYPTO:WEEK,CRYPTO,True,2026-06-26T14:08:43+00:00,32.14568428886574,0,73.47481481481482,422,31,18.347826086956523,13.612903225806452,False,0,,,,,,,0,0,0.0,True,,,0,0,,,0,11,REJECT,Days since last trade 32.1 > 3; Active days (30d) 0 < 8; Closed positions 0 < 50; Visible history days 73.5 < 90; ROI unavailable; Trades per active day 18.3 > 10; Trades per market 13.6 > 3; Top-1 positive PnL share unavailable; Top-5 positive PnL share unavailable; Median holding days unavailable; Median adverse move 1m unavailable,,https://polymarket.com/profile/0x60bf59e257dd9bc9c6a5d0d0fd7881d76aee15aa
0x0d50d8b4407447eadb428fe20e48deaa84d8aec0,0x0D50d8b4407447eAdb428fE20E48dEaa84D8AeC0-1778592192986,,CRYPTO:WEEK,CRYPTO,True,2026-06-04T02:21:49+00:00,54.636587066643514,0,22.526203703703704,159,1,31.8,159.0,False,0,,,,,,,0,0,0.0,True,,,0,0,,,0,11,REJECT,Days since last trade 54.6 > 3; Active days (30d) 0 < 8; Closed positions 0 < 50; Visible history days 22.5 < 90; ROI unavailable; Trades per active day 31.8 > 10; Trades per market 159 > 3; Top-1 positive PnL share unavailable; Top-5 positive PnL share unavailable; Median holding days unavailable; Median adverse move 1m unavailable,,https://polymarket.com/profile/0x0d50d8b4407447eadb428fe20e48deaa84d8aec0
0x251c1a283703beed41590b0875a8dcb8ddd1541f,0xAAAAA,,"CRYPTO:MONTH, CRYPTO:WEEK",CRYPTO,True,2026-07-28T16:41:43+00:00,0.03943428886574074,1,0.05184027777777778,500,16,500.0,31.25,True,0,,,,,,,0,16,1.0,True,,,0,0,,,0,11,REJECT,Active days (30d) 1 < 8; Closed positions 0 < 50; Visible history days 0.0518 < 90; ROI unavailable; Trades per active day 500 > 10; Trades per market 31.2 > 3; Top-1 positive PnL share unavailable; Top-5 positive PnL share unavailable; Median holding days unavailable; Hedged market share 1 > 0.05; Median adverse move 1m unavailable,Activity truncated at 500 rows,https://polymarket.com/profile/0x251c1a283703beed41590b0875a8dcb8ddd1541f
0x3048d65321be3497164cdfc2996f94f98a2e7537,twitter-CryptoWithGab,,CRYPTO:MONTH,CRYPTO,True,2026-07-27T09:17:45+00:00,1.347744474050926,1,0.051666666666666666,500,16,500.0,31.25,True,0,,,,,,,0,15,0.9375,True,,,0,0,,,0,11,REJECT,Active days (30d) 1 < 8; Closed positions 0 < 50; Visible history days 0.0517 < 90; ROI unavailable; Trades per active day 500 > 10; Trades per market 31.2 > 3; Top-1 positive PnL share unavailable; Top-5 positive PnL share unavailable; Median holding days unavailable; Hedged market share 0.938 > 0.05; Median adverse move 1m unavailable,Activity truncated at 500 rows,https://polymarket.com/profile/0x3048d65321be3497164cdfc2996f94f98a2e7537
0x20d2309cd92b797ae7ca175ed828ed8a27fbe29d,,,CRYPTO:MONTH,CRYPTO,True,2026-07-28T16:42:44+00:00,0.038728270347222225,1,0.051875,500,68,500.0,7.352941176470588,True,0,,,,,,,0,57,0.8382352941176471,True,,,0,0,,,0,11,REJECT,Active days (30d) 1 < 8; Closed positions 0 < 50; Visible history days 0.0519 < 90; ROI unavailable; Trades per active day 500 > 10; Trades per market 7.35 > 3; Top-1 positive PnL share unavailable; Top-5 positive PnL share unavailable; Median holding days unavailable; Hedged market share 0.838 > 0.05; Median adverse move 1m unavailable,Activity truncated at 500 rows,https://polymarket.com/profile/0x20d2309cd92b797ae7ca175ed828ed8a27fbe29d
0x3725d52f3c252e8374999cc8617292ea2608ad88,almach,,CRYPTO:MONTH,CRYPTO,True,2026-07-28T16:42:34+00:00,0.03884401108796296,1,0.0721875,500,58,500.0,8.620689655172415,True,0,,,,,,,0,23,0.39655172413793105,True,,,0,0,,,0,11,REJECT,Active days (30d) 1 < 8; Closed positions 0 < 50; Visible history days 0.0722 < 90; ROI unavailable; Trades per active day 500 > 10; Trades per market 8.62 > 3; Top-1 positive PnL share unavailable; Top-5 positive PnL share unavailable; Median holding days unavailable; Hedged market share 0.397 > 0.05; Median adverse move 1m unavailable,Activity truncated at 500 rows,https://polymarket.com/profile/0x3725d52f3c252e8374999cc8617292ea2608ad88
0xeebde7a0e019a63e6b476eb425505b7b3e6eba30,Bonereaper,,CRYPTO:MONTH,CRYPTO,True,2026-07-28T16:42:34+00:00,0.03884401108796296,1,0.011944444444444445,500,12,500.0,41.666666666666664,True,0,,,,,,,0,12,1.0,True,,,0,0,,,0,11,REJECT,Active days (30d) 1 < 8; Closed positions 0 < 50; Visible history days 0.0119 < 90; ROI unavailable; Trades per active day 500 > 10; Trades per market 41.7 > 3; Top-1 positive PnL share unavailable; Top-5 positive PnL share unavailable; Median holding days unavailable; Hedged market share 1 > 0.05; Median adverse move 1m unavailable,Activity truncated at 500 rows,https://polymarket.com/profile/0xeebde7a0e019a63e6b476eb425505b7b3e6eba30
0x960bf404c1eca257411203164357a925e33fae8d,suntoria,,CRYPTO:MONTH,CRYPTO,True,2026-07-18T18:14:57+00:00,9.97468891849537,1,0.5602662037037037,500,33,500.0,15.151515151515152,True,0,,,,,,,0,0,0.0,True,,,0,0,,,0,11,REJECT,Days since last trade 9.97 > 3; Active days (30d) 1 < 8; Closed positions 0 < 50; Visible history days 0.56 < 90; ROI unavailable; Trades per active day 500 > 10; Trades per market 15.2 > 3; Top-1 positive PnL share unavailable; Top-5 positive PnL share unavailable; Median holding days unavailable; Median adverse move 1m unavailable,Activity truncated at 500 rows,https://polymarket.com/profile/0x960bf404c1eca257411203164357a925e33fae8d
0xc2ad03f79ca3f3c17d8c7de2612ce0c89b7d40ed,bosona,,CRYPTO:MONTH,CRYPTO,True,2026-07-28T16:41:49+00:00,0.0393648444212963,1,0.0641550925925926,500,59,500.0,8.474576271186441,True,0,,,,,,,0,24,0.4067796610169492,True,,,0,0,,,0,11,REJECT,Active days (30d) 1 < 8; Closed positions 0 < 50; Visible history days 0.0642 < 90; ROI unavailable; Trades per active day 500 > 10; Trades per market 8.47 > 3; Top-1 positive PnL share unavailable; Top-5 positive PnL share unavailable; Median holding days unavailable; Hedged market share 0.407 > 0.05; Median adverse move 1m unavailable,Activity truncated at 500 rows,https://polymarket.com/profile/0xc2ad03f79ca3f3c17d8c7de2612ce0c89b7d40ed
0xdf7930e89a2c47560165331863c31deca0733dcd,std0,,CRYPTO:MONTH,CRYPTO,True,2026-07-28T16:42:34+00:00,0.03884401108796296,1,0.05649305555555555,500,34,500.0,14.705882352941176,True,0,,,,,,,0,31,0.9117647058823529,True,,,0,0,,,0,11,REJECT,Active days (30d) 1 < 8; Closed positions 0 < 50; Visible history days 0.0565 < 90; ROI unavailable; Trades per active day 500 > 10; Trades per market 14.7 > 3; Top-1 positive PnL share unavailable; Top-5 positive PnL share unavailable; Median holding days unavailable; Hedged market share 0.912 > 0.05; Median adverse move 1m unavailable,Activity truncated at 500 rows,https://polymarket.com/profile/0xdf7930e89a2c47560165331863c31deca0733dcd
0xb89d0b6e96e790afa900b53476b8f267a94d1d4f,ZCu006,,CRYPTO:MONTH,CRYPTO,True,2026-07-18T17:34:28+00:00,10.002802344421296,1,0.6560069444444444,500,29,500.0,17.24137931034483,True,0,,,,,,,0,0,0.0,True,,,0,0,,,0,11,REJECT,Days since last trade 10 > 3; Active days (30d) 1 < 8; Closed positions 0 < 50; Visible history days 0.656 < 90; ROI unavailable; Trades per active day 500 > 10; Trades per market 17.2 > 3; Top-1 positive PnL share unavailable; Top-5 positive PnL share unavailable; Median holding days unavailable; Median adverse move 1m unavailable,Activity truncated at 500 rows,https://polymarket.com/profile/0xb89d0b6e96e790afa900b53476b8f267a94d1d4f
0x7e5d2991c2647de2348287e2f499329fc6a6c4c3,aswfadq1555,,CRYPTO:MONTH,CRYPTO,True,2026-07-28T16:43:05+00:00,0.038485214791666666,1,0.03423611111111111,500,8,500.0,62.5,True,0,,,,,,,0,8,1.0,True,,,0,0,,,0,11,REJECT,Active days (30d) 1 < 8; Closed positions 0 < 50; Visible history days 0.0342 < 90; ROI unavailable; Trades per active day 500 > 10; Trades per market 62.5 > 3; Top-1 positive PnL share unavailable; Top-5 positive PnL share unavailable; Median holding days unavailable; Hedged market share 1 > 0.05; Median adverse move 1m unavailable,Activity truncated at 500 rows,https://polymarket.com/profile/0x7e5d2991c2647de2348287e2f499329fc6a6c4c3
0xb0f85baa97990910a3e8ac2b4a58a322f01ecef5,pspspsps5,,CRYPTO:MONTH,CRYPTO,True,2026-07-28T16:43:08+00:00,0.038450492569444446,1,0.03754629629629629,500,51,500.0,9.803921568627452,True,0,,,,,,,0,24,0.47058823529411764,True,,,0,0,,,0,11,REJECT,Active days (30d) 1 < 8; Closed positions 0 < 50; Visible history days 0.0375 < 90; ROI unavailable; Trades per active day 500 > 10; Trades per market 9.8 > 3; Top-1 positive PnL share unavailable; Top-5 positive PnL share unavailable; Median holding days unavailable; Hedged market share 0.471 > 0.05; Median adverse move 1m unavailable,Activity truncated at 500 rows,https://polymarket.com/profile/0xb0f85baa97990910a3e8ac2b4a58a322f01ecef5
0x3c58ef422754ff22c7e806336feba0064d8b776b,antsaslyku,,CRYPTO:MONTH,CRYPTO,True,2026-07-28T16:41:29+00:00,0.03959632590277778,1,0.07935185185185185,500,104,500.0,4.8076923076923075,True,0,,,,,,,0,51,0.49038461538461536,True,,,0,0,,,0,11,REJECT,Active days (30d) 1 < 8; Closed positions 0 < 50; Visible history days 0.0794 < 90; ROI unavailable; Trades per active day 500 > 10; Trades per market 4.81 > 3; Top-1 positive PnL share unavailable; Top-5 positive PnL share unavailable; Median holding days unavailable; Hedged market share 0.49 > 0.05; Median adverse move 1m unavailable,Activity truncated at 500 rows,https://polymarket.com/profile/0x3c58ef422754ff22c7e806336feba0064d8b776b
0xa7011667f22c121c6cea7aab30192307c58c47cd,BadTattoo,,CRYPTO:MONTH,CRYPTO,True,2026-07-07T18:55:50+00:00,20.946297714791665,7,7.384652777777778,500,18,71.42857142857143,27.77777777777778,True,0,,,,,,,0,0,0.0,True,,,0,0,,,0,11,REJECT,Days since last trade 20.9 > 3; Active days (30d) 7 < 8; Closed positions 0 < 50; Visible history days 7.38 < 90; ROI unavailable; Trades per active day 71.4 > 10; Trades per market 27.8 > 3; Top-1 positive PnL share unavailable; Top-5 positive PnL share unavailable; Median holding days unavailable; Median adverse move 1m unavailable,Activity truncated at 500 rows,https://polymarket.com/profile/0xa7011667f22c121c6cea7aab30192307c58c47cd
0xdf601b5383f24c08eff0bc9355b4b7ff09728e92,0xdF601b5383F24c08eFF0bc9355b4b7ff09728e92-1784164214554,,CRYPTO:MONTH,CRYPTO,True,2026-07-17T07:54:24+00:00,11.405626418495372,1,0.007245370370370371,500,2,500.0,250.0,True,0,,,,,,,0,0,0.0,True,,,0,0,,,0,11,REJECT,Days since last trade 11.4 > 3; Active days (30d) 1 < 8; Closed positions 0 < 50; Visible history days 0.00725 < 90; ROI unavailable; Trades per active day 500 > 10; Trades per market 250 > 3; Top-1 positive PnL share unavailable; Top-5 positive PnL share unavailable; Median holding days unavailable; Median adverse move 1m unavailable,Activity truncated at 500 rows,https://polymarket.com/profile/0xdf601b5383f24c08eff0bc9355b4b7ff09728e92
0x1160696549a6e3e5d9b4a7ccaed0403902307d8a,0x1160696549a6e3E5d9B4A7cCaed0403902307D8a-1780892492627,,CRYPTO:MONTH,CRYPTO,True,2026-07-28T16:42:35+00:00,0.03883243701388889,1,0.07084490740740741,500,21,500.0,23.80952380952381,True,0,,,,,,,0,21,1.0,True,,,0,0,,,0,11,REJECT,Active days (30d) 1 < 8; Closed positions 0 < 50; Visible history days 0.0708 < 90; ROI unavailable; Trades per active day 500 > 10; Trades per market 23.8 > 3; Top-1 positive PnL share unavailable; Top-5 positive PnL share unavailable; Median holding days unavailable; Hedged market share 1 > 0.05; Median adverse move 1m unavailable,Activity truncated at 500 rows,https://polymarket.com/profile/0x1160696549a6e3e5d9b4a7ccaed0403902307d8a
0x9412cdfc1e3171e1aabb013d0f494986445d0cd0,gansinimen,,CRYPTO:MONTH,CRYPTO,True,2026-07-28T16:42:53+00:00,0.038624103680555556,1,0.06956018518518518,500,29,500.0,17.24137931034483,True,0,,,,,,,0,26,0.896551724137931,True,,,0,0,,,0,11,REJECT,Active days (30d) 1 < 8; Closed positions 0 < 50; Visible history days 0.0696 < 90; ROI unavailable; Trades per active day 500 > 10; Trades per market 17.2 > 3; Top-1 positive PnL share unavailable; Top-5 positive PnL share unavailable; Median holding days unavailable; Hedged market share 0.897 > 0.05; Median adverse move 1m unavailable,Activity truncated at 500 rows,https://polymarket.com/profile/0x9412cdfc1e3171e1aabb013d0f494986445d0cd0
0xc1b4bfdc36eaa5c09e7231c61e5e44c5463f624f,sir-upalot,,CRYPTO:MONTH,CRYPTO,True,2026-07-28T16:42:43+00:00,0.0387398444212963,1,0.020520833333333332,500,7,500.0,71.42857142857143,True,0,,,,,,,0,7,1.0,True,,,0,0,,,0,11,REJECT,Active days (30d) 1 < 8; Closed positions 0 < 50; Visible history days 0.0205 < 90; ROI unavailable; Trades per active day 500 > 10; Trades per market 71.4 > 3; Top-1 positive PnL share unavailable; Top-5 positive PnL share unavailable; Median holding days unavailable; Hedged market share 1 > 0.05; Median adverse move 1m unavailable,Activity truncated at 500 rows,https://polymarket.com/profile/0xc1b4bfdc36eaa5c09e7231c61e5e44c5463f624f
0xfcdc071df7080c214196bb0b3b751e5417f9d8e3,neversmiling,,CRYPTO:MONTH,CRYPTO,True,2026-07-28T16:43:20+00:00,0.038311603680555556,1,0.02329861111111111,500,31,500.0,16.129032258064516,True,0,,,,,,,0,24,0.7741935483870968,True,,,0,0,,,0,11,REJECT,Active days (30d) 1 < 8; Closed positions 0 < 50; Visible history days 0.0233 < 90; ROI unavailable; Trades per active day 500 > 10; Trades per market 16.1 > 3; Top-1 positive PnL share unavailable; Top-5 positive PnL share unavailable; Median holding days unavailable; Hedged market share 0.774 > 0.05; Median adverse move 1m unavailable,Activity truncated at 500 rows,https://polymarket.com/profile/0xfcdc071df7080c214196bb0b3b751e5417f9d8e3
0x2589876f7934d8b9ed551e911e1b50dabbcc6868,aussietoken,,TECH:MONTH,TECH,False,2026-07-05T06:13:55+00:00,23.475406511087964,7,82.61652777777778,235,14,14.6875,16.785714285714285,False,0,,,,,,,0,3,0.21428571428571427,True,,,0,0,,,0.4,12,REJECT,Days since last trade 23.5 > 3; Active days (30d) 7 < 8; Closed positions 0 < 50; Visible history days 82.6 < 90; ROI unavailable; Trades per active day 14.7 > 10; Trades per market 16.8 > 3; Top-1 positive PnL share unavailable; Top-5 positive PnL share unavailable; Median holding days unavailable; Hedged market share 0.214 > 0.05; Median adverse move 1m unavailable,,https://polymarket.com/profile/0x2589876f7934d8b9ed551e911e1b50dabbcc6868
0x4ab9b54427ec4b7f3646b1a0ef1bed73bc708ebe,RWCS,,OVERALL:WEEK,OVERALL,False,,,0,,0,0,,,False,0,,,,,,,0,0,,False,,,0,0,,,0,12,REJECT,Days since last trade unavailable; Active days (30d) 0 < 8; Closed positions 0 < 50; Visible history days unavailable; ROI unavailable; Trades per active day unavailable; Trades per market unavailable; Top-1 positive PnL share unavailable; Top-5 positive PnL share unavailable; Median holding days unavailable; Hedged market share unavailable; Median adverse move 1m unavailable,No activity records returned,https://polymarket.com/profile/0x4ab9b54427ec4b7f3646b1a0ef1bed73bc708ebe
0x6c3aae17140c5e3cde62380daaa323e38575c459,AvrahamEisenberg - 10161,,OVERALL:WEEK,OVERALL,False,,,0,,0,0,,,False,0,,,,,,,0,0,,False,,,0,0,,,0,12,REJECT,Days since last trade unavailable; Active days (30d) 0 < 8; Closed positions 0 < 50; Visible history days unavailable; ROI unavailable; Trades per active day unavailable; Trades per market unavailable; Top-1 positive PnL share unavailable; Top-5 positive PnL share unavailable; Median holding days unavailable; Hedged market share unavailable; Median adverse move 1m unavailable,No activity records returned,https://polymarket.com/profile/0x6c3aae17140c5e3cde62380daaa323e38575c459
0xa8cf2ed8751f4e58ad039e1b68a8b58b4395031f,,,OVERALL:WEEK,OVERALL,False,,,0,,0,0,,,False,0,,,,,,,0,0,,False,,,0,0,,,0,12,REJECT,Days since last trade unavailable; Active days (30d) 0 < 8; Closed positions 0 < 50; Visible history days unavailable; ROI unavailable; Trades per active day unavailable; Trades per market unavailable; Top-1 positive PnL share unavailable; Top-5 positive PnL share unavailable; Median holding days unavailable; Hedged market share unavailable; Median adverse move 1m unavailable,No activity records returned,https://polymarket.com/profile/0xa8cf2ed8751f4e58ad039e1b68a8b58b4395031f
0x0f35109cc3ceaf729609c3109310791bd616c84a,,,OVERALL:WEEK,OVERALL,False,,,0,,0,0,,,False,0,,,,,,,0,0,,False,,,0,0,,,0,12,REJECT,Days since last trade unavailable; Active days (30d) 0 < 8; Closed positions 0 < 50; Visible history days unavailable; ROI unavailable; Trades per active day unavailable; Trades per market unavailable; Top-1 positive PnL share unavailable; Top-5 positive PnL share unavailable; Median holding days unavailable; Hedged market share unavailable; Median adverse move 1m unavailable,No activity records returned,https://polymarket.com/profile/0x0f35109cc3ceaf729609c3109310791bd616c84a
0x782186952ef2ca75ea91c95aef25bbdcffb4bb1a,thif - 33063,,OVERALL:WEEK,OVERALL,False,,,0,,0,0,,,False,0,,,,,,,0,0,,False,,,0,0,,,0,12,REJECT,Days since last trade unavailable; Active days (30d) 0 < 8; Closed positions 0 < 50; Visible history days unavailable; ROI unavailable; Trades per active day unavailable; Trades per market unavailable; Top-1 positive PnL share unavailable; Top-5 positive PnL share unavailable; Median holding days unavailable; Hedged market share unavailable; Median adverse move 1m unavailable,No activity records returned,https://polymarket.com/profile/0x782186952ef2ca75ea91c95aef25bbdcffb4bb1a
0x3f6e93d1e2c2846a357276e29e7e9147e29c18d9,wco26,,OVERALL:MONTH,OVERALL,False,2026-07-19T17:20:33+00:00,9.01246669627315,1,0.09475694444444445,500,1,500.0,500.0,True,0,,,,,,,0,0,,True,,,0,0,,,0,12,REJECT,Days since last trade 9.01 > 3; Active days (30d) 1 < 8; Closed positions 0 < 50; Visible history days 0.0948 < 90; ROI unavailable; Trades per active day 500 > 10; Trades per market 500 > 3; Top-1 positive PnL share unavailable; Top-5 positive PnL share unavailable; Median holding days unavailable; Hedged market share unavailable; Median adverse move 1m unavailable,Activity truncated at 500 rows,https://polymarket.com/profile/0x3f6e93d1e2c2846a357276e29e7e9147e29c18d9
0x75973c667cec880353450be3a6f17c5da67b4421,0x75973C667CeC880353450BE3A6F17C5da67B4421-1784278069335,,"CRYPTO:MONTH, OVERALL:MONTH",CRYPTO,True,2026-07-17T12:18:55+00:00,11.221934288865741,1,0.1297337962962963,139,24,139.0,5.791666666666667,False,0,,,,,,,0,2,0.08333333333333333,True,,,0,0,,,0,12,REJECT,Days since last trade 11.2 > 3; Active days (30d) 1 < 8; Closed positions 0 < 50; Visible history days 0.13 < 90; ROI unavailable; Trades per active day 139 > 10; Trades per market 5.79 > 3; Top-1 positive PnL share unavailable; Top-5 positive PnL share unavailable; Median holding days unavailable; Hedged market share 0.0833 > 0.05; Median adverse move 1m unavailable,,https://polymarket.com/profile/0x75973c667cec880353450be3a6f17c5da67b4421
0x560bec8a0e62a8f1d4ae80c7b76786f2b5fcaf09,Unconscious9485,,FINANCE:MONTH,FINANCE,False,2024-01-24T21:20:18+00:00,915.8459736407176,0,20.982789351851853,193,18,12.866666666666667,10.722222222222221,False,0,,,,,,,0,2,0.1111111111111111,True,,,0,0,,,0,12,REJECT,Days since last trade 916 > 3; Active days (30d) 0 < 8; Closed positions 0 < 50; Visible history days 21 < 90; ROI unavailable; Trades per active day 12.9 > 10; Trades per market 10.7 > 3; Top-1 positive PnL share unavailable; Top-5 positive PnL share unavailable; Median holding days unavailable; Hedged market share 0.111 > 0.05; Median adverse move 1m unavailable,,https://polymarket.com/profile/0x560bec8a0e62a8f1d4ae80c7b76786f2b5fcaf09
0xb9df9898b6ffd4ca8c32bcd55a94bfada19ce654,aqaaa,,TECH:MONTH,TECH,False,2026-07-05T06:29:53+00:00,23.464318548125,1,15.00125,81,7,13.5,11.571428571428571,False,0,,,,,,,0,1,0.14285714285714285,True,,,0,0,,,0,12,REJECT,Days since last trade 23.5 > 3; Active days (30d) 1 < 8; Closed positions 0 < 50; Visible history days 15 < 90; ROI unavailable; Trades per active day 13.5 > 10; Trades per market 11.6 > 3; Top-1 positive PnL share unavailable; Top-5 positive PnL share unavailable; Median holding days unavailable; Hedged market share 0.143 > 0.05; Median adverse move 1m unavailable,,https://polymarket.com/profile/0xb9df9898b6ffd4ca8c32bcd55a94bfada19ce654
0xc487a65e48552b964a46df520eed1029aec8b127,KyeZX,,CRYPTO:WEEK,CRYPTO,True,2026-07-12T00:43:49+00:00,16.704642622199074,3,40.423090277777774,500,39,25.0,12.820512820512821,True,0,,,,,,,0,4,0.10256410256410256,True,,,0,0,,,0,12,REJECT,Days since last trade 16.7 > 3; Active days (30d) 3 < 8; Closed positions 0 < 50; Visible history days 40.4 < 90; ROI unavailable; Trades per active day 25 > 10; Trades per market 12.8 > 3; Top-1 positive PnL share unavailable; Top-5 positive PnL share unavailable; Median holding days unavailable; Hedged market share 0.103 > 0.05; Median adverse move 1m unavailable,Activity truncated at 500 rows,https://polymarket.com/profile/0xc487a65e48552b964a46df520eed1029aec8b127
0x8b14a322db0e518ed3e3fbe69f65690f3787d0b1,gengis111,,CRYPTO:WEEK,CRYPTO,True,2026-05-02T20:36:48+00:00,86.87618197405092,0,11.268935185185185,500,10,41.666666666666664,50.0,True,0,,,,,,,0,1,0.1111111111111111,True,,,0,0,,,0,12,REJECT,Days since last trade 86.9 > 3; Active days (30d) 0 < 8; Closed positions 0 < 50; Visible history days 11.3 < 90; ROI unavailable; Trades per active day 41.7 > 10; Trades per market 50 > 3; Top-1 positive PnL share unavailable; Top-5 positive PnL share unavailable; Median holding days unavailable; Hedged market share 0.111 > 0.05; Median adverse move 1m unavailable,Activity truncated at 500 rows,https://polymarket.com/profile/0x8b14a322db0e518ed3e3fbe69f65690f3787d0b1
0x723ddc068e53830c4431d490e7b0cbd5cdfc3a40,dfhftu5udaf,,CRYPTO:MONTH,CRYPTO,True,2026-07-20T20:33:01+00:00,7.8788092888657415,1,0.023657407407407408,500,5,500.0,100.0,True,0,,,,,,,0,2,0.4,True,,,0,0,,,0,12,REJECT,Days since last trade 7.88 > 3; Active days (30d) 1 < 8; Closed positions 0 < 50; Visible history days 0.0237 < 90; ROI unavailable; Trades per active day 500 > 10; Trades per market 100 > 3; Top-1 positive PnL share unavailable; Top-5 positive PnL share unavailable; Median holding days unavailable; Hedged market share 0.4 > 0.05; Median adverse move 1m unavailable,Activity truncated at 500 rows,https://polymarket.com/profile/0x723ddc068e53830c4431d490e7b0cbd5cdfc3a40
0x719efacc15aa473571cdfca021b5608747d0c5a9,bbwlover1,,CRYPTO:MONTH,CRYPTO,True,2026-07-18T18:19:37+00:00,9.97144817775463,1,0.601574074074074,500,35,500.0,14.285714285714286,True,0,,,,,,,0,2,0.05714285714285714,True,,,0,0,,,0,12,REJECT,Days since last trade 9.97 > 3; Active days (30d) 1 < 8; Closed positions 0 < 50; Visible history days 0.602 < 90; ROI unavailable; Trades per active day 500 > 10; Trades per market 14.3 > 3; Top-1 positive PnL share unavailable; Top-5 positive PnL share unavailable; Median holding days unavailable; Hedged market share 0.0571 > 0.05; Median adverse move 1m unavailable,Activity truncated at 500 rows,https://polymarket.com/profile/0x719efacc15aa473571cdfca021b5608747d0c5a9
