wallet,timestamp,condition_id,asset,title,outcome,entry_price,price_1m,price_5m,adverse_1m,adverse_5m,history_points,error,source_url
0x16bb9951a36fce71e2ef57890b786145e0ba8492,1785256192,0x6c2b623fefe9a9a5982281933ad301e6b44b6b7db53cf9cf76acabd5b15535c8,95601519076394164903476279882344204188315959864934177990844112238037061066152,Cleveland Guardians vs. Cincinnati Reds: O/U 8.5,Over,0.55,,,,,0,,https://clob.polymarket.com/prices-history?market=95601519076394164903476279882344204188315959864934177990844112238037061066152&startTs=1785256132&endTs=1785256792&fidelity=1
0x16bb9951a36fce71e2ef57890b786145e0ba8492,1785254588,0xa744fabfa9665eaf647310d0b3957ad877826191d9dc896a43ea52f597870d4f,77107088594196357414526513448862795132579600832005397769708229260968376435089,Cleveland Guardians vs. Cincinnati Reds: O/U 9.5,Under,0.54,,,,,0,,https://clob.polymarket.com/prices-history?market=77107088594196357414526513448862795132579600832005397769708229260968376435089&startTs=1785254528&endTs=1785255188&fidelity=1
0x16bb9951a36fce71e2ef57890b786145e0ba8492,1785248353,0x09ffd4e5a2a0cec17d57eb96fa26ef7df5d4c5d04a299f70b2a8fa045750ed9d,102777804192008185810987817070673237658225922916400863053948678105130755248837,Toronto Blue Jays vs. Washington Nationals,Toronto Blue Jays,0.44,,,,,0,RuntimeError('https://clob.polymarket.com/prices-history?market=102777804192008185810987817070673237658225922916400863053948678105130755248837&startTs=1785248293&endTs=1785248953&fidelity=1: HTTP Error 500: Internal Server Error'),https://clob.polymarket.com/prices-history?market=102777804192008185810987817070673237658225922916400863053948678105130755248837&startTs=1785248293&endTs=1785248953&fidelity=1
0x16bb9951a36fce71e2ef57890b786145e0ba8492,1785247768,0xaca52e038f90033025c5618c2fb73921e697f2f09196b69b2cf07e7068983888,1047454262117002493752028303859739860379496432146275413654052760365943104157,New York Yankees vs. Chicago White Sox,Chicago White Sox,0.45,,,,,0,RuntimeError('https://clob.polymarket.com/prices-history?market=1047454262117002493752028303859739860379496432146275413654052760365943104157&startTs=1785247708&endTs=1785248368&fidelity=1: HTTP Error 500: Internal Server Error'),https://clob.polymarket.com/prices-history?market=1047454262117002493752028303859739860379496432146275413654052760365943104157&startTs=1785247708&endTs=1785248368&fidelity=1
0x16bb9951a36fce71e2ef57890b786145e0ba8492,1785245249,0x14979b3c8113c2d09c77608bde096d2922a49cd656288a4e81210d186ad1b572,2457304918602331709649228908588713205395001763455970384515738332639557423591,Spread: San Diego Padres (-1.5),San Diego Padres,0.45,0.455,0.455,0.0050000000000000044,0.0050000000000000044,11,,https://clob.polymarket.com/prices-history?market=2457304918602331709649228908588713205395001763455970384515738332639557423591&startTs=1785245189&endTs=1785245849&fidelity=1
0x16bb9951a36fce71e2ef57890b786145e0ba8492,1785245231,0xa1697abd11c8ea74bf559201f03d8126f0dbc39221501aac8524f53c3fac627f,96825696523513707098137292916238612998035427360513325871936336131210560361917,Colorado Rockies vs. San Diego Padres,San Diego Padres,0.64,,,,,0,RuntimeError('https://clob.polymarket.com/prices-history?market=96825696523513707098137292916238612998035427360513325871936336131210560361917&startTs=1785245171&endTs=1785245831&fidelity=1: HTTP Error 500: Internal Server Error'),https://clob.polymarket.com/prices-history?market=96825696523513707098137292916238612998035427360513325871936336131210560361917&startTs=1785245171&endTs=1785245831&fidelity=1
0x16bb9951a36fce71e2ef57890b786145e0ba8492,1785159154,0x1a1e0268d7ed23382b29d8e330a1fc29468c4a50227e27e74b92f3a186c857a7,28284558083083190286460295567912807327244965326495763232743841474115952324090,Atlanta Braves vs. New York Mets: O/U 8.5,Over,0.51,,,,,0,RuntimeError('https://clob.polymarket.com/prices-history?market=28284558083083190286460295567912807327244965326495763232743841474115952324090&startTs=1785159094&endTs=1785159754&fidelity=1: HTTP Error 500: Internal Server Error'),https://clob.polymarket.com/prices-history?market=28284558083083190286460295567912807327244965326495763232743841474115952324090&startTs=1785159094&endTs=1785159754&fidelity=1
0x16bb9951a36fce71e2ef57890b786145e0ba8492,1785156379,0xd447c4612bec6d0c110abc60e33af1482718e794a4ddac29a6fc44beb4e8ea7d,98000962344039286071747658893713281709013859780811936237409067035669741133683,New York Yankees vs. Chicago White Sox,Chicago White Sox,0.43,0.425,0.425,-0.0050000000000000044,-0.0050000000000000044,11,,https://clob.polymarket.com/prices-history?market=98000962344039286071747658893713281709013859780811936237409067035669741133683&startTs=1785156319&endTs=1785156979&fidelity=1
0x16bb9951a36fce71e2ef57890b786145e0ba8492,1785154738,0xbcb4afb2535f14a91ea3fdeaa430f30fa427d8884d2032d6cdd95ef3f561431d,65681339156161538337433834794204744987809189209321792698237619838805685195139,Cleveland Guardians vs. Cincinnati Reds: O/U 8.5,Over,0.49,0.49,0.49,0.0,0.0,11,,https://clob.polymarket.com/prices-history?market=65681339156161538337433834794204744987809189209321792698237619838805685195139&startTs=1785154678&endTs=1785155338&fidelity=1
0x16bb9951a36fce71e2ef57890b786145e0ba8492,1785154599,0xb8c2951f82cdf1fa3f3899653d7af929d19ab3820644afd088c317fd713df392,111051906079271987494022085361827554796504988890735089432323704260282837509111,Chicago Cubs vs. St. Louis Cardinals,Chicago Cubs,0.5199839522,,,,,0,RuntimeError('https://clob.polymarket.com/prices-history?market=111051906079271987494022085361827554796504988890735089432323704260282837509111&startTs=1785154539&endTs=1785155199&fidelity=1: HTTP Error 500: Internal Server Error'),https://clob.polymarket.com/prices-history?market=111051906079271987494022085361827554796504988890735089432323704260282837509111&startTs=1785154539&endTs=1785155199&fidelity=1
0x16bb9951a36fce71e2ef57890b786145e0ba8492,1785154522,0x586cff253c4110b3c2b87a65847a26b2b6b3833059beaec109bc5aa23cb8ecb7,31358072887814099526079161149320156389755622777051504387575098183150380431124,Spread: Cincinnati Reds (-1.5),Cleveland Guardians,0.58,0.575,0.575,-0.0050000000000000044,-0.0050000000000000044,11,,https://clob.polymarket.com/prices-history?market=31358072887814099526079161149320156389755622777051504387575098183150380431124&startTs=1785154462&endTs=1785155122&fidelity=1
0x16bb9951a36fce71e2ef57890b786145e0ba8492,1785154401,0x40da9d36db8ec3f55d5e3ba3d203c13105864750e27e69d5af655dc3d7b38a29,38845668386945160402690810791843263835781953489123624858204155461190596504025,Chicago Cubs vs. St. Louis Cardinals: O/U 9.5,Under,0.5,0.505,0.505,0.0050000000000000044,0.0050000000000000044,11,,https://clob.polymarket.com/prices-history?market=38845668386945160402690810791843263835781953489123624858204155461190596504025&startTs=1785154341&endTs=1785155001&fidelity=1
0x1cc16713196d456f86fa9c7387dd326a7f73b8df,1785064966,0x194fbdfdb828a52b840314e5c1da3029531407a089ba54dadb55761540546bfc,34695818804407373089539562199318894408137627119874672645635186546108266431390,US Government removes public access to a major Chinese AI model in 2026?,No,0.77,0.795,0.795,0.025000000000000022,0.025000000000000022,11,,https://clob.polymarket.com/prices-history?market=34695818804407373089539562199318894408137627119874672645635186546108266431390&startTs=1785064906&endTs=1785065566&fidelity=1
0x1cc16713196d456f86fa9c7387dd326a7f73b8df,1785057259,0xba34d786cd7bfbd719aa77c705f27969aba84d6649dca9adb365aad8c255db7a,3109457852846752249033108874039158826560100606171171798422919230059617165695,US announces halt in Iran offensive operations by July 31?,Yes,0.3987849055,0.395,0.465,-0.003784905499999991,0.06621509450000002,11,,https://clob.polymarket.com/prices-history?market=3109457852846752249033108874039158826560100606171171798422919230059617165695&startTs=1785057199&endTs=1785057859&fidelity=1
0x1cc16713196d456f86fa9c7387dd326a7f73b8df,1784965548,0x5a9395dae6c7643ea06e7a555580a5526e81073aea9c9306363529c5b76a8f8b,95577979648711137561778638101766617213130581085760544385254830392377913395624,US x Iran Effective Ceasefire by July 31?,Yes,0.1981363102,,,,,0,RuntimeError('https://clob.polymarket.com/prices-history?market=95577979648711137561778638101766617213130581085760544385254830392377913395624&startTs=1784965488&endTs=1784966148&fidelity=1: HTTP Error 500: Internal Server Error'),https://clob.polymarket.com/prices-history?market=95577979648711137561778638101766617213130581085760544385254830392377913395624&startTs=1784965488&endTs=1784966148&fidelity=1
0x1cc16713196d456f86fa9c7387dd326a7f73b8df,1784965507,0x58180f4a69651f67c23ac92845721b2320cc0c76effeb5e79db5288d8d8e6b28,113410960838036610177054042201506207817797370827970598802492258356512540837137,US x Iran Effective Ceasefire by July 24?,Yes,0.1162727777,,,,,0,RuntimeError('https://clob.polymarket.com/prices-history?market=113410960838036610177054042201506207817797370827970598802492258356512540837137&startTs=1784965447&endTs=1784966107&fidelity=1: HTTP Error 500: Internal Server Error'),https://clob.polymarket.com/prices-history?market=113410960838036610177054042201506207817797370827970598802492258356512540837137&startTs=1784965447&endTs=1784966107&fidelity=1
0x1cc16713196d456f86fa9c7387dd326a7f73b8df,1784744493,0x8b0e301fc552e953579c625ce9adb7409d1852d5bf4879efee849decc1c9dc91,89891528752153609486101967580874619555953075413918489307579877777969507175147,"US announces end of Iranian blockade by July 31, 2026?",Yes,0.12,0.125,0.125,0.0050000000000000044,0.0050000000000000044,11,,https://clob.polymarket.com/prices-history?market=89891528752153609486101967580874619555953075413918489307579877777969507175147&startTs=1784744433&endTs=1784745093&fidelity=1
0x1cc16713196d456f86fa9c7387dd326a7f73b8df,1784651805,0xb5c0abeecb5502e6e8d83155c27819174d8317af3c425c3afc5a8c45257a3793,102979714187432523726496609637889951679226430871494531752837414533106422105296,Will the Fed increase interest rates by 25 bps after the July 2026 meeting?,No,0.877,0.8775,0.8795,0.0004999999999999449,0.0024999999999999467,11,,https://clob.polymarket.com/prices-history?market=102979714187432523726496609637889951679226430871494531752837414533106422105296&startTs=1784651745&endTs=1784652405&fidelity=1
0x1cc16713196d456f86fa9c7387dd326a7f73b8df,1784650845,0x8bf1c1536ecb1c08fe13c6b71e8ab1f58bf3461c4cb79f5f1679f869a06aef86,111604417349377875799825956621596386269673370070912696668140891647145772186047,Will there be no change in Fed interest rates after the July 2026 meeting?,Yes,0.874,,,,,0,RuntimeError('https://clob.polymarket.com/prices-history?market=111604417349377875799825956621596386269673370070912696668140891647145772186047&startTs=1784650785&endTs=1784651445&fidelity=1: HTTP Error 500: Internal Server Error'),https://clob.polymarket.com/prices-history?market=111604417349377875799825956621596386269673370070912696668140891647145772186047&startTs=1784650785&endTs=1784651445&fidelity=1
0x1cc16713196d456f86fa9c7387dd326a7f73b8df,1784476996,0x36d3202332e66e7c26eb96a679d395a84f5e34c3ee75efb5fe9f90ae3ed3eb6c,59430219204878309353341704080891316883691744697476593659545575808395716538648,Will Cameron Young win the 2026 The Open Championship?,Yes,0.4875743215,0.4345,0.4495,-0.05307432150000002,-0.03807432150000001,11,,https://clob.polymarket.com/prices-history?market=59430219204878309353341704080891316883691744697476593659545575808395716538648&startTs=1784476936&endTs=1784477596&fidelity=1
0x1cc16713196d456f86fa9c7387dd326a7f73b8df,1784193445,0x2db2daa3efb4d356f04710a5a7ffe4252b1c109462a5cda237b5389babc815db,110612681187145872466532040344224331762143379964412145780516537925453597308365,Will Matt Fitzpatrick win the 2026 The Open Championship?,Yes,0.06,0.0635,0.064,0.003500000000000003,0.0040000000000000036,11,,https://clob.polymarket.com/prices-history?market=110612681187145872466532040344224331762143379964412145780516537925453597308365&startTs=1784193385&endTs=1784194045&fidelity=1
0x1cc16713196d456f86fa9c7387dd326a7f73b8df,1784050838,0xfb22501ffce04e5a029bcc79ebb9e6a534cc676677c1354e29d29e3adfd08f46,74195920481980850339833434858532868591496382001885653367714402955122956464009,England vs. Argentina: O/U 2.5,Over,0.4025000198,0.40375,0.40375,0.0012499802000000004,0.0012499802000000004,11,,https://clob.polymarket.com/prices-history?market=74195920481980850339833434858532868591496382001885653367714402955122956464009&startTs=1784050778&endTs=1784051438&fidelity=1
0x1cc16713196d456f86fa9c7387dd326a7f73b8df,1784044261,0x0f4f0fe506891f560fb594af964dc5f75e378c22341b4c6311f73bf0ea6d0eb5,56446338256350844302810372949873851698026974994226138087877886956142722259344,"US charges Hormuz fees by July 31, 2026?",No,0.9441141323,0.964,0.952,0.019885867700000004,0.007885867699999993,11,,https://clob.polymarket.com/prices-history?market=56446338256350844302810372949873851698026974994226138087877886956142722259344&startTs=1784044201&endTs=1784044861&fidelity=1
0x1cc16713196d456f86fa9c7387dd326a7f73b8df,1784043860,0xcb8fb30139fe8af02654cc3b734a482a0eafd9d5c2de2eef2aa145daf8b65615,98052183813528219170771116257061076451529833366454242778478113107751323236440,"US charges Hormuz fees by August 31, 2026?",No,0.9111314452,,,,,0,RuntimeError('https://clob.polymarket.com/prices-history?market=98052183813528219170771116257061076451529833366454242778478113107751323236440&startTs=1784043800&endTs=1784044460&fidelity=1: HTTP Error 500: Internal Server Error'),https://clob.polymarket.com/prices-history?market=98052183813528219170771116257061076451529833366454242778478113107751323236440&startTs=1784043800&endTs=1784044460&fidelity=1
0x224b255eaa3279ceb77330317d3c38ee8e73f6b8,1784998945,0x895e01dbf3e6a33cd9a44ca0f8cdb5df1bd2b0b6ebed5300d28f8da7145145e4,27828976648682466778776999076215423777766972981338264154049603024771135223200,Will Donald Trump win the 2028 Republican presidential nomination?,No,0.975,0.9755,0.9755,0.000500000000000056,0.000500000000000056,11,,https://clob.polymarket.com/prices-history?market=27828976648682466778776999076215423777766972981338264154049603024771135223200&startTs=1784998885&endTs=1784999545&fidelity=1
0x224b255eaa3279ceb77330317d3c38ee8e73f6b8,1784659572,0x27dc2cf09a7bdc80b086186e4bd1dc895370fc6df526397e945f19fe632f0837,79689390746455560208500573327976558479380681719640275647473039784162790535893,Will Piers Corbyn get second place in the Clacton by-election?,No,0.9620000556,0.978,0.978,0.015999944399999966,0.015999944399999966,11,,https://clob.polymarket.com/prices-history?market=79689390746455560208500573327976558479380681719640275647473039784162790535893&startTs=1784659512&endTs=1784660172&fidelity=1
0x224b255eaa3279ceb77330317d3c38ee8e73f6b8,1783976383,0x124f07d29e0fbef1f36535f4f1ee289759ec8bca4a708c4934a557ff556cd05c,81650166254537616334126928504037699304163631394042239578492543131474016177806,Will Count Binface get second place in the Clacton by-election?,No,0.28,0.29,0.285,0.009999999999999953,0.004999999999999949,11,,https://clob.polymarket.com/prices-history?market=81650166254537616334126928504037699304163631394042239578492543131474016177806&startTs=1783976323&endTs=1783976983&fidelity=1
0x224b255eaa3279ceb77330317d3c38ee8e73f6b8,1783774040,0x1dcfd42bedc9177ebe85f6b4f52d227356fca0de838c2868d14e4667b35bb84f,12726764519861433563777564391605055786661653077260627875309642971229338933981,Will Nigel Farage get second place in the Clacton by-election?,No,0.92,,,,,0,RuntimeError('https://clob.polymarket.com/prices-history?market=12726764519861433563777564391605055786661653077260627875309642971229338933981&startTs=1783773980&endTs=1783774640&fidelity=1: HTTP Error 500: Internal Server Error'),https://clob.polymarket.com/prices-history?market=12726764519861433563777564391605055786661653077260627875309642971229338933981&startTs=1783773980&endTs=1783774640&fidelity=1
0x224b255eaa3279ceb77330317d3c38ee8e73f6b8,1783548695,0xd62b5207d85293920199fee9cbeb1a42f63fd57c82be9b8ed06402c80f085982,58390758208350974352263940026355683029009382751728933123981242298141249563182,Will Jovan Owusu-Nepaul get second place in the Clacton by-election?,No,0.966,0.9745,0.9785,0.008500000000000063,0.012500000000000067,11,,https://clob.polymarket.com/prices-history?market=58390758208350974352263940026355683029009382751728933123981242298141249563182&startTs=1783548635&endTs=1783549295&fidelity=1
0x224b255eaa3279ceb77330317d3c38ee8e73f6b8,1783500893,0x513bf1706e9cbf61b7cc56f12803b1b72a522bae3c5157e7b356abdf36e2e72d,32297803302993713313108060905404383549758162417221119670561510997445538824361,Will Count Binface win the Clacton by-election?,No,0.9460000006,,,,,0,RuntimeError('https://clob.polymarket.com/prices-history?market=32297803302993713313108060905404383549758162417221119670561510997445538824361&startTs=1783500833&endTs=1783501493&fidelity=1: HTTP Error 500: Internal Server Error'),https://clob.polymarket.com/prices-history?market=32297803302993713313108060905404383549758162417221119670561510997445538824361&startTs=1783500833&endTs=1783501493&fidelity=1
0x224b255eaa3279ceb77330317d3c38ee8e73f6b8,1782566932,0x7976b8dbacf9077eb1453a62bcefd6ab2df199acd28aad276ff0d920d6992892,4394372887385518214471608448209527405727552777602031099972143344338178308080,Will Spain win the 2026 FIFA World Cup?,Yes,0.119,0.1195,0.1195,0.0005000000000000004,0.0005000000000000004,11,,https://clob.polymarket.com/prices-history?market=4394372887385518214471608448209527405727552777602031099972143344338178308080&startTs=1782566872&endTs=1782567532&fidelity=1
0x224b255eaa3279ceb77330317d3c38ee8e73f6b8,1782369283,0x4bf44e9885ee8f43148458d5c9537d96c940cf48414557528358d65870131517,58392130842716399501622105353245054198549423559503164971149451200205491369251,Will Itamar Ben Gvir be the next Prime Minister of Israel?,No,0.987,,,,,0,RuntimeError('https://clob.polymarket.com/prices-history?market=58392130842716399501622105353245054198549423559503164971149451200205491369251&startTs=1782369223&endTs=1782369883&fidelity=1: HTTP Error 500: Internal Server Error'),https://clob.polymarket.com/prices-history?market=58392130842716399501622105353245054198549423559503164971149451200205491369251&startTs=1782369223&endTs=1782369883&fidelity=1
0x224b255eaa3279ceb77330317d3c38ee8e73f6b8,1782360674,0x909659c9436228e2be56d5582ba6188166f2f8bf3c596335512c8f2e380d01ec,26930844951471612827925270830087046333229637930899178134435055616497220846773,Will Kamala Harris win the 2028 Democratic presidential nomination?,No,0.932,0.9325,0.9325,0.0004999999999999449,0.0004999999999999449,11,,https://clob.polymarket.com/prices-history?market=26930844951471612827925270830087046333229637930899178134435055616497220846773&startTs=1782360614&endTs=1782361274&fidelity=1
0x224b255eaa3279ceb77330317d3c38ee8e73f6b8,1781657048,0x5256dfc89708ca138d1dc892c81991f2798694e077d86843707aeb2b615b1e15,46945752277694518025846182305402436750046979095948727421425857174084956599530,Will Jordan win on 2026-06-17?,No,0.89,0.895,0.895,0.0050000000000000044,0.0050000000000000044,11,,https://clob.polymarket.com/prices-history?market=46945752277694518025846182305402436750046979095948727421425857174084956599530&startTs=1781656988&endTs=1781657648&fidelity=1
0x224b255eaa3279ceb77330317d3c38ee8e73f6b8,1781548131,0x77954e0830eafc9539916c591f717fb0635f6483bc9949524cb46483cd9b9d39,90009899914557914380740818092814887697530845879971485578382561848013521916029,Will Andy Burnham win the 2026 Makerfield by-election?,Yes,0.78,,,,,0,RuntimeError('https://clob.polymarket.com/prices-history?market=90009899914557914380740818092814887697530845879971485578382561848013521916029&startTs=1781548071&endTs=1781548731&fidelity=1: HTTP Error 500: Internal Server Error'),https://clob.polymarket.com/prices-history?market=90009899914557914380740818092814887697530845879971485578382561848013521916029&startTs=1781548071&endTs=1781548731&fidelity=1
0x224b255eaa3279ceb77330317d3c38ee8e73f6b8,1781536314,0xf29e8ca118bc47e9d5d162191382c8700213730e6f5959d69b006c64e16685a8,113403530567138533647502570248479720592349088370966223613082930982224615009933,Will Cabo Verde win on 2026-06-15?,No,0.977,0.9755,0.9725,-0.0014999999999999458,-0.0044999999999999485,11,,https://clob.polymarket.com/prices-history?market=113403530567138533647502570248479720592349088370966223613082930982224615009933&startTs=1781536254&endTs=1781536914&fidelity=1
0x23d81ba9371e576015c1e562db09c689f56b0288,1785018559,0x3b5a8f61120f2fb2a808f117b950d7c37ad3ee0953464ba69927c31d24cde918,55332901958392032145693361235671116866150200247956455611083130864602277398175,Will no listed leader be out before 2027?,No,0.6,,,,,0,RuntimeError('https://clob.polymarket.com/prices-history?market=55332901958392032145693361235671116866150200247956455611083130864602277398175&startTs=1785018499&endTs=1785019159&fidelity=1: HTTP Error 500: Internal Server Error'),https://clob.polymarket.com/prices-history?market=55332901958392032145693361235671116866150200247956455611083130864602277398175&startTs=1785018499&endTs=1785019159&fidelity=1
0x23d81ba9371e576015c1e562db09c689f56b0288,1785001326,0xab5578566715f72cbe05c9faec9090d59799c5493848f46fd758bb68025508b3,27269723445891365956615633577982237391836227956552390727032452700940879851272,Will voter turnout be 62% or higher in the 2026 Russian parliamentary election?,No,0.8500000195,,,,,0,RuntimeError('https://clob.polymarket.com/prices-history?market=27269723445891365956615633577982237391836227956552390727032452700940879851272&startTs=1785001266&endTs=1785001926&fidelity=1: HTTP Error 500: Internal Server Error'),https://clob.polymarket.com/prices-history?market=27269723445891365956615633577982237391836227956552390727032452700940879851272&startTs=1785001266&endTs=1785001926&fidelity=1
0x23d81ba9371e576015c1e562db09c689f56b0288,1784920170,0x0bde18e0a0220d1f97173850504a1ed4fa90ef2c6a7bc0932952790053ca0c0e,105325602140854796101190465907542426130401271786879982796716189175875071392057,Will Haley Stevens win the 2026 Michigan Democratic Primary?,No,0.71,,,,,0,RuntimeError('https://clob.polymarket.com/prices-history?market=105325602140854796101190465907542426130401271786879982796716189175875071392057&startTs=1784920110&endTs=1784920770&fidelity=1: HTTP Error 500: Internal Server Error'),https://clob.polymarket.com/prices-history?market=105325602140854796101190465907542426130401271786879982796716189175875071392057&startTs=1784920110&endTs=1784920770&fidelity=1
0x23d81ba9371e576015c1e562db09c689f56b0288,1784920081,0xca0329cd4392d91e39df0702949229573d2415ae4a37b0103d0c6e9d03b8dd44,74768395815166461619548348007728690058055087254143355558596876906836785272025,Will Abdul El-Sayed win the 2026 Michigan Democratic Primary?,Yes,0.71,0.72,0.66,0.010000000000000009,-0.04999999999999993,11,,https://clob.polymarket.com/prices-history?market=74768395815166461619548348007728690058055087254143355558596876906836785272025&startTs=1784920021&endTs=1784920681&fidelity=1
0x23d81ba9371e576015c1e562db09c689f56b0288,1784851197,0x71a21eab87c301a53f2f33fad4dca7a1e7da8911b847c82ca37ed49d859a17a0,15825754603876312502903119698982031844411870330182974791041852322557555300546,Will CDU win the most seats in the 2026 Berlin state elections?,Yes,0.26,0.265,0.265,0.0050000000000000044,0.0050000000000000044,11,,https://clob.polymarket.com/prices-history?market=15825754603876312502903119698982031844411870330182974791041852322557555300546&startTs=1784851137&endTs=1784851797&fidelity=1
0x23d81ba9371e576015c1e562db09c689f56b0288,1784851003,0x8aaaca6ea5c037d3cdfe85272ab9029b7165694dcae8af0de5071f01a1a944f0,88095392088380018988811128905056685420681684247700244221273733002608971216833,Will AfD win the most seats in the 2026 Berlin state elections?,No,0.81,0.7835,0.7795,-0.02650000000000008,-0.030500000000000083,11,,https://clob.polymarket.com/prices-history?market=88095392088380018988811128905056685420681684247700244221273733002608971216833&startTs=1784850943&endTs=1784851603&fidelity=1
0x23d81ba9371e576015c1e562db09c689f56b0288,1784846682,0xd50c016598c499fceea10a1a714e48d9b4953487fe215daeaf916068fae722f1,90689690530039118737607894922148077480097700217322320781526913496162509181445,Will the Democrats win the Iowa Senate race in 2026?,Yes,0.3987944361,0.4,0.405,0.0012055639000000395,0.006205563900000044,11,,https://clob.polymarket.com/prices-history?market=90689690530039118737607894922148077480097700217322320781526913496162509181445&startTs=1784846622&endTs=1784847282&fidelity=1
0x23d81ba9371e576015c1e562db09c689f56b0288,1784846671,0x38a1025bfc56539ed1ff8fdd468283d55cf9002412decd61aa8d6c578c7d01a2,45697952169290210733788647908439282215277461482653377209044144054693714912010,Will the Republicans win the Iowa Senate race in 2026?,No,0.4,0.41,0.41,0.009999999999999953,0.009999999999999953,11,,https://clob.polymarket.com/prices-history?market=45697952169290210733788647908439282215277461482653377209044144054693714912010&startTs=1784846611&endTs=1784847271&fidelity=1
0x23d81ba9371e576015c1e562db09c689f56b0288,1784843140,0x05297f854d3b757d5e51a1a29c7f225a80b14b2a161d6b7f9a61677da7a80ced,7565921021555775006041943394390068423142281108752994121417017072842379450830,Will Renan Santos win the 2026 Brazilian presidential election?,No,0.885,0.8865,0.8865,0.0014999999999999458,0.0014999999999999458,11,,https://clob.polymarket.com/prices-history?market=7565921021555775006041943394390068423142281108752994121417017072842379450830&startTs=1784843080&endTs=1784843740&fidelity=1
0x23d81ba9371e576015c1e562db09c689f56b0288,1784842338,0xcba20965509d04b5f3ae2c51a221747317aff9387c197ca6d5919e85e5a20ee9,77494900967400183362216413155454035668807139923320636902701443907940469488743,Will Renan Santos finish in third place in the first round of the 2026 Brazilian presidential election?,No,0.32,,,,,0,RuntimeError('https://clob.polymarket.com/prices-history?market=77494900967400183362216413155454035668807139923320636902701443907940469488743&startTs=1784842278&endTs=1784842938&fidelity=1: HTTP Error 500: Internal Server Error'),https://clob.polymarket.com/prices-history?market=77494900967400183362216413155454035668807139923320636902701443907940469488743&startTs=1784842278&endTs=1784842938&fidelity=1
0x23d81ba9371e576015c1e562db09c689f56b0288,1784821591,0xd1796c09d0d6f876f8580086ae9808ec991784e3a74b25a1830a25de71a78c96,66255671088804707681511323064315150986307471908131081808279119719218775249892,Netanyahu out by end of 2026?,No,0.57,,,,,0,RuntimeError('https://clob.polymarket.com/prices-history?market=66255671088804707681511323064315150986307471908131081808279119719218775249892&startTs=1784821531&endTs=1784822191&fidelity=1: HTTP Error 500: Internal Server Error'),https://clob.polymarket.com/prices-history?market=66255671088804707681511323064315150986307471908131081808279119719218775249892&startTs=1784821531&endTs=1784822191&fidelity=1
0x23d81ba9371e576015c1e562db09c689f56b0288,1784816749,0x3babe91f8d2fac44027f9ba7f0f1a59e61b72419828e6e517f96bbcf4e132498,63255709540320761353971859526848930870803944190764324681913735372035438815215,Will the Democrats win the Ohio governor race in 2026?,Yes,0.42,,,,,0,RuntimeError('https://clob.polymarket.com/prices-history?market=63255709540320761353971859526848930870803944190764324681913735372035438815215&startTs=1784816689&endTs=1784817349&fidelity=1: HTTP Error 500: Internal Server Error'),https://clob.polymarket.com/prices-history?market=63255709540320761353971859526848930870803944190764324681913735372035438815215&startTs=1784816689&endTs=1784817349&fidelity=1
0x25e21e9c4e469d26aaa5701948ff8923d060db79,1784651412,0x965663b9156c3cbb85a9e037be71ba2852913f64f5cc517f2af93dabe5500379,39345054235958789034160246589224646804344434517432840561828991379745093618558,"Will there be no next Google Gemini Pro model release by July 31, 2026?",Yes,0.9665709579,0.94,0.94,-0.02657095790000008,-0.02657095790000008,11,,https://clob.polymarket.com/prices-history?market=39345054235958789034160246589224646804344434517432840561828991379745093618558&startTs=1784651352&endTs=1784652012&fidelity=1
0x25e21e9c4e469d26aaa5701948ff8923d060db79,1780752172,0x713641f745d71f6ec61f906237ffca3c8583f251e49384429a63ceb0ccdb2d37,20257190540739490630509657713144742134547949967093643458458133445357169845406,Will the New York Knicks win the 2026 NBA Finals?,Yes,0.7890957067,0.7895,0.789,0.00040429330000002484,-9.57066999999201e-05,11,,https://clob.polymarket.com/prices-history?market=20257190540739490630509657713144742134547949967093643458458133445357169845406&startTs=1780752112&endTs=1780752772&fidelity=1
0x25e21e9c4e469d26aaa5701948ff8923d060db79,1779637109,0x1c60f9adb1d786b6fe78d63fd9f82dbb293fa06241532fb5ba43f8d8411cde1e,5252381880374485440665230178984721306055940128786215274896991682225319468348,Will the New York Knicks win the NBA Eastern Conference Finals?,Yes,0.978883431,0.973,0.973,-0.0058834309999999945,-0.0058834309999999945,11,,https://clob.polymarket.com/prices-history?market=5252381880374485440665230178984721306055940128786215274896991682225319468348&startTs=1779637049&endTs=1779637709&fidelity=1
0x25e21e9c4e469d26aaa5701948ff8923d060db79,1778494444,0x235890dd34b77b03354a886b01bb269400a500272549333edb3de62f9c0586bb,112546475046194960147084269276814116590030832687785257340759751645091204937558,Lakers vs. Thunder,Thunder,0.6040684866,0.59,0.59,-0.01406848660000004,-0.01406848660000004,11,,https://clob.polymarket.com/prices-history?market=112546475046194960147084269276814116590030832687785257340759751645091204937558&startTs=1778494384&endTs=1778495044&fidelity=1
0x25e21e9c4e469d26aaa5701948ff8923d060db79,1777818210,0x434719e5e807306706d17205f2bc15e4901184084c4e8ea472127f47a365bbdf,11814614911751245685595338429953809518037031788963281537257994211188574329710,Timberwolves vs. Spurs,Spurs,0.8599999999,0.855,0.855,-0.004999999899999996,-0.004999999899999996,11,,https://clob.polymarket.com/prices-history?market=11814614911751245685595338429953809518037031788963281537257994211188574329710&startTs=1777818150&endTs=1777818810&fidelity=1
0x25e21e9c4e469d26aaa5701948ff8923d060db79,1777742528,0xa1f3c8115c6145f1c2bde3328ce1a21e89d0dd00385667cdf76bfb89a993e00b,27454048700384044092450964960644275110852624571232205631229553352693375566935,Lakers vs. Thunder,Thunder,0.8899999996,,,,,0,RuntimeError('https://clob.polymarket.com/prices-history?market=27454048700384044092450964960644275110852624571232205631229553352693375566935&startTs=1777742468&endTs=1777743128&fidelity=1: HTTP Error 500: Internal Server Error'),https://clob.polymarket.com/prices-history?market=27454048700384044092450964960644275110852624571232205631229553352693375566935&startTs=1777742468&endTs=1777743128&fidelity=1
0x25e21e9c4e469d26aaa5701948ff8923d060db79,1776776238,0xba0e7ea79f5cf07a4b0a8d8962b429e026b40044e746ab5a7874d0b36c03f742,98122994775741225498657013696157283373079444264276714364299129682869750969478,76ers vs. Celtics,Celtics,0.89,0.885,0.885,-0.0050000000000000044,-0.0050000000000000044,10,,https://clob.polymarket.com/prices-history?market=98122994775741225498657013696157283373079444264276714364299129682869750969478&startTs=1776776178&endTs=1776776838&fidelity=1
0x25e21e9c4e469d26aaa5701948ff8923d060db79,1776776236,0xbfe5dd0ac5320447e48b1944366025ba23b1f7cd69ff55e6ec3f4c3c57c26dd6,51624968071862988156613949776866798451717346851979110364161590066611593308533,Trail Blazers vs. Spurs,Spurs,0.85,,,,,0,RuntimeError('https://clob.polymarket.com/prices-history?market=51624968071862988156613949776866798451717346851979110364161590066611593308533&startTs=1776776176&endTs=1776776836&fidelity=1: HTTP Error 500: Internal Server Error'),https://clob.polymarket.com/prices-history?market=51624968071862988156613949776866798451717346851979110364161590066611593308533&startTs=1776776176&endTs=1776776836&fidelity=1
0x25e21e9c4e469d26aaa5701948ff8923d060db79,1776574366,0x26f8bdecc52885d6f88b50dc32c71ce02384a877216df6ff799c2bdf0995194c,3804642364664258692008203858103620068982874574913759475615151897503689960166,Magic vs. Pistons,Pistons,0.7699999999,0.765,0.765,-0.004999999899999996,-0.004999999899999996,10,,https://clob.polymarket.com/prices-history?market=3804642364664258692008203858103620068982874574913759475615151897503689960166&startTs=1776574306&endTs=1776574966&fidelity=1
0x25e21e9c4e469d26aaa5701948ff8923d060db79,1776574356,0x77bc9c2360be35cf5fb4274ae5ffb4cb898e61c06490dc0f8607af5f2162add2,27694179934937641520955737212054310714870724646623004701091407471495415843173,76ers vs. Celtics,Celtics,0.87,0.865,0.865,-0.0050000000000000044,-0.0050000000000000044,11,,https://clob.polymarket.com/prices-history?market=27694179934937641520955737212054310714870724646623004701091407471495415843173&startTs=1776574296&endTs=1776574956&fidelity=1
0x25e21e9c4e469d26aaa5701948ff8923d060db79,1776574344,0xf67f91e505fdd993b2492003f4527b87e6908c1f18a8b7dd2aeda63e784434d5,58299130531291940767552513337848144505773172687090319221176870584542463670549,Trail Blazers vs. Spurs,Spurs,0.84,0.835,0.835,-0.0050000000000000044,-0.0050000000000000044,11,,https://clob.polymarket.com/prices-history?market=58299130531291940767552513337848144505773172687090319221176870584542463670549&startTs=1776574284&endTs=1776574944&fidelity=1
0x25e21e9c4e469d26aaa5701948ff8923d060db79,1776574338,0xde93fe05c66ac1c558feabd2679106cf9d4f023d5b48879a1935386b5aaebf68,66931626958926781533842735173486781451740310165863421019958725879786047419397,Suns vs. Thunder,Thunder,0.89,0.885,0.885,-0.0050000000000000044,-0.0050000000000000044,11,,https://clob.polymarket.com/prices-history?market=66931626958926781533842735173486781451740310165863421019958725879786047419397&startTs=1776574278&endTs=1776574938&fidelity=1
0x27c5c1eee404a07f39fe70078aff815e5a656d61,1785259090,0xf944aa8fa32b5bd168ffa49f78825ffdc74a0315a496528a9afb760aaaecf604,49427055302400712856973348411941646551292706651653177094041206147408455631933,Mubadala Citi DC Open: Arthur Fils vs Rafael Jodar,Rafael Jodar,0.4,,,,,0,,https://clob.polymarket.com/prices-history?market=49427055302400712856973348411941646551292706651653177094041206147408455631933&startTs=1785259030&endTs=1785259690&fidelity=1
0x27c5c1eee404a07f39fe70078aff815e5a656d61,1785236932,0xf68435f312c812569b99d83e62188d6ea9bb6b676f06454f038096078fec131e,13969203387153823146458665440104059267569949426722767089950295220087660621065,Mubadala Citi DC Open: Alexandra Eala vs Qinwen Zheng,Alexandra Eala,0.4847602689,0.445,0.445,-0.039760268900000006,-0.039760268900000006,11,,https://clob.polymarket.com/prices-history?market=13969203387153823146458665440104059267569949426722767089950295220087660621065&startTs=1785236872&endTs=1785237532&fidelity=1
0x27c5c1eee404a07f39fe70078aff815e5a656d61,1785236899,0x767c56d31b5cfec62f94c2739017230dee8590b3585188e2dcc8e4c638f224c0,4948187423882628117471732970735705323717711679093518818344938817831916344052,Targu Mures: Margaux Rouvroy vs Lola Radivojevic,Margaux Rouvroy,0.266968554,,,,,0,RuntimeError('https://clob.polymarket.com/prices-history?market=4948187423882628117471732970735705323717711679093518818344938817831916344052&startTs=1785236839&endTs=1785237499&fidelity=1: HTTP Error 500: Internal Server Error'),https://clob.polymarket.com/prices-history?market=4948187423882628117471732970735705323717711679093518818344938817831916344052&startTs=1785236839&endTs=1785237499&fidelity=1
0x27c5c1eee404a07f39fe70078aff815e5a656d61,1785212025,0x2cd972a8b0c946da27615f5141380b5167e163f818e1b52a53f80e421304e5e5,95535841433908882276774710849299330897126788892498708105115529777180156373874,Los Cabos Open: Coleman Wong vs Darwin Blanch,Darwin Blanch,0.3977604496,0.375,0.395,-0.02276044960000001,-0.0027604495999999923,11,,https://clob.polymarket.com/prices-history?market=95535841433908882276774710849299330897126788892498708105115529777180156373874&startTs=1785211965&endTs=1785212625&fidelity=1
0x27c5c1eee404a07f39fe70078aff815e5a656d61,1785199255,0x26b892128c7047ddd9328e4a520a3a5152c90437451c25f6cbf1b8da434cb683,89334321997192786265155613323191662140123771214258267875920684901899961360070,Mubadala Citi DC Open: Frances Tiafoe vs Terence Atmane,Terence Atmane,0.2386537858,0.24,0.235,0.001346214200000001,-0.0036537858000000034,11,,https://clob.polymarket.com/prices-history?market=89334321997192786265155613323191662140123771214258267875920684901899961360070&startTs=1785199195&endTs=1785199855&fidelity=1
0x27c5c1eee404a07f39fe70078aff815e5a656d61,1785199077,0x45f57dd41162aa9267c2f64181114e45a172a0e64b0580b2688c6a248247878f,29273703772999783647243578762304830844472838657072712912339062089761670901630,Mubadala Citi DC Open: Ashlyn Krueger vs Katie Boulter,Ashlyn Krueger,0.3556649352,0.315,0.245,-0.040664935199999974,-0.11066493519999998,11,,https://clob.polymarket.com/prices-history?market=29273703772999783647243578762304830844472838657072712912339062089761670901630&startTs=1785199017&endTs=1785199677&fidelity=1
0x27c5c1eee404a07f39fe70078aff815e5a656d61,1785194158,0x852ff72457452dd7ec879b06eec25083890717e7932abafc7bfedb81f8eed1b2,4588289260469514793304987981721981109362443922941268648264665226200532227447,Mubadala Citi DC Open: Liudmila Samsonova vs Madison Keys,Liudmila Samsonova,0.2581562559,0.205,0.25,-0.05315625590000003,-0.00815625590000002,11,,https://clob.polymarket.com/prices-history?market=4588289260469514793304987981721981109362443922941268648264665226200532227447&startTs=1785194098&endTs=1785194758&fidelity=1
0x27c5c1eee404a07f39fe70078aff815e5a656d61,1785164587,0xbd6b69a901823a71a3a167280d3bc6cb947c434d50d8b85b2d5859c15679fd6b,17357277294295612107502509571713978471319185451751725420868066000919176629700,The Memphis Classic: Katie Volynets vs Viktorija Golubic,Viktorija Golubic,0.4177752668,0.405,0.41,-0.012775266799999963,-0.007775266800000014,11,,https://clob.polymarket.com/prices-history?market=17357277294295612107502509571713978471319185451751725420868066000919176629700&startTs=1785164527&endTs=1785165187&fidelity=1
0x27c5c1eee404a07f39fe70078aff815e5a656d61,1785161196,0xb6e89823c13191d8104060512d7efa34bca68918818136cb742f0ff28dc3defb,103432937635727883525581111406846834500778019643291265433322045822476132243627,Targu Mures: Leyre Romero Gormaz vs Sara Sorribes Tormo,Sara Sorribes Tormo,0.29,,,,,0,RuntimeError('https://clob.polymarket.com/prices-history?market=103432937635727883525581111406846834500778019643291265433322045822476132243627&startTs=1785161136&endTs=1785161796&fidelity=1: HTTP Error 500: Internal Server Error'),https://clob.polymarket.com/prices-history?market=103432937635727883525581111406846834500778019643291265433322045822476132243627&startTs=1785161136&endTs=1785161796&fidelity=1
0x27c5c1eee404a07f39fe70078aff815e5a656d61,1785160987,0x3459f91dbad794096640b03ddc2f0b534e4da73b2537b4e856035d5634537c89,71955523442402839857084705621436780501916093029663069488231355884573485294841,San Marino: Daniel Rincon vs Juan Carlos Prado,Daniel Rincon,0.3,,,,,0,RuntimeError('https://clob.polymarket.com/prices-history?market=71955523442402839857084705621436780501916093029663069488231355884573485294841&startTs=1785160927&endTs=1785161587&fidelity=1: HTTP Error 500: Internal Server Error'),https://clob.polymarket.com/prices-history?market=71955523442402839857084705621436780501916093029663069488231355884573485294841&startTs=1785160927&endTs=1785161587&fidelity=1
0x27c5c1eee404a07f39fe70078aff815e5a656d61,1785160962,0x9596635fe83273041e52644f596d12cec566a0958de8e4bcf2f24ac7ae629770,21057289369265340608243762440568795884002185099501090992586907422922827867816,Bonn: Buvaysar Gadamauri vs Jamie Mackenzie,Buvaysar Gadamauri,0.4795156892,0.455,0.515,-0.024515689199999968,0.03548431080000003,11,,https://clob.polymarket.com/prices-history?market=21057289369265340608243762440568795884002185099501090992586907422922827867816&startTs=1785160902&endTs=1785161562&fidelity=1
0x27c5c1eee404a07f39fe70078aff815e5a656d61,1785118569,0x4f73b73e238c63f877c85814956d3faa028b5b60b44330320c33a2e035bd198d,90264299443288258191059540678719309466325171610171271151720112422038551612154,"Los Cabos Open, Qualification: Aidan Mayo vs Roger Pascual",Roger Pascual,0.31,,,,,0,RuntimeError('https://clob.polymarket.com/prices-history?market=90264299443288258191059540678719309466325171610171271151720112422038551612154&startTs=1785118509&endTs=1785119169&fidelity=1: HTTP Error 500: Internal Server Error'),https://clob.polymarket.com/prices-history?market=90264299443288258191059540678719309466325171610171271151720112422038551612154&startTs=1785118509&endTs=1785119169&fidelity=1
0x3cd63e65f3df4aaf8ebe9de56fe5f8f633b218e4,1784611884,0x36db77c539bcc8c7bf0686c1b99f30c5a5eed1f53d3b3a27a071550c81f83701,92325249719485031139867422012514654102580961954747753469470405147070256604118,Will Mark Kelly win the 2028 Democratic presidential nomination?,Yes,0.01,0.0105,0.0195,0.0005000000000000004,0.0095,11,,https://clob.polymarket.com/prices-history?market=92325249719485031139867422012514654102580961954747753469470405147070256604118&startTs=1784611824&endTs=1784612484&fidelity=1
0x3cd63e65f3df4aaf8ebe9de56fe5f8f633b218e4,1784603644,0x11738304370418ef7c8a980984ae5c74db06024f98512b8dea1ae1c0742d2c53,84376320909387649554480782893202349604344054153549990490469629030080463605715,Washington Mystics vs. Golden State Valkyries,Golden State Valkyries,0.4956201804,,,,,0,RuntimeError('https://clob.polymarket.com/prices-history?market=84376320909387649554480782893202349604344054153549990490469629030080463605715&startTs=1784603584&endTs=1784604244&fidelity=1: HTTP Error 500: Internal Server Error'),https://clob.polymarket.com/prices-history?market=84376320909387649554480782893202349604344054153549990490469629030080463605715&startTs=1784603584&endTs=1784604244&fidelity=1
0x3cd63e65f3df4aaf8ebe9de56fe5f8f633b218e4,1784487333,0x854bcfd889801952e4926a4375763c666e64e93e51d9cf2f3f16e3621542fc15,100899066788087264896991245177978653395891419153169248929857538839728453964270,Spain vs. Argentina: O/U 0.5,Under,0.1125,0.10875,0.10875,-0.0037500000000000033,-0.0037500000000000033,11,,https://clob.polymarket.com/prices-history?market=100899066788087264896991245177978653395891419153169248929857538839728453964270&startTs=1784487273&endTs=1784487933&fidelity=1
0x3cd63e65f3df4aaf8ebe9de56fe5f8f633b218e4,1784148727,0xadf4acda3ae836e6c4f6646eaa940c7934d1b97de2a8f7a51ff585139e8f693a,85633756210324151397822274959403676422451634259093065838612463900396751402106,Will Argentina win on 2026-07-15?,Yes,0.1488704405,0.85125,0.89375,0.7023795595,0.7448795595000001,11,,https://clob.polymarket.com/prices-history?market=85633756210324151397822274959403676422451634259093065838612463900396751402106&startTs=1784148667&endTs=1784149327&fidelity=1
0x3cd63e65f3df4aaf8ebe9de56fe5f8f633b218e4,1784138449,0x1d5d0650020ee0ee9649f39df46d86cdb1489aaaff76f7a32cda7e933294465f,62841982373761883089572556369893940843907698183832485787317683347197916274798,England vs. Argentina: O/U 0.5,Under,0.1178313686,0.11375,0.11375,-0.004081368599999996,-0.004081368599999996,11,,https://clob.polymarket.com/prices-history?market=62841982373761883089572556369893940843907698183832485787317683347197916274798&startTs=1784138389&endTs=1784139049&fidelity=1
0x3cd63e65f3df4aaf8ebe9de56fe5f8f633b218e4,1784057374,0xecba7b1db1c698ab73b3572abfcde327a02b5112676144e049edcc1e1e0f5b0b,112548421964662546558474258688565408276000153279440324883721010878524791926004,France vs. Spain: Team to Advance,France,0.39,,,,,0,RuntimeError('https://clob.polymarket.com/prices-history?market=112548421964662546558474258688565408276000153279440324883721010878524791926004&startTs=1784057314&endTs=1784057974&fidelity=1: HTTP Error 500: Internal Server Error'),https://clob.polymarket.com/prices-history?market=112548421964662546558474258688565408276000153279440324883721010878524791926004&startTs=1784057314&endTs=1784057974&fidelity=1
0x3cd63e65f3df4aaf8ebe9de56fe5f8f633b218e4,1784049728,0x4917c1901bf8b7cd6c917c1a37b6e7090982d267a0823d02ff5971babb3f723a,103588629757836193828943958421030068317776875822101862988175194628065548205661,France vs. Spain: O/U 0.5,Under,0.08,,,,,0,RuntimeError('https://clob.polymarket.com/prices-history?market=103588629757836193828943958421030068317776875822101862988175194628065548205661&startTs=1784049668&endTs=1784050328&fidelity=1: HTTP Error 500: Internal Server Error'),https://clob.polymarket.com/prices-history?market=103588629757836193828943958421030068317776875822101862988175194628065548205661&startTs=1784049668&endTs=1784050328&fidelity=1
0x3cd63e65f3df4aaf8ebe9de56fe5f8f633b218e4,1783987783,0x07edfd2e7f79bc4752516cfb105793d13b06388858a72df675d31ff05d86fb5f,38601774946399745461183854655569369057233509310623034983274657257875800313924,Will Kyle Schwarber win the 2026 MLB Home Run Derby?,No,0.7894620135,0.771,0.769,-0.018462013499999985,-0.020462013499999987,11,,https://clob.polymarket.com/prices-history?market=38601774946399745461183854655569369057233509310623034983274657257875800313924&startTs=1783987723&endTs=1783988383&fidelity=1
0x3cd63e65f3df4aaf8ebe9de56fe5f8f633b218e4,1783874045,0xb96585ac41b808bac0bcfa00f39a92990c64dc413804368c7191ad4e1cd299a5,9773257986905054314865535114315861131161367765154232062156777240810251974291,Wimbledon ATP: Jannik Sinner vs Alexander Zverev,Jannik Sinner,0.59,0.595,0.595,0.0050000000000000044,0.0050000000000000044,12,,https://clob.polymarket.com/prices-history?market=9773257986905054314865535114315861131161367765154232062156777240810251974291&startTs=1783873985&endTs=1783874645&fidelity=1
0x3cd63e65f3df4aaf8ebe9de56fe5f8f633b218e4,1783824584,0xc851fc5ae688d3d67bccb7c8f0ca475f61ebda796cfcddca7230042de6b48cfd,71338886078132794561606040245522732654223397726318877516126885558857760131397,"UFC 329: Max Holloway vs. Conor McGregor (Welterweight, Main Card)",Max Holloway,0.71,0.705,0.705,-0.0050000000000000044,-0.0050000000000000044,11,,https://clob.polymarket.com/prices-history?market=71338886078132794561606040245522732654223397726318877516126885558857760131397&startTs=1783824524&endTs=1783825184&fidelity=1
0x3cd63e65f3df4aaf8ebe9de56fe5f8f633b218e4,1783817879,0xf993e4cec8b08c0b76e52e16b4d26327f1aacd87c37e7189d5acac8e0b97d7b6,1519832575702426241040388326012138119286271084030709610969800220176920569658,Argentina vs. Switzerland: O/U 0.5,Under,0.1067332219,0.09875,0.09875,-0.00798322189999999,-0.00798322189999999,11,,https://clob.polymarket.com/prices-history?market=1519832575702426241040388326012138119286271084030709610969800220176920569658&startTs=1783817819&endTs=1783818479&fidelity=1
0x3cd63e65f3df4aaf8ebe9de56fe5f8f633b218e4,1783802104,0xdbbbbd6ea71cad296d859aa629497400402ab253a51350bddd5d761dbbad1460,69356014065023591601401540629477632179960561513202758818327214611100094905114,Will Norway vs. England end in a draw?,Yes,0.2475,,,,,0,RuntimeError('https://clob.polymarket.com/prices-history?market=69356014065023591601401540629477632179960561513202758818327214611100094905114&startTs=1783802044&endTs=1783802704&fidelity=1: HTTP Error 500: Internal Server Error'),https://clob.polymarket.com/prices-history?market=69356014065023591601401540629477632179960561513202758818327214611100094905114&startTs=1783802044&endTs=1783802704&fidelity=1
0x56acab44cfca2e88bb9b3406890aea7bfa0cd77e,1785256297,0xf187c77779636324b7a4631b8a65188dbd49e6cd92d64e7ab1dbf5896c966d06,56766272659800249698224784718224604307489706343928100854777414362281155573389,Will Racing Club win on 2026-07-28?,No,0.74,,,,,0,RuntimeError('https://clob.polymarket.com/prices-history?market=56766272659800249698224784718224604307489706343928100854777414362281155573389&startTs=1785256237&endTs=1785256897&fidelity=1: HTTP Error 500: Internal Server Error'),https://clob.polymarket.com/prices-history?market=56766272659800249698224784718224604307489706343928100854777414362281155573389&startTs=1785256237&endTs=1785256897&fidelity=1
0x56acab44cfca2e88bb9b3406890aea7bfa0cd77e,1785255394,0x034c10b5c1046db75eaed6ebf9eccc14044061219f041a33a39f6ee7547c2b5d,85697792948698757010235187701322486800501359177601740748238424603931101562126,Mubadala Citi DC Open: Magdalena Frech vs Ann Li,Ann Li,0.65,,,,,0,,https://clob.polymarket.com/prices-history?market=85697792948698757010235187701322486800501359177601740748238424603931101562126&startTs=1785255334&endTs=1785255994&fidelity=1
0x56acab44cfca2e88bb9b3406890aea7bfa0cd77e,1785252997,0x512fdeda6b07d364649a490c2f5112bc19f65a8215b490f5c0417099e9b90ef9,92264319054709182150924544161830969001151046627099138839530955417556227267195,Spread: Minnesota Twins (-1.5),Minnesota Twins,0.42,0.425,,0.0050000000000000044,,6,,https://clob.polymarket.com/prices-history?market=92264319054709182150924544161830969001151046627099138839530955417556227267195&startTs=1785252937&endTs=1785253597&fidelity=1
0x56acab44cfca2e88bb9b3406890aea7bfa0cd77e,1785252400,0x7126b8a55dc73edf1752696bcda8bdef039a5da9c26a707ac20a0a96a9065d09,77577367603558126778909430122626312588393882821053276857819114704686777424619,Cleveland Guardians vs. Cincinnati Reds: O/U 10.5,Over,0.36,,,,,0,RuntimeError('https://clob.polymarket.com/prices-history?market=77577367603558126778909430122626312588393882821053276857819114704686777424619&startTs=1785252340&endTs=1785253000&fidelity=1: HTTP Error 500: Internal Server Error'),https://clob.polymarket.com/prices-history?market=77577367603558126778909430122626312588393882821053276857819114704686777424619&startTs=1785252340&endTs=1785253000&fidelity=1
0x56acab44cfca2e88bb9b3406890aea7bfa0cd77e,1785252098,0xf68435f312c812569b99d83e62188d6ea9bb6b676f06454f038096078fec131e,13969203387153823146458665440104059267569949426722767089950295220087660621065,Mubadala Citi DC Open: Alexandra Eala vs Qinwen Zheng,Alexandra Eala,0.44,0.445,0.445,0.0050000000000000044,0.0050000000000000044,11,,https://clob.polymarket.com/prices-history?market=13969203387153823146458665440104059267569949426722767089950295220087660621065&startTs=1785252038&endTs=1785252698&fidelity=1
0x56acab44cfca2e88bb9b3406890aea7bfa0cd77e,1785252098,0xbe621830f04e3ef9fb2b33fa90d177384ef84b2414486d1c61533be7ee590e0a,19766840882671879938030983419371861537146535497227770000479342087060647641759,Cleveland Guardians vs. Cincinnati Reds: O/U 9.5,Over,0.44,0.435,0.445,-0.0050000000000000044,0.0050000000000000044,11,,https://clob.polymarket.com/prices-history?market=19766840882671879938030983419371861537146535497227770000479342087060647641759&startTs=1785252038&endTs=1785252698&fidelity=1
0x56acab44cfca2e88bb9b3406890aea7bfa0cd77e,1785251195,0xf944aa8fa32b5bd168ffa49f78825ffdc74a0315a496528a9afb760aaaecf604,83875203539879426204160268208083149423466428866143610583388482404977217833737,Mubadala Citi DC Open: Arthur Fils vs Rafael Jodar,Arthur Fils,0.6,,,,,0,RuntimeError('https://clob.polymarket.com/prices-history?market=83875203539879426204160268208083149423466428866143610583388482404977217833737&startTs=1785251135&endTs=1785251795&fidelity=1: HTTP Error 500: Internal Server Error'),https://clob.polymarket.com/prices-history?market=83875203539879426204160268208083149423466428866143610583388482404977217833737&startTs=1785251135&endTs=1785251795&fidelity=1
0x56acab44cfca2e88bb9b3406890aea7bfa0cd77e,1785251194,0xddced8c82aebc5ff2840f853863389d9a2ea8ad9868927e46398810f5e54181a,10323495019409557621683221136445971777328982606611823545965925306186084124027,Boston Red Sox vs. Athletics,Boston Red Sox,0.57,,,,,0,RuntimeError('https://clob.polymarket.com/prices-history?market=10323495019409557621683221136445971777328982606611823545965925306186084124027&startTs=1785251134&endTs=1785251794&fidelity=1: HTTP Error 500: Internal Server Error'),https://clob.polymarket.com/prices-history?market=10323495019409557621683221136445971777328982606611823545965925306186084124027&startTs=1785251134&endTs=1785251794&fidelity=1
0x56acab44cfca2e88bb9b3406890aea7bfa0cd77e,1785248189,0xad8e68830a022fbfc3b72261df37434730785ab3e6a36c90e01b90f8e4046e3d,55271373326346667105925464747420543274487581205763026339658704340090445473059,CA Rosario Central vs. Racing Club: O/U 2.5,Over,0.37,0.375,0.375,0.0050000000000000044,0.0050000000000000044,11,,https://clob.polymarket.com/prices-history?market=55271373326346667105925464747420543274487581205763026339658704340090445473059&startTs=1785248129&endTs=1785248789&fidelity=1
0x56acab44cfca2e88bb9b3406890aea7bfa0cd77e,1785246692,0xf6bb670512bfb5171fc7e22e3714475eb03c2cf39a76af548524e3de9068713f,8568661191748321307127543032392731788869044769685453650738661352907766463083,Houston Astros vs. Los Angeles Angels: O/U 8.5,Over,0.49,,,,,0,RuntimeError('https://clob.polymarket.com/prices-history?market=8568661191748321307127543032392731788869044769685453650738661352907766463083&startTs=1785246632&endTs=1785247292&fidelity=1: HTTP Error 500: Internal Server Error'),https://clob.polymarket.com/prices-history?market=8568661191748321307127543032392731788869044769685453650738661352907766463083&startTs=1785246632&endTs=1785247292&fidelity=1
0x56acab44cfca2e88bb9b3406890aea7bfa0cd77e,1785246391,0xfd641fe5e7d4b87f30c33852072a4c672e30a202846126a3317cba0489b94e7e,62065205669330342860877854895364740833704230090872296575087154295699333362685,Houston Astros vs. Los Angeles Angels: O/U 7.5,Over,0.57,0.575,0.575,0.0050000000000000044,0.0050000000000000044,11,,https://clob.polymarket.com/prices-history?market=62065205669330342860877854895364740833704230090872296575087154295699333362685&startTs=1785246331&endTs=1785246991&fidelity=1
0x56acab44cfca2e88bb9b3406890aea7bfa0cd77e,1785246391,0x72c6ed6583869355d6444a5ba58753f257b837aaea63d1a9e26485d927758dbc,86189391356373434492896688771962263047582687199885750161727135861547232458158,Boston Red Sox vs. Athletics: O/U 10.5,Over,0.43,,,,,0,RuntimeError('https://clob.polymarket.com/prices-history?market=86189391356373434492896688771962263047582687199885750161727135861547232458158&startTs=1785246331&endTs=1785246991&fidelity=1: HTTP Error 500: Internal Server Error'),https://clob.polymarket.com/prices-history?market=86189391356373434492896688771962263047582687199885750161727135861547232458158&startTs=1785246331&endTs=1785246991&fidelity=1
0x5999ebfa145490e0280dd246856a5b3605f7ae94,1785126568,0x4c8b7756d8edf4374116402319c04a702a1ebd9815716063d1fd9ca2c8ee80bb,73324733086777032381881470966510838214519840554305449271125615137276499968172,"Will any other model be the best AI model on August 10, 2026?",Yes,0.2558877397,0.32,0.52,0.0641122603,0.2641122603,11,,https://clob.polymarket.com/prices-history?market=73324733086777032381881470966510838214519840554305449271125615137276499968172&startTs=1785126508&endTs=1785127168&fidelity=1
0x5999ebfa145490e0280dd246856a5b3605f7ae94,1785126567,0x8a6c706b110cd970198fd99817e118c80c94f74bc74ac1ab65fd7fa79ee27df5,92491240852516041884324944267590695551373950302360966905846548247042771490691,"Will any other model be the best AI model on August 1, 2026?",Yes,0.256,,,,,0,RuntimeError('https://clob.polymarket.com/prices-history?market=92491240852516041884324944267590695551373950302360966905846548247042771490691&startTs=1785126507&endTs=1785127167&fidelity=1: HTTP Error 500: Internal Server Error'),https://clob.polymarket.com/prices-history?market=92491240852516041884324944267590695551373950302360966905846548247042771490691&startTs=1785126507&endTs=1785127167&fidelity=1
0x5999ebfa145490e0280dd246856a5b3605f7ae94,1784909571,0x78322c43b6c76c3f29208ae75bf81d455c3b3b803c891a8945e25fe4376a3a8e,96728906606106688440336606663937949286677183925957865652114142287112355126160,"Will the next Claude Opus model be released by July 24, 2026?",Yes,0.7212169224,0.635,0.745,-0.0862169224,0.02378307759999998,11,,https://clob.polymarket.com/prices-history?market=96728906606106688440336606663937949286677183925957865652114142287112355126160&startTs=1784909511&endTs=1784910171&fidelity=1
0x5999ebfa145490e0280dd246856a5b3605f7ae94,1784909571,0x1a4c4276d42af0e345e9eb37acdb3d0c22a128951b28fb93e37263124cee092a,34458629736187653280592674488327125874307341069806910266466744539214119057691,"Will the next Claude Opus model be released on July 24, 2026?",Yes,0.6313577489,0.5775,0.6845,-0.053857748899999947,0.05314225110000004,11,,https://clob.polymarket.com/prices-history?market=34458629736187653280592674488327125874307341069806910266466744539214119057691&startTs=1784909511&endTs=1784910171&fidelity=1
0x5999ebfa145490e0280dd246856a5b3605f7ae94,1784907216,0x07ddffe2fb5a005e6bc83feeafb7c731e3a508a3cef124fe31105a32448793f5,95701651663088691402818751032218380597985078030128302543325748311229197060920,Will LeBron's next contract average $4M-$10M per year?,Yes,0.7858376068,,,,,0,RuntimeError('https://clob.polymarket.com/prices-history?market=95701651663088691402818751032218380597985078030128302543325748311229197060920&startTs=1784907156&endTs=1784907816&fidelity=1: HTTP Error 500: Internal Server Error'),https://clob.polymarket.com/prices-history?market=95701651663088691402818751032218380597985078030128302543325748311229197060920&startTs=1784907156&endTs=1784907816&fidelity=1
0x5999ebfa145490e0280dd246856a5b3605f7ae94,1784796480,0x7b2b0ac174514a7ec6351f91a01edd5064cf670c29f539cdfcc4d88bdb9937d0,24842837270178563045080596501119383388959231063439941109817831657351105273923,"Will the next Claude Opus model be released by July 31, 2026?",Yes,0.9090554708,0.9095,0.91,0.00044452919999993235,0.0009445291999999883,11,,https://clob.polymarket.com/prices-history?market=24842837270178563045080596501119383388959231063439941109817831657351105273923&startTs=1784796420&endTs=1784797080&fidelity=1
0x5999ebfa145490e0280dd246856a5b3605f7ae94,1784787829,0x25ecc56fd4f2853fa7f7a1068d9cbab84bfebada5eae442610f0e4547c50e1e1,53147856084273572324920349998954911060427762367735766007832600228479869956378,"Will the next Claude Opus model be released by July 23, 2026?",Yes,0.8685098476,0.85,0.84,-0.018509847600000073,-0.028509847600000082,11,,https://clob.polymarket.com/prices-history?market=53147856084273572324920349998954911060427762367735766007832600228479869956378&startTs=1784787769&endTs=1784788429&fidelity=1
0x5999ebfa145490e0280dd246856a5b3605f7ae94,1784654205,0xd7327136ab1e3bce915033ac80939e5123e952361ac431e3d857f30c800fa364,71565681002957626153081578361329566500516137376677644008708558131919412368427,Will Mykhailo Drapatyi be appointed as the next Commander-in-Chief of the Armed Forces of Ukraine in 2026?,Yes,0.498125,,,,,0,RuntimeError('https://clob.polymarket.com/prices-history?market=71565681002957626153081578361329566500516137376677644008708558131919412368427&startTs=1784654145&endTs=1784654805&fidelity=1: HTTP Error 500: Internal Server Error'),https://clob.polymarket.com/prices-history?market=71565681002957626153081578361329566500516137376677644008708558131919412368427&startTs=1784654145&endTs=1784654805&fidelity=1
0x5999ebfa145490e0280dd246856a5b3605f7ae94,1784565841,0x475ccfaaa4cb79646d023b622dd586711d6926bd6d19c32727c51a26a80906df,105471937917258275773464506702420666227579983267260977932666555369735796653409,Will Z.ai have the best Chinese AI model at the end of July 2026?,Yes,0.0027958303,0.005,0.005,0.0022041697,0.0022041697,11,,https://clob.polymarket.com/prices-history?market=105471937917258275773464506702420666227579983267260977932666555369735796653409&startTs=1784565781&endTs=1784566441&fidelity=1
0x5999ebfa145490e0280dd246856a5b3605f7ae94,1784391090,0xd609300ff622f57b6e8f4abd1655301c8d6758bd618d813de6749b0d9ad9f0fc,73468763062617451459405569887949075298131837728920916692442213076682814607846,"Will claude-opus-4-6-thinking be the best AI model on July 25, 2026?",No,0.0600000001,0.23,0.24,0.1699999999,0.17999999989999999,11,,https://clob.polymarket.com/prices-history?market=73468763062617451459405569887949075298131837728920916692442213076682814607846&startTs=1784391030&endTs=1784391690&fidelity=1
0x5999ebfa145490e0280dd246856a5b3605f7ae94,1784373099,0x0ea3c9f5f8fdbe9e1f4d5dfd6de30fced0cb30e2f436d9153e91338c5926dfa1,74608377272788413183624751211455539891745851704908129145268909600892330919967,"Will any other model be the best AI model on July 25, 2026?",Yes,0.06,0.065,0.065,0.0050000000000000044,0.0050000000000000044,11,,https://clob.polymarket.com/prices-history?market=74608377272788413183624751211455539891745851704908129145268909600892330919967&startTs=1784373039&endTs=1784373699&fidelity=1
0x5999ebfa145490e0280dd246856a5b3605f7ae94,1784237768,0x1bdbae59b55dc4b9ac18c8d548de7bd015dec031aa1b23906105b1c5ca4af1c3,9246701848285256723933904984795908460825500934603183549732051697008698253130,Will DeepSeek have the best Chinese AI model at the end of July 2026?,Yes,0.05,,,,,0,RuntimeError('https://clob.polymarket.com/prices-history?market=9246701848285256723933904984795908460825500934603183549732051697008698253130&startTs=1784237708&endTs=1784238368&fidelity=1: HTTP Error 500: Internal Server Error'),https://clob.polymarket.com/prices-history?market=9246701848285256723933904984795908460825500934603183549732051697008698253130&startTs=1784237708&endTs=1784238368&fidelity=1
0x5f659bccbc353dbf7bcdffdee73bee60bb482036,1785259187,0xf944aa8fa32b5bd168ffa49f78825ffdc74a0315a496528a9afb760aaaecf604,49427055302400712856973348411941646551292706651653177094041206147408455631933,Mubadala Citi DC Open: Arthur Fils vs Rafael Jodar,Rafael Jodar,0.4148557209,,,,,0,RuntimeError('https://clob.polymarket.com/prices-history?market=49427055302400712856973348411941646551292706651653177094041206147408455631933&startTs=1785259127&endTs=1785259787&fidelity=1: HTTP Error 500: Internal Server Error'),https://clob.polymarket.com/prices-history?market=49427055302400712856973348411941646551292706651653177094041206147408455631933&startTs=1785259127&endTs=1785259787&fidelity=1
0x5f659bccbc353dbf7bcdffdee73bee60bb482036,1785253927,0x076dc7f41919ffd309b7cbd0a67365b1700428bdb4022370cc66c982a98be01b,39270542925591998578641494731466029060292036885973468682729666366667285060414,Mubadala Citi DC Open: Kamil Majchrzak vs Tommy Paul,Kamil Majchrzak,0.3517430122,,,,,0,,https://clob.polymarket.com/prices-history?market=39270542925591998578641494731466029060292036885973468682729666366667285060414&startTs=1785253867&endTs=1785254527&fidelity=1
0x5f659bccbc353dbf7bcdffdee73bee60bb482036,1785247883,0xa3c1eeef9b7baf6883384baeb8f8a7bae53486ef1eaecd7c46d8d283414f790c,108850055477718873107186253077155336160291245654638715345934860928486745387687,Mubadala Citi DC Open: Julieta Pareja vs Xinyu Wang,Xinyu Wang,0.5889771704,0.585,0.585,-0.003977170400000007,-0.003977170400000007,12,,https://clob.polymarket.com/prices-history?market=108850055477718873107186253077155336160291245654638715345934860928486745387687&startTs=1785247823&endTs=1785248483&fidelity=1
0x5f659bccbc353dbf7bcdffdee73bee60bb482036,1785243383,0x48eb3bf806f71fc955ff7a35e0715de05e54e8f4eaea5307b9f57c01345e3233,12932363311703617510152420564583041989728862843204834851718593027108198444936,Bonn: Clement Tabur vs Henri Squire,Clement Tabur,0.6202358503,0.595,0.595,-0.025235850299999973,-0.025235850299999973,11,,https://clob.polymarket.com/prices-history?market=12932363311703617510152420564583041989728862843204834851718593027108198444936&startTs=1785243323&endTs=1785243983&fidelity=1
0x5f659bccbc353dbf7bcdffdee73bee60bb482036,1785238195,0x73ef9ec1c4c89a063b8d9d0f9fbb94c5d546deea925bcb7b575139b5335f3e51,37434791343837283011424300423867283273891734407731538725018913942722859899641,San Marino: Pedro Martinez vs Hugo Dellien,Pedro Martinez,0.147353685,0.135,0.135,-0.012353685000000003,-0.012353685000000003,11,,https://clob.polymarket.com/prices-history?market=37434791343837283011424300423867283273891734407731538725018913942722859899641&startTs=1785238135&endTs=1785238795&fidelity=1
0x5f659bccbc353dbf7bcdffdee73bee60bb482036,1785236075,0x41a3c13541b4c7761f7ad32e46c9f8fe104c2ca35eb5a56ec2eeec82d0a16647,73317165842806433130669027152083153676187331956997017708520910581350850906524,Bonn: Olle Wallin vs Lorenzo Giustino,Lorenzo Giustino,0.5857919343,,,,,0,RuntimeError('https://clob.polymarket.com/prices-history?market=73317165842806433130669027152083153676187331956997017708520910581350850906524&startTs=1785236015&endTs=1785236675&fidelity=1: HTTP Error 500: Internal Server Error'),https://clob.polymarket.com/prices-history?market=73317165842806433130669027152083153676187331956997017708520910581350850906524&startTs=1785236015&endTs=1785236675&fidelity=1
0x5f659bccbc353dbf7bcdffdee73bee60bb482036,1785220573,0x65d77e7d1d3ebfaef52c3f49ee64065e355761f5961cacd156276ae9c9dadc96,89835737468459181201747745804787718776565417260313274494967634920982755859595,Bonn: Max Houkes vs Roberto Carballes Baena,Roberto Carballes Baena,0.5799235841,,,,,0,RuntimeError('https://clob.polymarket.com/prices-history?market=89835737468459181201747745804787718776565417260313274494967634920982755859595&startTs=1785220513&endTs=1785221173&fidelity=1: HTTP Error 500: Internal Server Error'),https://clob.polymarket.com/prices-history?market=89835737468459181201747745804787718776565417260313274494967634920982755859595&startTs=1785220513&endTs=1785221173&fidelity=1
0x5f659bccbc353dbf7bcdffdee73bee60bb482036,1785215455,0x2cd972a8b0c946da27615f5141380b5167e163f818e1b52a53f80e421304e5e5,95535841433908882276774710849299330897126788892498708105115529777180156373874,Los Cabos Open: Coleman Wong vs Darwin Blanch,Darwin Blanch,0.2125040062,,,,,0,RuntimeError('https://clob.polymarket.com/prices-history?market=95535841433908882276774710849299330897126788892498708105115529777180156373874&startTs=1785215395&endTs=1785216055&fidelity=1: HTTP Error 500: Internal Server Error'),https://clob.polymarket.com/prices-history?market=95535841433908882276774710849299330897126788892498708105115529777180156373874&startTs=1785215395&endTs=1785216055&fidelity=1
0x5f659bccbc353dbf7bcdffdee73bee60bb482036,1785182956,0x42cf0c4f01b815fb38a0c47a2f3183f4db1b9345baf3ad829ad5275ddee2b043,51947393130708731339123260555748286695140663120385506865268768801434344571581,Mubadala Citi DC Open: Aleksandar Vukic vs Zachary Svajda,Aleksandar Vukic,0.41,,,,,0,RuntimeError('https://clob.polymarket.com/prices-history?market=51947393130708731339123260555748286695140663120385506865268768801434344571581&startTs=1785182896&endTs=1785183556&fidelity=1: HTTP Error 500: Internal Server Error'),https://clob.polymarket.com/prices-history?market=51947393130708731339123260555748286695140663120385506865268768801434344571581&startTs=1785182896&endTs=1785183556&fidelity=1
0x5f659bccbc353dbf7bcdffdee73bee60bb482036,1785178522,0xf4cd392838d5e603f3659ee5efd8e6c96370de5b715adf2b083ba93eb6942551,110750859074174230608010608638171329011537325846076621478257121018912992329374,Mubadala Citi DC Open: Taylor Fritz vs Zizou Bergs,Zizou Bergs,0.2220804898,0.215,0.205,-0.007080489800000006,-0.017080489800000015,11,,https://clob.polymarket.com/prices-history?market=110750859074174230608010608638171329011537325846076621478257121018912992329374&startTs=1785178462&endTs=1785179122&fidelity=1
0x5f659bccbc353dbf7bcdffdee73bee60bb482036,1785175455,0xc1075db1b8dce58b0b9a505fc202a0ac288308e5f2b8e5a11510229d170cb4af,17160239955482332387804031580990789819945507039176795885283687547936023980850,Mubadala Citi DC Open: Emma Navarro vs Sofia Kenin,Sofia Kenin,0.28969412,0.205,0.235,-0.08469412000000001,-0.05469412000000001,11,,https://clob.polymarket.com/prices-history?market=17160239955482332387804031580990789819945507039176795885283687547936023980850&startTs=1785175395&endTs=1785176055&fidelity=1
0x5f659bccbc353dbf7bcdffdee73bee60bb482036,1785172869,0x53d24f318de69158711923d4b32af49a5b361d162fed46f6b36fad32ae4d0a8f,6229190943974652598485546206788436152107773615267172631276208829902726919715,Mubadala Citi DC Open: Elisabetta Cocciaretto vs Clara Tauson,Elisabetta Cocciaretto,0.5844558402,0.705,0.675,0.1205441598,0.09054415980000008,11,,https://clob.polymarket.com/prices-history?market=6229190943974652598485546206788436152107773615267172631276208829902726919715&startTs=1785172809&endTs=1785173469&fidelity=1
0x65018f9fc473f6e920b8929a375d39c26a461220,1784885622,0x0ff22cf1f7f86a8f6a1f46ebff9afc02d2f2f8be82ed1655a079fd2f8b8d450e,62429084067171308316390058541012087925567325563248051217584518806867987132248,Will LeBron James play for the Miami Heat in 2026-27?,Yes,0.4932077143,0.4675,0.4685,-0.025707714299999962,-0.02470771429999996,11,,https://clob.polymarket.com/prices-history?market=62429084067171308316390058541012087925567325563248051217584518806867987132248&startTs=1784885562&endTs=1784886222&fidelity=1
0x65018f9fc473f6e920b8929a375d39c26a461220,1784489265,0x51166276fa646ca50165f7d030c297138ed1d62dc41f6ffde21e962c44182074,92571123127402723974640575698896369187398878096159854165218788690275715186568,Will Spain vs. Argentina end in a draw?,Yes,0.3366239547,0.33625,0.35125,-0.0003739547000000121,0.014626045300000001,11,,https://clob.polymarket.com/prices-history?market=92571123127402723974640575698896369187398878096159854165218788690275715186568&startTs=1784489205&endTs=1784489865&fidelity=1
0x65018f9fc473f6e920b8929a375d39c26a461220,1784411011,0xaf767784230a131d5c4dc31e6b3cc4b4e898e03af20a75d5935a75100a76a46f,34385162543059510571975707768358382063196208867331187336985212373807572088934,Will England win on 2026-07-18?,No,0.1163484769,,,,,0,RuntimeError('https://clob.polymarket.com/prices-history?market=34385162543059510571975707768358382063196208867331187336985212373807572088934&startTs=1784410951&endTs=1784411611&fidelity=1: HTTP Error 500: Internal Server Error'),https://clob.polymarket.com/prices-history?market=34385162543059510571975707768358382063196208867331187336985212373807572088934&startTs=1784410951&endTs=1784411611&fidelity=1
0x65018f9fc473f6e920b8929a375d39c26a461220,1784402646,0x4822d1452ba17d280b2c271db0e58df7866c9b494040649ab6c6ae8bb7363b18,85239138404163331579594125846576574312907099172264868553957025875753281044940,Will France vs. England end in a draw?,Yes,0.24,,,,,0,RuntimeError('https://clob.polymarket.com/prices-history?market=85239138404163331579594125846576574312907099172264868553957025875753281044940&startTs=1784402586&endTs=1784403246&fidelity=1: HTTP Error 500: Internal Server Error'),https://clob.polymarket.com/prices-history?market=85239138404163331579594125846576574312907099172264868553957025875753281044940&startTs=1784402586&endTs=1784403246&fidelity=1
0x65018f9fc473f6e920b8929a375d39c26a461220,1784119184,0x776956c5185fb6e9115e4a52fb0a8386172cae91d6812b447795fb171f478a69,36381558544198081581874507632628395248508497896159023038374000439706783759701,England vs. Argentina: Team to Advance,Argentina,0.4625,0.46125,0.46125,-0.0012500000000000289,-0.0012500000000000289,11,,https://clob.polymarket.com/prices-history?market=36381558544198081581874507632628395248508497896159023038374000439706783759701&startTs=1784119124&endTs=1784119784&fidelity=1
0x65018f9fc473f6e920b8929a375d39c26a461220,1784058310,0xecba7b1db1c698ab73b3572abfcde327a02b5112676144e049edcc1e1e0f5b0b,46421815574359643620514688756609814860051932583278915389775335554413697029363,France vs. Spain: Team to Advance,Spain,0.6408365993,,,,,0,RuntimeError('https://clob.polymarket.com/prices-history?market=46421815574359643620514688756609814860051932583278915389775335554413697029363&startTs=1784058250&endTs=1784058910&fidelity=1: HTTP Error 500: Internal Server Error'),https://clob.polymarket.com/prices-history?market=46421815574359643620514688756609814860051932583278915389775335554413697029363&startTs=1784058250&endTs=1784058910&fidelity=1
0x65018f9fc473f6e920b8929a375d39c26a461220,1783871798,0xb96585ac41b808bac0bcfa00f39a92990c64dc413804368c7191ad4e1cd299a5,11136519494712022976764044225367902156688884544497870522015602622698913523968,Wimbledon ATP: Jannik Sinner vs Alexander Zverev,Alexander Zverev,0.25,0.235,0.225,-0.015000000000000013,-0.024999999999999994,11,,https://clob.polymarket.com/prices-history?market=11136519494712022976764044225367902156688884544497870522015602622698913523968&startTs=1783871738&endTs=1783872398&fidelity=1
0x65018f9fc473f6e920b8929a375d39c26a461220,1783864822,0x2f3d2135f534ce49888e4de0a6b1f21cef36e16d3d8705cbbcd18cff4611e103,76950205223785937591235491843169535429779594609786619931382802371393536611777,Set Handicap: Sinner (-2.5) vs Zverev (+2.5),Zverev,0.5916638534,0.595,0.585,0.003336146599999923,-0.006663853400000086,11,,https://clob.polymarket.com/prices-history?market=76950205223785937591235491843169535429779594609786619931382802371393536611777&startTs=1783864762&endTs=1783865422&fidelity=1
0x65018f9fc473f6e920b8929a375d39c26a461220,1783804081,0xdbbbbd6ea71cad296d859aa629497400402ab253a51350bddd5d761dbbad1460,69356014065023591601401540629477632179960561513202758818327214611100094905114,Will Norway vs. England end in a draw?,Yes,0.2839209684,,,,,0,RuntimeError('https://clob.polymarket.com/prices-history?market=69356014065023591601401540629477632179960561513202758818327214611100094905114&startTs=1783804021&endTs=1783804681&fidelity=1: HTTP Error 500: Internal Server Error'),https://clob.polymarket.com/prices-history?market=69356014065023591601401540629477632179960561513202758818327214611100094905114&startTs=1783804021&endTs=1783804681&fidelity=1
0x65018f9fc473f6e920b8929a375d39c26a461220,1783791277,0x0891e4792a016a079765dd25029639cd731f7dc0bde3d65d6002b2b19dae2777,26218726019311053184755697987866017884925318332399265731080389538226679668554,Argentina vs. Switzerland: Team to Advance,Argentina,0.755,,,,,0,RuntimeError('https://clob.polymarket.com/prices-history?market=26218726019311053184755697987866017884925318332399265731080389538226679668554&startTs=1783791217&endTs=1783791877&fidelity=1: HTTP Error 500: Internal Server Error'),https://clob.polymarket.com/prices-history?market=26218726019311053184755697987866017884925318332399265731080389538226679668554&startTs=1783791217&endTs=1783791877&fidelity=1
0x65018f9fc473f6e920b8929a375d39c26a461220,1783681486,0x7e6a99d23ee6beff337091fc92ecac6f2d8810aa899eb70b7488b72d5abbb052,73129510219209561015463724165850635265934279194086547018477904376627982623507,Spain vs. Belgium: Team to Advance,Spain,0.7425603535,0.74375,0.74375,0.0011896464999999745,0.0011896464999999745,11,,https://clob.polymarket.com/prices-history?market=73129510219209561015463724165850635265934279194086547018477904376627982623507&startTs=1783681426&endTs=1783682086&fidelity=1
0x65018f9fc473f6e920b8929a375d39c26a461220,1783681238,0x004d381f7d632fcf39610994958ef02295e0bb2b4341b212602bc2f7331550e8,1959412866692185789324499315644486550124994570117004262795754352991182983341,Wimbledon ATP: Jannik Sinner vs Novak Djokovic,Novak Djokovic,0.21,0.205,0.205,-0.0050000000000000044,-0.0050000000000000044,11,,https://clob.polymarket.com/prices-history?market=1959412866692185789324499315644486550124994570117004262795754352991182983341&startTs=1783681178&endTs=1783681838&fidelity=1
0x73ecf6a30d3c6538cd931ec13c9ed6eba944f5bb,1785176092,0x2ef481c2bb5b69beb5ff2160b4c3a31ca17eb31c2d08abbbbef82d854814248b,54274975046785035647018962351209441973728395165653924104773374336698564763879,"Will any AI model reach 1510 Overall Arena Score by September 30, 2026?",Yes,0.8578274444,0.785,0.865,-0.0728274444,0.0071725555999999635,11,,https://clob.polymarket.com/prices-history?market=54274975046785035647018962351209441973728395165653924104773374336698564763879&startTs=1785176032&endTs=1785176692&fidelity=1
0x73ecf6a30d3c6538cd931ec13c9ed6eba944f5bb,1785175024,0xa8fc821dea62164acb771079b8ab8c21839cc129563e0fe1d794cabab4a9965a,16039126049385941013352592711088546576885450528192228551620432314001202890440,Will Anthropic have the best Code Arena | WebDev AI at the end of August 2026?,Yes,0.284150734,0.5,0.55,0.21584926599999998,0.26584926600000003,11,,https://clob.polymarket.com/prices-history?market=16039126049385941013352592711088546576885450528192228551620432314001202890440&startTs=1785174964&endTs=1785175624&fidelity=1
0x73ecf6a30d3c6538cd931ec13c9ed6eba944f5bb,1785175024,0x827b5637b79c039c659893b88ef77fdb8fd357ab2c5d1719be27aa3cba5382c5,104819154042142176801401279249282161258504772917264228264296509810952026396601,Will Anthropic have the best Code Arena | WebDev AI at the end of July 2026?,Yes,0.5812444264,0.4355,0.8985,-0.14574442639999996,0.3172555736,11,,https://clob.polymarket.com/prices-history?market=104819154042142176801401279249282161258504772917264228264296509810952026396601&startTs=1785174964&endTs=1785175624&fidelity=1
0x73ecf6a30d3c6538cd931ec13c9ed6eba944f5bb,1785175024,0x2e9e2331caf9555b61ad7549b087f65b482e5bab55f476544496901a9f0c9a65,56798552488463279461179883824678893604147921102561273530124368616073779740239,Will Moonshot have the best Code Arena | WebDev AI at the end of August 2026?,No,0.3870435659,,,,,0,RuntimeError('https://clob.polymarket.com/prices-history?market=56798552488463279461179883824678893604147921102561273530124368616073779740239&startTs=1785174964&endTs=1785175624&fidelity=1: HTTP Error 500: Internal Server Error'),https://clob.polymarket.com/prices-history?market=56798552488463279461179883824678893604147921102561273530124368616073779740239&startTs=1785174964&endTs=1785175624&fidelity=1
0x73ecf6a30d3c6538cd931ec13c9ed6eba944f5bb,1785175023,0x4a30b65b498c26c88a9dfc6b11196c4f465321a9369aa0bed2f74f2e73208f4e,83370053361331942875794809506508431016252762180265195960041052584287171178085,Will Moonshot have the best Code Arena | WebDev AI at the end of July 2026?,No,0.5683376745,,,,,0,RuntimeError('https://clob.polymarket.com/prices-history?market=83370053361331942875794809506508431016252762180265195960041052584287171178085&startTs=1785174963&endTs=1785175623&fidelity=1: HTTP Error 500: Internal Server Error'),https://clob.polymarket.com/prices-history?market=83370053361331942875794809506508431016252762180265195960041052584287171178085&startTs=1785174963&endTs=1785175623&fidelity=1
0x73ecf6a30d3c6538cd931ec13c9ed6eba944f5bb,1785126564,0x93faa0240e1ad5a847b8d6bfb998c33ab4d520e4e57568f2cbdbedba02d00c7b,77670425833373845322029967620049286657993429441551512693507138285138967566774,"Will the next Claude Opus debut at a score of at least 1500 by December 31, 2026?",Yes,0.7028169681,0.93,0.945,0.2271830319,0.2421830318999999,11,,https://clob.polymarket.com/prices-history?market=77670425833373845322029967620049286657993429441551512693507138285138967566774&startTs=1785126504&endTs=1785127164&fidelity=1
0x73ecf6a30d3c6538cd931ec13c9ed6eba944f5bb,1785126564,0x0cabaf08be1954680599a1cc5d3f715558d8880b6bcb819d2e32ca404c400b35,52897893276285627510690194142963884799788689807458708980439810896103687693971,"Will the next Claude Opus debut at a score of at least 1490 by December 31, 2026?",Yes,0.92,,,,,0,RuntimeError('https://clob.polymarket.com/prices-history?market=52897893276285627510690194142963884799788689807458708980439810896103687693971&startTs=1785126504&endTs=1785127164&fidelity=1: HTTP Error 500: Internal Server Error'),https://clob.polymarket.com/prices-history?market=52897893276285627510690194142963884799788689807458708980439810896103687693971&startTs=1785126504&endTs=1785127164&fidelity=1
0x73ecf6a30d3c6538cd931ec13c9ed6eba944f5bb,1784272516,0xf1081540637c6d2d14a3fc3344809a0ba08e59c7c15d3cc551ac391197f33b60,55805599679396794643020959724265487381144406111284276240185102465706193783798,Will Moonshot have the best Chinese AI model at the end of July 2026?,No,0.433,,,,,0,RuntimeError('https://clob.polymarket.com/prices-history?market=55805599679396794643020959724265487381144406111284276240185102465706193783798&startTs=1784272456&endTs=1784273116&fidelity=1: HTTP Error 500: Internal Server Error'),https://clob.polymarket.com/prices-history?market=55805599679396794643020959724265487381144406111284276240185102465706193783798&startTs=1784272456&endTs=1784273116&fidelity=1
0x73ecf6a30d3c6538cd931ec13c9ed6eba944f5bb,1784268814,0xc77337b8412059d0a17bb75ea0de2d398bf756464c76161582b22afe4777e3cc,97684851245837777190207368882283121398187673853904169785076167369362546064342,Will Alibaba have the best Chinese AI model at the end of July 2026?,Yes,0.4002435077,0.3825,0.3925,-0.017743507699999994,-0.007743507699999985,11,,https://clob.polymarket.com/prices-history?market=97684851245837777190207368882283121398187673853904169785076167369362546064342&startTs=1784268754&endTs=1784269414&fidelity=1
0x73ecf6a30d3c6538cd931ec13c9ed6eba944f5bb,1783960676,0x8d6fb0d86ff77f2a29b05e85b24d898ba77bff8b49118355057af18b47ddeb7e,11654288918735671617841352669753308106042803367764230644086797070539703088951,Will Anthropic have the best AI Agent at the end of July 2026?,Yes,0.8315798933,0.865,0.865,0.03342010669999995,0.03342010669999995,11,,https://clob.polymarket.com/prices-history?market=11654288918735671617841352669753308106042803367764230644086797070539703088951&startTs=1783960616&endTs=1783961276&fidelity=1
0x73ecf6a30d3c6538cd931ec13c9ed6eba944f5bb,1783960676,0xb6b1c8ecc38283948b79ea70f907d924d5fa28d11d679d63cb20ca015ec68fee,18868060268208524824517612252726186649552107324011043660663640295766842902381,Will OpenAI have the best AI Agent at the end of July 2026?,No,0.8673767503,0.951,0.951,0.0836232496999999,0.0836232496999999,11,,https://clob.polymarket.com/prices-history?market=18868060268208524824517612252726186649552107324011043660663640295766842902381&startTs=1783960616&endTs=1783961276&fidelity=1
0x73ecf6a30d3c6538cd931ec13c9ed6eba944f5bb,1783709897,0xe8b8b9fcbbf8f7fe85b460161f6e673d81c44e84dcad970f18c061d7953db7e0,99277970221740074626328542586264456221234183739635527703294209787263145016210,Will OpenAI have the best Coding AI model at the end of July 2026?,No,0.9696135979,0.966,0.9665,-0.003613597900000043,-0.003113597899999987,11,,https://clob.polymarket.com/prices-history?market=99277970221740074626328542586264456221234183739635527703294209787263145016210&startTs=1783709837&endTs=1783710497&fidelity=1
0x7bb244d0c70293e66dee84f3d0623fbbbf7d682c,1784574925,0xbc0079f0872035a9eccf8920c3ceb807750685c25a5f5dcd8a8a235a34cd7bb0,108308183073891946533642360856234559374146268200961511650206295005007824881339,"Will Samuel Alito announce his retirement by September 30, 2026?",No,0.8700000003,,,,,0,RuntimeError('https://clob.polymarket.com/prices-history?market=108308183073891946533642360856234559374146268200961511650206295005007824881339&startTs=1784574865&endTs=1784575525&fidelity=1: HTTP Error 500: Internal Server Error'),https://clob.polymarket.com/prices-history?market=108308183073891946533642360856234559374146268200961511650206295005007824881339&startTs=1784574865&endTs=1784575525&fidelity=1
0x7bb244d0c70293e66dee84f3d0623fbbbf7d682c,1784202784,0xb238b7d4fa3ddfc211397717d4159e8f57f3a15e82aac2216abea86f6b300e74,101149911844735629027928348488464427667159062930681517708170278104419829898143,Will John Fetterman vote to confirm Todd Blanche as Attorney General?,No,0.91,0.925,0.925,0.015000000000000013,0.015000000000000013,10,,https://clob.polymarket.com/prices-history?market=101149911844735629027928348488464427667159062930681517708170278104419829898143&startTs=1784202724&endTs=1784203384&fidelity=1
0x7bb244d0c70293e66dee84f3d0623fbbbf7d682c,1784130569,0x9cb23d04b2ded06147482076688b69b487a8d982c63ebdda2ab3678cf27cf390,29633826701713552120011280893309822625942861174174976276686142480636225243753,Clarity Act signed into law in 2026?,No,0.5800000008,,,,,0,RuntimeError('https://clob.polymarket.com/prices-history?market=29633826701713552120011280893309822625942861174174976276686142480636225243753&startTs=1784130509&endTs=1784131169&fidelity=1: HTTP Error 500: Internal Server Error'),https://clob.polymarket.com/prices-history?market=29633826701713552120011280893309822625942861174174976276686142480636225243753&startTs=1784130509&endTs=1784131169&fidelity=1
0x7bb244d0c70293e66dee84f3d0623fbbbf7d682c,1784125097,0x15d2e66dcf1d63c5695d6d0e9e2f8e06dd246d00fd5dfc254f2b22baa33bfa1b,6176387069967725418539368518279260352303182827227966329832868478861860932409,Mitch McConnell steps down from Senate before his term ends?,No,0.63,0.67,0.68,0.040000000000000036,0.050000000000000044,11,,https://clob.polymarket.com/prices-history?market=6176387069967725418539368518279260352303182827227966329832868478861860932409&startTs=1784125037&endTs=1784125697&fidelity=1
0x7bb244d0c70293e66dee84f3d0623fbbbf7d682c,1784084204,0xb0f326550147381e1b178cf8b15739e386dfbf83a239529279d49e171e1144e8,65958837858434502929851849049359515912951894357994056636426033035027274725166,Will Nirav Shah be the Maine Senate Democratic nominee on July 27?,Yes,0.125,0.1255,0.126,0.0005000000000000004,0.0010000000000000009,11,,https://clob.polymarket.com/prices-history?market=65958837858434502929851849049359515912951894357994056636426033035027274725166&startTs=1784084144&endTs=1784084804&fidelity=1
0x7bb244d0c70293e66dee84f3d0623fbbbf7d682c,1784083705,0x3317d88f9c89790542a268c62914df649ff8fedff5da950905c30fe62ac9b04f,2962791311099105057630813715470495718818282958099779882086353977273725774389,Todd Blanche confirmed as Attorney General by October 31?,No,0.15,,,,,0,RuntimeError('https://clob.polymarket.com/prices-history?market=2962791311099105057630813715470495718818282958099779882086353977273725774389&startTs=1784083645&endTs=1784084305&fidelity=1: HTTP Error 500: Internal Server Error'),https://clob.polymarket.com/prices-history?market=2962791311099105057630813715470495718818282958099779882086353977273725774389&startTs=1784083645&endTs=1784084305&fidelity=1
0x7bb244d0c70293e66dee84f3d0623fbbbf7d682c,1783812331,0x5db999fad322cea2914535aae5517060c3f80ad6d8c0231cde2124a434d16846,1910830010387565971650098373488592514702818137344973088263643820608151819241,Will the U.S. invade Iran before 2027?,No,0.83,0.835,0.835,0.0050000000000000044,0.0050000000000000044,11,,https://clob.polymarket.com/prices-history?market=1910830010387565971650098373488592514702818137344973088263643820608151819241&startTs=1783812271&endTs=1783812931&fidelity=1
0x7bb244d0c70293e66dee84f3d0623fbbbf7d682c,1783717475,0x50456e2e7c3255745217051c90241a036a508b2972ffcf6a6eb83779f1934661,81368256751864171364185343974349993485093762905849059935724916947854983823753,Will Troy Jackson be the Maine Senate Democratic nominee on July 27?,No,0.46,,,,,0,RuntimeError('https://clob.polymarket.com/prices-history?market=81368256751864171364185343974349993485093762905849059935724916947854983823753&startTs=1783717415&endTs=1783718075&fidelity=1: HTTP Error 500: Internal Server Error'),https://clob.polymarket.com/prices-history?market=81368256751864171364185343974349993485093762905849059935724916947854983823753&startTs=1783717415&endTs=1783718075&fidelity=1
0x7bb244d0c70293e66dee84f3d0623fbbbf7d682c,1783695316,0xeee4eed57180948422c259a91e74d8a6742c65878181ca9ca122975ed11d2b48,110171125648822283483807302788459801078553019343858878759755941501211839974747,"Will Samuel Alito announce his retirement by July 15, 2026?",No,0.958,0.9505,0.952,-0.007499999999999951,-0.006000000000000005,11,,https://clob.polymarket.com/prices-history?market=110171125648822283483807302788459801078553019343858878759755941501211839974747&startTs=1783695256&endTs=1783695916&fidelity=1
0x7bb244d0c70293e66dee84f3d0623fbbbf7d682c,1783646213,0x513bf1706e9cbf61b7cc56f12803b1b72a522bae3c5157e7b356abdf36e2e72d,94972551308090327216518221580327764770292183130323800762668011013448194991954,Will Count Binface win the Clacton by-election?,Yes,0.0808955643,,,,,0,RuntimeError('https://clob.polymarket.com/prices-history?market=94972551308090327216518221580327764770292183130323800762668011013448194991954&startTs=1783646153&endTs=1783646813&fidelity=1: HTTP Error 500: Internal Server Error'),https://clob.polymarket.com/prices-history?market=94972551308090327216518221580327764770292183130323800762668011013448194991954&startTs=1783646153&endTs=1783646813&fidelity=1
0x7bb244d0c70293e66dee84f3d0623fbbbf7d682c,1783645160,0x0c4cd2055d6ea89354ffddc55d6dbcef9355748112ea952fc925f3db6a5c457f,18812649149814341758733697580460697418474693998558159483117100240528657629879,Will Argentina win the 2026 FIFA World Cup?,Yes,0.179,,,,,0,RuntimeError('https://clob.polymarket.com/prices-history?market=18812649149814341758733697580460697418474693998558159483117100240528657629879&startTs=1783645100&endTs=1783645760&fidelity=1: HTTP Error 500: Internal Server Error'),https://clob.polymarket.com/prices-history?market=18812649149814341758733697580460697418474693998558159483117100240528657629879&startTs=1783645100&endTs=1783645760&fidelity=1
0x7bb244d0c70293e66dee84f3d0623fbbbf7d682c,1783644799,0x9b6fef249040fd17e9c107955b37ac2c3e923509b6b0ff01cc463a331ddeb894,108233603819467706476318984012158651931658302669301887462181073562758483842092,Will France win the 2026 FIFA World Cup?,Yes,0.389,0.3885,0.3885,-0.0005000000000000004,-0.0005000000000000004,11,,https://clob.polymarket.com/prices-history?market=108233603819467706476318984012158651931658302669301887462181073562758483842092&startTs=1783644739&endTs=1783645399&fidelity=1
0x7bbf09fc724e3ca90332e17d4f352b3cbc0f7ce5,1785251551,0x03921fe6123d2e5b11437cf66b192da5d80000000000000000000000000000,1615118374052716914686471619211939745670437903349975317356093907485681778689,Mubadala Citi DC Open: Ugo Humbert vs Andres Martin AND San Marino: Francesco Maestrelli vs Lukas Neumayer,,0.9345300534,,,,,0,RuntimeError('https://clob.polymarket.com/prices-history?market=1615118374052716914686471619211939745670437903349975317356093907485681778689&startTs=1785251491&endTs=1785252151&fidelity=1: HTTP Error 500: Internal Server Error'),https://clob.polymarket.com/prices-history?market=1615118374052716914686471619211939745670437903349975317356093907485681778689&startTs=1785251491&endTs=1785252151&fidelity=1
0x7bbf09fc724e3ca90332e17d4f352b3cbc0f7ce5,1785250583,0xca5b695d3a89a2f15db1be21cfb9b96c894e71fb3bcd29b168459862861987bc,22626352682414934930506879201862358477433898085216581559199132662114721728792,The Memphis Classic: Xiyu Wang vs Caty McNally,Xiyu Wang,0.36,0.37,0.365,0.010000000000000009,0.0050000000000000044,11,,https://clob.polymarket.com/prices-history?market=22626352682414934930506879201862358477433898085216581559199132662114721728792&startTs=1785250523&endTs=1785251183&fidelity=1
0x7bbf09fc724e3ca90332e17d4f352b3cbc0f7ce5,1785249017,0xd90ba5c65e650a302d2fbb6ab4db16d2f450cdf0fb6fc4dcd53f7a261222a4f0,12111165508382614262014563627595331254036853928158131576047649218948989557640,Will Roma win the 2026-27 UEFA Champions League Championship?,Yes,0.006,,,,,0,RuntimeError('https://clob.polymarket.com/prices-history?market=12111165508382614262014563627595331254036853928158131576047649218948989557640&startTs=1785248957&endTs=1785249617&fidelity=1: HTTP Error 500: Internal Server Error'),https://clob.polymarket.com/prices-history?market=12111165508382614262014563627595331254036853928158131576047649218948989557640&startTs=1785248957&endTs=1785249617&fidelity=1
0x7bbf09fc724e3ca90332e17d4f352b3cbc0f7ce5,1785244367,0x1c34687ae6c1f8d108c5fedc3dc19df4342a37495a4e475f2559f0c41f8262d1,79691176341862847268917135259575997563688129300063133597809232400066040393986,Samsun: Arda Azkara vs Yanki Erel,Arda Azkara,0.22,0.225,0.225,0.0050000000000000044,0.0050000000000000044,11,,https://clob.polymarket.com/prices-history?market=79691176341862847268917135259575997563688129300063133597809232400066040393986&startTs=1785244307&endTs=1785244967&fidelity=1
0x7bbf09fc724e3ca90332e17d4f352b3cbc0f7ce5,1785243995,0x277551817f7e20471fceeef66802944da7e7ca4f5347286ffbfd8cf31e26b43c,49418728836754309382548948031570590186958026216445684284621689695794605999306,T20 European Cup: France vs Austria,Austria,0.5,,,,,0,RuntimeError('https://clob.polymarket.com/prices-history?market=49418728836754309382548948031570590186958026216445684284621689695794605999306&startTs=1785243935&endTs=1785244595&fidelity=1: HTTP Error 500: Internal Server Error'),https://clob.polymarket.com/prices-history?market=49418728836754309382548948031570590186958026216445684284621689695794605999306&startTs=1785243935&endTs=1785244595&fidelity=1
0x7bbf09fc724e3ca90332e17d4f352b3cbc0f7ce5,1785237160,0xb239018b82d09ef5548dff122f589b82f77f86737b4d924cb06b1027ce4903eb,18301625772365145848634794813256474744594669304578900244844182235939778944223,Samsun: Mert Alkaya vs Colin Sinclair,Colin Sinclair,0.1900000446,,,,,0,RuntimeError('https://clob.polymarket.com/prices-history?market=18301625772365145848634794813256474744594669304578900244844182235939778944223&startTs=1785237100&endTs=1785237760&fidelity=1: HTTP Error 500: Internal Server Error'),https://clob.polymarket.com/prices-history?market=18301625772365145848634794813256474744594669304578900244844182235939778944223&startTs=1785237100&endTs=1785237760&fidelity=1
0x7bbf09fc724e3ca90332e17d4f352b3cbc0f7ce5,1785236666,0x076dc7f41919ffd309b7cbd0a67365b1700428bdb4022370cc66c982a98be01b,39270542925591998578641494731466029060292036885973468682729666366667285060414,Mubadala Citi DC Open: Kamil Majchrzak vs Tommy Paul,Kamil Majchrzak,0.22,0.225,0.225,0.0050000000000000044,0.0050000000000000044,11,,https://clob.polymarket.com/prices-history?market=39270542925591998578641494731466029060292036885973468682729666366667285060414&startTs=1785236606&endTs=1785237266&fidelity=1
0x7bbf09fc724e3ca90332e17d4f352b3cbc0f7ce5,1785235069,0x03d03cb381e38322f9aab300a145292d840000000000000000000000000000,1724861679513842696763992121972607893971474767032944689307708742556652142593,Arizona Diamondbacks vs. Pittsburgh Pirates AND Texas Rangers vs. Tampa Bay Rays: O/U 8.5 AND Baltimore Orioles vs. Detroit Tigers AND Philadelphia Phillies vs. Miami Marlins AND Toronto Blue Jays vs. Washington Nationals,,0.9712610398,,,,,0,,https://clob.polymarket.com/prices-history?market=1724861679513842696763992121972607893971474767032944689307708742556652142593&startTs=1785235009&endTs=1785235669&fidelity=1
0x7bbf09fc724e3ca90332e17d4f352b3cbc0f7ce5,1785234010,0x9b8db037a86d4d1722d6fe70e95f257d2612e0dd959ef2ed134f47acc455f6f8,12048978772436085364840655977153413778919934426010699320893500254504312598909,The Memphis Classic: Zeynep Sonmez vs Cadence Brace,Cadence Brace,0.15,,,,,0,RuntimeError('https://clob.polymarket.com/prices-history?market=12048978772436085364840655977153413778919934426010699320893500254504312598909&startTs=1785233950&endTs=1785234610&fidelity=1: HTTP Error 500: Internal Server Error'),https://clob.polymarket.com/prices-history?market=12048978772436085364840655977153413778919934426010699320893500254504312598909&startTs=1785233950&endTs=1785234610&fidelity=1
0x7bbf09fc724e3ca90332e17d4f352b3cbc0f7ce5,1785232756,0x032aed097c48bbbdec2987c277cbbca7340000000000000000000000000000,1432782092082845613445909419153957380535853444342961738774155743587842654209,Arizona Diamondbacks vs. Pittsburgh Pirates AND Texas Rangers vs. Tampa Bay Rays: O/U 8.5 AND Baltimore Orioles vs. Detroit Tigers AND Philadelphia Phillies vs. Miami Marlins AND Toronto Blue Jays vs. Washington Nationals,,0.9671810075,,,,,0,RuntimeError('https://clob.polymarket.com/prices-history?market=1432782092082845613445909419153957380535853444342961738774155743587842654209&startTs=1785232696&endTs=1785233356&fidelity=1: HTTP Error 500: Internal Server Error'),https://clob.polymarket.com/prices-history?market=1432782092082845613445909419153957380535853444342961738774155743587842654209&startTs=1785232696&endTs=1785233356&fidelity=1
0x7bbf09fc724e3ca90332e17d4f352b3cbc0f7ce5,1785232594,0xdceb29a5ea5ae52e3ff4d8fca3b3388a4bbb6108f802069763e80f7218f398da,1342531538346343469548171483261354698919984580802229582085782870226417504930,Spread: CA Rosario Central (-1.5),CA Rosario Central,0.17,,,,,0,RuntimeError('https://clob.polymarket.com/prices-history?market=1342531538346343469548171483261354698919984580802229582085782870226417504930&startTs=1785232534&endTs=1785233194&fidelity=1: HTTP Error 500: Internal Server Error'),https://clob.polymarket.com/prices-history?market=1342531538346343469548171483261354698919984580802229582085782870226417504930&startTs=1785232534&endTs=1785233194&fidelity=1
0x7bbf09fc724e3ca90332e17d4f352b3cbc0f7ce5,1785231562,0x19ef741a23232a6c294056fe64817d23890e8b35b7b60f9eddbfaaca01047f61,61913754237910053583588942440715586133167892766029086521877129846541561907231,LoL: DN SOOPers vs HANJIN BRION (BO3) - KeSPA Cup Last Chance Qualifier,DN SOOPers,0.24,,,,,0,RuntimeError('https://clob.polymarket.com/prices-history?market=61913754237910053583588942440715586133167892766029086521877129846541561907231&startTs=1785231502&endTs=1785232162&fidelity=1: HTTP Error 500: Internal Server Error'),https://clob.polymarket.com/prices-history?market=61913754237910053583588942440715586133167892766029086521877129846541561907231&startTs=1785231502&endTs=1785232162&fidelity=1
0x7f9e2d1df78614564a70becc7fa14aa9a6623a0e,1785201828,0xc1556ecbe613e403dfb9e38bf1b25a8aee2aa1687f2b343bc896dd2c9763ed74,10451124928493844849355057703558222404087423201197729105477623039880661055484,Israel x Iran ceasefire continues through August 31?,Yes,0.5999999998,,,,,0,RuntimeError('https://clob.polymarket.com/prices-history?market=10451124928493844849355057703558222404087423201197729105477623039880661055484&startTs=1785201768&endTs=1785202428&fidelity=1: HTTP Error 500: Internal Server Error'),https://clob.polymarket.com/prices-history?market=10451124928493844849355057703558222404087423201197729105477623039880661055484&startTs=1785201768&endTs=1785202428&fidelity=1
0x7f9e2d1df78614564a70becc7fa14aa9a6623a0e,1785201649,0x051cd7d8ee2d0d4b38aef35adbf4ad4de44ea5bda2f9f36c70d919179ef75491,104098056569585630015084344840169131752297298541471048703501533175367050520184,Will WTI Crude Oil (WTI) hit (HIGH) $90 in July?,No,0.88,0.86,0.865,-0.020000000000000018,-0.015000000000000013,11,,https://clob.polymarket.com/prices-history?market=104098056569585630015084344840169131752297298541471048703501533175367050520184&startTs=1785201589&endTs=1785202249&fidelity=1
0x7f9e2d1df78614564a70becc7fa14aa9a6623a0e,1785201603,0x93796dea2fe5dfc8da1a942448e6ab767d9bb3464a96ea3a527dfed0ef7bd958,112157595552502425360311365480557346272967836691353340001604809204498706086576,Israel x Iran ceasefire continues through August 2?,Yes,0.9399999999,0.945,0.935,0.005000000099999902,-0.004999999899999996,11,,https://clob.polymarket.com/prices-history?market=112157595552502425360311365480557346272967836691353340001604809204498706086576&startTs=1785201543&endTs=1785202203&fidelity=1
0x7f9e2d1df78614564a70becc7fa14aa9a6623a0e,1785201582,0x68818a54ca4c49406bb28ada26ecf9ce732dba21505454ce874e7066da6d788c,51783880760599120440014289525159847949469877325479084384177696513850906603472,Israel x Iran ceasefire continues through August 9?,Yes,0.8299999999,,,,,0,RuntimeError('https://clob.polymarket.com/prices-history?market=51783880760599120440014289525159847949469877325479084384177696513850906603472&startTs=1785201522&endTs=1785202182&fidelity=1: HTTP Error 500: Internal Server Error'),https://clob.polymarket.com/prices-history?market=51783880760599120440014289525159847949469877325479084384177696513850906603472&startTs=1785201522&endTs=1785202182&fidelity=1
0x7f9e2d1df78614564a70becc7fa14aa9a6623a0e,1785020962,0xc01ab4e58e374a875a84d0800090e8b858abaacd34ba0ac202ed9807686334f5,92183870653915789556989216007320132963550035390304595252395953104984941379659,Will WTI Crude Oil (WTI) hit (LOW) $90 in July?,Yes,0.9477254583,0.942,0.942,-0.005725458300000041,-0.005725458300000041,11,,https://clob.polymarket.com/prices-history?market=92183870653915789556989216007320132963550035390304595252395953104984941379659&startTs=1785020902&endTs=1785021562&fidelity=1
0x7f9e2d1df78614564a70becc7fa14aa9a6623a0e,1785020817,0xe70c3428d7d39579c7357aacc1fa31687e0323f782e13b1733ddabdbc6b1e9a4,43783728297751003049731197784493047712213881171251242252606704800494333274628,Israel x Iran ceasefire continues through July 29?,Yes,0.92,0.915,0.915,-0.0050000000000000044,-0.0050000000000000044,11,,https://clob.polymarket.com/prices-history?market=43783728297751003049731197784493047712213881171251242252606704800494333274628&startTs=1785020757&endTs=1785021417&fidelity=1
0x7f9e2d1df78614564a70becc7fa14aa9a6623a0e,1785020808,0xc5ee7755714c6ce1e5a0514dfe888ebe8df262972d5f0fff1fee4d00ba2c6df9,85120775770768568171037319691430512769043349724236381575493834592043972740948,Israel x Iran ceasefire continues through July 30?,Yes,0.8599999999,0.86,0.865,1.000000082740371e-10,0.005000000100000013,11,,https://clob.polymarket.com/prices-history?market=85120775770768568171037319691430512769043349724236381575493834592043972740948&startTs=1785020748&endTs=1785021408&fidelity=1
0x7f9e2d1df78614564a70becc7fa14aa9a6623a0e,1785017635,0xdbaa19c72378f7eb2fc01c0b40404857a1b1e68e3561ce5bbe792a24ce79377e,52277432132390268926707244723693243882410958469983340945272049391590726504317,Israel closes its airspace by August 15?,No,0.7599999999,0.755,0.755,-0.004999999899999996,-0.004999999899999996,11,,https://clob.polymarket.com/prices-history?market=52277432132390268926707244723693243882410958469983340945272049391590726504317&startTs=1785017575&endTs=1785018235&fidelity=1
0x7f9e2d1df78614564a70becc7fa14aa9a6623a0e,1785016803,0x833f0bac240ad7d5c947d58a8acac0f77a74cf03dccd8f9b72a28811836a920f,60736604095974956194543682313156464544142668961532964567135396949190081432607,US x Iran Effective Ceasefire by August 14?,Yes,0.5399999971,,,,,0,RuntimeError('https://clob.polymarket.com/prices-history?market=60736604095974956194543682313156464544142668961532964567135396949190081432607&startTs=1785016743&endTs=1785017403&fidelity=1: HTTP Error 500: Internal Server Error'),https://clob.polymarket.com/prices-history?market=60736604095974956194543682313156464544142668961532964567135396949190081432607&startTs=1785016743&endTs=1785017403&fidelity=1
0x7f9e2d1df78614564a70becc7fa14aa9a6623a0e,1785015954,0x58180f4a69651f67c23ac92845721b2320cc0c76effeb5e79db5288d8d8e6b28,113410960838036610177054042201506207817797370827970598802492258356512540837137,US x Iran Effective Ceasefire by July 24?,Yes,0.249185584,,,,,0,RuntimeError('https://clob.polymarket.com/prices-history?market=113410960838036610177054042201506207817797370827970598802492258356512540837137&startTs=1785015894&endTs=1785016554&fidelity=1: HTTP Error 500: Internal Server Error'),https://clob.polymarket.com/prices-history?market=113410960838036610177054042201506207817797370827970598802492258356512540837137&startTs=1785015894&endTs=1785016554&fidelity=1
0x7f9e2d1df78614564a70becc7fa14aa9a6623a0e,1785015760,0x61c2b9e70f7fdf3441fd1cfa2c8fa93308fefe3f5ecc2db87c393efab3a207a3,71362371729199006098022300209907327715487157091100600861193647274302527146623,US x Iran Effective Ceasefire by August 31?,Yes,0.6199999997,,,,,0,RuntimeError('https://clob.polymarket.com/prices-history?market=71362371729199006098022300209907327715487157091100600861193647274302527146623&startTs=1785015700&endTs=1785016360&fidelity=1: HTTP Error 500: Internal Server Error'),https://clob.polymarket.com/prices-history?market=71362371729199006098022300209907327715487157091100600861193647274302527146623&startTs=1785015700&endTs=1785016360&fidelity=1
0x7f9e2d1df78614564a70becc7fa14aa9a6623a0e,1785006040,0xf4dbb49b91ca1ed740fda3fdabe621758062fdea8bd236fdf2e540fb6a12a594,38886322264669784027672286592774757444905080686185967143832131463205582863002,Israel x Iran ceasefire continues through July 28?,Yes,0.8779350167,0.865,0.865,-0.012935016699999968,-0.012935016699999968,11,,https://clob.polymarket.com/prices-history?market=38886322264669784027672286592774757444905080686185967143832131463205582863002&startTs=1785005980&endTs=1785006640&fidelity=1
0x8a524bca5c742485c1ee2056735d1825e45bd74c,1785126727,0x4c8b7756d8edf4374116402319c04a702a1ebd9815716063d1fd9ca2c8ee80bb,73324733086777032381881470966510838214519840554305449271125615137276499968172,"Will any other model be the best AI model on August 10, 2026?",Yes,0.6255290115,0.52,0.48,-0.10552901149999994,-0.14552901149999997,11,,https://clob.polymarket.com/prices-history?market=73324733086777032381881470966510838214519840554305449271125615137276499968172&startTs=1785126667&endTs=1785127327&fidelity=1
0x8a524bca5c742485c1ee2056735d1825e45bd74c,1785126700,0x8a6c706b110cd970198fd99817e118c80c94f74bc74ac1ab65fd7fa79ee27df5,92491240852516041884324944267590695551373950302360966905846548247042771490691,"Will any other model be the best AI model on August 1, 2026?",Yes,0.8022984514,0.5305,0.8505,-0.27179845140000003,0.04820154860000003,11,,https://clob.polymarket.com/prices-history?market=92491240852516041884324944267590695551373950302360966905846548247042771490691&startTs=1785126640&endTs=1785127300&fidelity=1
0x8a524bca5c742485c1ee2056735d1825e45bd74c,1785126562,0xf479f3e8d1ee87a98a5ef7a8d0e00f55bd5bc6f52b4c02136f3858ddc0010c7e,22418236522978824877308931253503417276945663060991253299096139565948457206631,"Will the next Claude Opus debut at a score of at least 1510 by December 31, 2026?",No,0.9444269853,0.934,0.94,-0.010426985299999969,-0.004426985300000075,11,,https://clob.polymarket.com/prices-history?market=22418236522978824877308931253503417276945663060991253299096139565948457206631&startTs=1785126502&endTs=1785127162&fidelity=1
0x8a524bca5c742485c1ee2056735d1825e45bd74c,1785126562,0x0cabaf08be1954680599a1cc5d3f715558d8880b6bcb819d2e32ca404c400b35,52897893276285627510690194142963884799788689807458708980439810896103687693971,"Will the next Claude Opus debut at a score of at least 1490 by December 31, 2026?",Yes,0.9399999997,0.93,0.935,-0.009999999699999984,-0.00499999969999998,11,,https://clob.polymarket.com/prices-history?market=52897893276285627510690194142963884799788689807458708980439810896103687693971&startTs=1785126502&endTs=1785127162&fidelity=1
0x8a524bca5c742485c1ee2056735d1825e45bd74c,1785126562,0xeb1d1626c22c2a7448ac50b00dc120883fcb7edd2fb7255743886fd9bb200ff8,14570261891352369732680121274162279290287868373659050692026465007983449143358,"Will the next Claude Opus debut at a score of at least 1480 by December 31, 2026?",Yes,0.9690909091,0.935,0.96,-0.0340909090999999,-0.009090909099999989,11,,https://clob.polymarket.com/prices-history?market=14570261891352369732680121274162279290287868373659050692026465007983449143358&startTs=1785126502&endTs=1785127162&fidelity=1
0x8a524bca5c742485c1ee2056735d1825e45bd74c,1785126562,0x93faa0240e1ad5a847b8d6bfb998c33ab4d520e4e57568f2cbdbedba02d00c7b,77670425833373845322029967620049286657993429441551512693507138285138967566774,"Will the next Claude Opus debut at a score of at least 1500 by December 31, 2026?",Yes,0.96,0.93,0.945,-0.029999999999999916,-0.015000000000000013,11,,https://clob.polymarket.com/prices-history?market=77670425833373845322029967620049286657993429441551512693507138285138967566774&startTs=1785126502&endTs=1785127162&fidelity=1
0x8a524bca5c742485c1ee2056735d1825e45bd74c,1785126562,0xccd3b45fe892dce6bb5336d29a7e5f4a8edc56252b34d093b0bf117cdb9c5f41,81567924464960607371134707577870208770953704018708178500147055793441642095858,"Will the next Claude Opus debut at a score of at least 1470 by December 31, 2026?",Yes,0.96,0.945,0.9805,-0.015000000000000013,0.020500000000000074,11,,https://clob.polymarket.com/prices-history?market=81567924464960607371134707577870208770953704018708178500147055793441642095858&startTs=1785126502&endTs=1785127162&fidelity=1
0x8a524bca5c742485c1ee2056735d1825e45bd74c,1784351473,0xd609300ff622f57b6e8f4abd1655301c8d6758bd618d813de6749b0d9ad9f0fc,78055806303073058824216929088754661956652429122866629953428487517610861710167,"Will claude-opus-4-6-thinking be the best AI model on July 25, 2026?",Yes,0.8899999985,0.92,0.92,0.03000000150000004,0.03000000150000004,11,,https://clob.polymarket.com/prices-history?market=78055806303073058824216929088754661956652429122866629953428487517610861710167&startTs=1784351413&endTs=1784352073&fidelity=1
0x8a524bca5c742485c1ee2056735d1825e45bd74c,1784283061,0xe1ec1a9ab8b9935bdfcfb118e0cd711771acb5ea74a7479c8cc590538937522a,11728880593747248156927239785357306015268832603879526452098779807552644007660,Will Google have the best Text-to-Video AI at the end of August 2026?,Yes,0.1,0.46,0.46,0.36,0.36,11,,https://clob.polymarket.com/prices-history?market=11728880593747248156927239785357306015268832603879526452098779807552644007660&startTs=1784283001&endTs=1784283661&fidelity=1
0x8a524bca5c742485c1ee2056735d1825e45bd74c,1784266569,0x414f0e9435ec2100a952e512ff2534a43188091c02e058e36c0cf1c015e94d27,46066529155179750667147582757602637499442485909997351069795826236374760878160,Will Moonshot have the best Math AI model at the end of July 2026?,Yes,0.0239388245,0.0245,0.0265,0.0005611755000000003,0.0025611754999999986,11,,https://clob.polymarket.com/prices-history?market=46066529155179750667147582757602637499442485909997351069795826236374760878160&startTs=1784266509&endTs=1784267169&fidelity=1
0x8a524bca5c742485c1ee2056735d1825e45bd74c,1783922626,0x70e74c365daa1a88fa71cb64fd7de7cea4eb1b99d7675de99960bd6e142c1e46,83558439524597618436402907114333048886773223971196866743412020940596742919905,Will OpenAI have the best Math AI model at the end of July 2026?,Yes,0.0185631388,,,,,0,RuntimeError('https://clob.polymarket.com/prices-history?market=83558439524597618436402907114333048886773223971196866743412020940596742919905&startTs=1783922566&endTs=1783923226&fidelity=1: HTTP Error 500: Internal Server Error'),https://clob.polymarket.com/prices-history?market=83558439524597618436402907114333048886773223971196866743412020940596742919905&startTs=1783922566&endTs=1783923226&fidelity=1
0x8a524bca5c742485c1ee2056735d1825e45bd74c,1783922267,0x7bcf8180641ecdf56867c66ecc41561f14b2965de30a5799df1f59c1bbeb3cd5,34093145409283200001902033939000719701224869642211847354810846972746452898328,Will xAI have the best Math AI model at the end of July 2026?,Yes,0.0022524738,0.0005,0.0005,-0.0017524737999999999,-0.0017524737999999999,11,,https://clob.polymarket.com/prices-history?market=34093145409283200001902033939000719701224869642211847354810846972746452898328&startTs=1783922207&endTs=1783922867&fidelity=1
0xaec718f7dd38e0c29c14a8472183a48fed6203ef,1784939418,0x9cb23d04b2ded06147482076688b69b487a8d982c63ebdda2ab3678cf27cf390,35198549486569600595408965368290795524428922595732253580266052028158040373233,Clarity Act signed into law in 2026?,Yes,0.3299999994,0.325,0.325,-0.00499999940000001,-0.00499999940000001,11,,https://clob.polymarket.com/prices-history?market=35198549486569600595408965368290795524428922595732253580266052028158040373233&startTs=1784939358&endTs=1784940018&fidelity=1
0xaec718f7dd38e0c29c14a8472183a48fed6203ef,1784939418,0x79b7408f02df2eba4034ca4c06ddf17b8dbeacc5adbe8595969e7573912c4e3b,31155599200443620024532103683912072563894181253510224263086924270624693692711,"US-Iran Final Nuclear Deal by December 31, 2026?",Yes,0.2999999993,0.295,0.295,-0.004999999300000002,-0.004999999300000002,11,,https://clob.polymarket.com/prices-history?market=31155599200443620024532103683912072563894181253510224263086924270624693692711&startTs=1784939358&endTs=1784940018&fidelity=1
0xaec718f7dd38e0c29c14a8472183a48fed6203ef,1784479422,0x9ad2c0508c39e972df09e92743de35a90555833d0377740b638058c6eaa56aec,30705778356175131138527811895766002183117548687772523359723445110027329785211,Exact Score: Spain 2 - 2 Argentina?,Yes,0.0599999995,0.055,0.055,-0.004999999499999998,-0.004999999499999998,11,,https://clob.polymarket.com/prices-history?market=30705778356175131138527811895766002183117548687772523359723445110027329785211&startTs=1784479362&endTs=1784480022&fidelity=1
0xaec718f7dd38e0c29c14a8472183a48fed6203ef,1784473378,0x4c63863c9f4449243981ae1748c5ee9d4d8c8f22e25f708a9afd4c86e124f360,18228499614522265291176034113583147878051836449664912269173941247677684213870,Will WTI Crude Oil (WTI) hit (HIGH) $90 in July?,No,0.4638660269,,,,,0,RuntimeError('https://clob.polymarket.com/prices-history?market=18228499614522265291176034113583147878051836449664912269173941247677684213870&startTs=1784473318&endTs=1784473978&fidelity=1: HTTP Error 500: Internal Server Error'),https://clob.polymarket.com/prices-history?market=18228499614522265291176034113583147878051836449664912269173941247677684213870&startTs=1784473318&endTs=1784473978&fidelity=1
0xaec718f7dd38e0c29c14a8472183a48fed6203ef,1784472814,0xa38f0aba5b78cfc9894826c431dc6c8b16e1dff8bb1f4ff3b9ab51d35e12cd55,11728583497514710574356365513249856989304427730091039531942765980605070477300,Will NVIDIA be the largest company in the world by market cap on July 31?,Yes,0.5340930008,0.545,0.545,0.010906999200000045,0.010906999200000045,11,,https://clob.polymarket.com/prices-history?market=11728583497514710574356365513249856989304427730091039531942765980605070477300&startTs=1784472754&endTs=1784473414&fidelity=1
0xaec718f7dd38e0c29c14a8472183a48fed6203ef,1784052286,0x7976b8dbacf9077eb1453a62bcefd6ab2df199acd28aad276ff0d920d6992892,4394372887385518214471608448209527405727552777602031099972143344338178308080,Will Spain win the 2026 FIFA World Cup?,Yes,0.2259999983,0.2255,0.2255,-0.0004999982999999986,-0.0004999982999999986,11,,https://clob.polymarket.com/prices-history?market=4394372887385518214471608448209527405727552777602031099972143344338178308080&startTs=1784052226&endTs=1784052886&fidelity=1
0xaec718f7dd38e0c29c14a8472183a48fed6203ef,1784052286,0xaa23528a8f30c7566c04c7bcd513440dc2d7645ae383f27a876dec5dc4881282,59701348329688999702254197580644416038122802547584947510322394691994999642374,Will Spain win on 2026-07-14?,Yes,0.2999999998,,,,,0,RuntimeError('https://clob.polymarket.com/prices-history?market=59701348329688999702254197580644416038122802547584947510322394691994999642374&startTs=1784052226&endTs=1784052886&fidelity=1: HTTP Error 500: Internal Server Error'),https://clob.polymarket.com/prices-history?market=59701348329688999702254197580644416038122802547584947510322394691994999642374&startTs=1784052226&endTs=1784052886&fidelity=1
0xaec718f7dd38e0c29c14a8472183a48fed6203ef,1784052286,0xbbb20aee74d8d120db212bc10c1fc915a412a758117a64ed6ff6f3948c2f7d66,62975583795498792086117213116943744194566684233762863056174017776352240969485,Will England win on 2026-07-15?,Yes,0.3574999998,,,,,0,RuntimeError('https://clob.polymarket.com/prices-history?market=62975583795498792086117213116943744194566684233762863056174017776352240969485&startTs=1784052226&endTs=1784052886&fidelity=1: HTTP Error 500: Internal Server Error'),https://clob.polymarket.com/prices-history?market=62975583795498792086117213116943744194566684233762863056174017776352240969485&startTs=1784052226&endTs=1784052886&fidelity=1
0xaec718f7dd38e0c29c14a8472183a48fed6203ef,1783702979,0x4b84a8e08cb3376c9e5be5cc5a37f7073de05cdf0810d2ad3fe745c4760ef3e0,101609312241167873882360947921080859853145865660281247946682387335776462114544,Will Norway win on 2026-07-11?,Yes,0.2324999995,,,,,0,RuntimeError('https://clob.polymarket.com/prices-history?market=101609312241167873882360947921080859853145865660281247946682387335776462114544&startTs=1783702919&endTs=1783703579&fidelity=1: HTTP Error 500: Internal Server Error'),https://clob.polymarket.com/prices-history?market=101609312241167873882360947921080859853145865660281247946682387335776462114544&startTs=1783702919&endTs=1783703579&fidelity=1
0xaec718f7dd38e0c29c14a8472183a48fed6203ef,1783702979,0x2c37e07b722442c2381fac76f8564d580660aa028066e08bad1b32bd11813e9d,114083367175349101587118456512209157494315102378898420654169806682644264287063,Will Spain win on 2026-07-10?,Yes,0.6125,,,,,0,RuntimeError('https://clob.polymarket.com/prices-history?market=114083367175349101587118456512209157494315102378898420654169806682644264287063&startTs=1783702919&endTs=1783703579&fidelity=1: HTTP Error 500: Internal Server Error'),https://clob.polymarket.com/prices-history?market=114083367175349101587118456512209157494315102378898420654169806682644264287063&startTs=1783702919&endTs=1783703579&fidelity=1
0xaec718f7dd38e0c29c14a8472183a48fed6203ef,1783702669,0xc851fc5ae688d3d67bccb7c8f0ca475f61ebda796cfcddca7230042de6b48cfd,12937069564920440485423856944961863118985999089649348190709599100219960110712,"UFC 329: Max Holloway vs. Conor McGregor (Welterweight, Main Card)",Conor McGregor,0.3299999989,0.325,0.325,-0.004999998899999969,-0.004999998899999969,11,,https://clob.polymarket.com/prices-history?market=12937069564920440485423856944961863118985999089649348190709599100219960110712&startTs=1783702609&endTs=1783703269&fidelity=1
0xaec718f7dd38e0c29c14a8472183a48fed6203ef,1783211570,0xb232c0283440dabce4ba5ce9891419645ae246561b98267952ff83b89be088d7,53860407966018855536749249876475344023839849676731556184157207186217019329011,Valorant: MIBR LOS vs Team Heretics (BO3) - Esports World Cup Group D,MIBR LOS,0.6199999999,,,,,0,RuntimeError('https://clob.polymarket.com/prices-history?market=53860407966018855536749249876475344023839849676731556184157207186217019329011&startTs=1783211510&endTs=1783212170&fidelity=1: HTTP Error 500: Internal Server Error'),https://clob.polymarket.com/prices-history?market=53860407966018855536749249876475344023839849676731556184157207186217019329011&startTs=1783211510&endTs=1783212170&fidelity=1
0xb4f2592e67c333e73c923547cfe05e768180e5fa,1784993959,0x6bd56627aa21311850825edb27e53434a0e17a4f782be0086bc07f71eee00d0d,87073899845581463485186346288398658568334162612963837182986759797304993556208,"Putin out as President of Russia by December 31, 2026?",No,0.91,0.915,0.915,0.0050000000000000044,0.0050000000000000044,11,,https://clob.polymarket.com/prices-history?market=87073899845581463485186346288398658568334162612963837182986759797304993556208&startTs=1784993899&endTs=1784994559&fidelity=1
0xb4f2592e67c333e73c923547cfe05e768180e5fa,1784979534,0xe68102010586315ceba75bb97697b3fa6398a59c5c1676859c5b19009de9ebfd,71195152101172019971767297707036043467516284639893465366910278456036168940512,Will 75-99 ships transit the Strait of Hormuz between July 20-July 26?,Yes,0.1588009692,0.165,0.135,0.006199030800000005,-0.023800969199999994,11,,https://clob.polymarket.com/prices-history?market=71195152101172019971767297707036043467516284639893465366910278456036168940512&startTs=1784979474&endTs=1784980134&fidelity=1
0xb4f2592e67c333e73c923547cfe05e768180e5fa,1784756716,0xf2df33944c6e62576bc316380f8cde04480bafbd4b16f918b8125330d16c48b0,95811623259586549833480749997937476165219035306712706722049032097257384736724,"Will the Houthis successfully target shipping by July 23, 2026?",No,0.0199177801,,,,,0,RuntimeError('https://clob.polymarket.com/prices-history?market=95811623259586549833480749997937476165219035306712706722049032097257384736724&startTs=1784756656&endTs=1784757316&fidelity=1: HTTP Error 500: Internal Server Error'),https://clob.polymarket.com/prices-history?market=95811623259586549833480749997937476165219035306712706722049032097257384736724&startTs=1784756656&endTs=1784757316&fidelity=1
0xb4f2592e67c333e73c923547cfe05e768180e5fa,1784697552,0x6d5b3ee4e4c1ee4d901606f7738fe614f06a615853023f8046940658ed59ed27,67006448080167769431956370424937344125389624062077393049400582966527700766070,"U.S. Embassy in Damascus reopened by December 31, 2026?",No,0.72,0.665,0.665,-0.05499999999999994,-0.05499999999999994,11,,https://clob.polymarket.com/prices-history?market=67006448080167769431956370424937344125389624062077393049400582966527700766070&startTs=1784697492&endTs=1784698152&fidelity=1
0xb4f2592e67c333e73c923547cfe05e768180e5fa,1784697498,0x5eb3964d1bb946a1034c6c32c8df4d5ac5e0b76a676e7e16280c1737aee06d2d,102786085887857979139535483943398860886101437713725608378274903006411942857480,Will Venezuela recognize Israel by December 31?,No,0.7639228759,0.77,0.77,0.006077124100000053,0.006077124100000053,11,,https://clob.polymarket.com/prices-history?market=102786085887857979139535483943398860886101437713725608378274903006411942857480&startTs=1784697438&endTs=1784698098&fidelity=1
0xb4f2592e67c333e73c923547cfe05e768180e5fa,1784697468,0x5f3dabeb8d8174eff4a17c94d6396b7e5f71a2ba60a474f53dc69e6a493cbfe3,6179864642952463558002667608726411044794429539814590656863300564220412533200,Will Lebanon recognize Israel by December 31?,No,0.8237168157,0.79,0.81,-0.03371681569999996,-0.01371681569999994,11,,https://clob.polymarket.com/prices-history?market=6179864642952463558002667608726411044794429539814590656863300564220412533200&startTs=1784697408&endTs=1784698068&fidelity=1
0xb4f2592e67c333e73c923547cfe05e768180e5fa,1784611800,0xdd43b704a6d32ca6578c870b76b93e4b493d149db0af6293bebf9732265b2fdf,45445487667336482188435928949791705774139393716505495858145505301871194748194,"Will there be Houthi military action against Saudi Arabia by July 24, 2026?",No,0.78,,,,,0,RuntimeError('https://clob.polymarket.com/prices-history?market=45445487667336482188435928949791705774139393716505495858145505301871194748194&startTs=1784611740&endTs=1784612400&fidelity=1: HTTP Error 500: Internal Server Error'),https://clob.polymarket.com/prices-history?market=45445487667336482188435928949791705774139393716505495858145505301871194748194&startTs=1784611740&endTs=1784612400&fidelity=1
0xb4f2592e67c333e73c923547cfe05e768180e5fa,1784571703,0x0aa65370e0cb5ddd1a7faf88f34b201c35491eff807ed8e3babfeaea1a4fe252,96914332116433691285574311780455994702080984404170020450575364590321667208102,Will fewer than 50 ships transit the Strait of Hormuz between July 20-July 26?,No,0.41,,,,,0,RuntimeError('https://clob.polymarket.com/prices-history?market=96914332116433691285574311780455994702080984404170020450575364590321667208102&startTs=1784571643&endTs=1784572303&fidelity=1: HTTP Error 500: Internal Server Error'),https://clob.polymarket.com/prices-history?market=96914332116433691285574311780455994702080984404170020450575364590321667208102&startTs=1784571643&endTs=1784572303&fidelity=1
0xb4f2592e67c333e73c923547cfe05e768180e5fa,1784527006,0x48b0b0bca515f68fccf95af4793dbd0edbfec1f8ec6e8df2c0f69ba74f8c4722,2849827372590072151380088930233312280478318575453624773762283369907909283027,Trump out as President before 2027?,No,0.92,0.925,0.925,0.0050000000000000044,0.0050000000000000044,11,,https://clob.polymarket.com/prices-history?market=2849827372590072151380088930233312280478318575453624773762283369907909283027&startTs=1784526946&endTs=1784527606&fidelity=1
0xb4f2592e67c333e73c923547cfe05e768180e5fa,1784474620,0xceb73b756d1dffbb60452a86efbca93efea9453a6f5078b2c8fd49dda3f5ccee,104628309488587616237515900963758328926363798303475209280258444561216878013118,Iran charges Hormuz fees by August 31?,No,0.5899150522,0.595,0.595,0.005084947800000017,0.005084947800000017,11,,https://clob.polymarket.com/prices-history?market=104628309488587616237515900963758328926363798303475209280258444561216878013118&startTs=1784474560&endTs=1784475220&fidelity=1
0xb4f2592e67c333e73c923547cfe05e768180e5fa,1784188843,0x7278f3a6914039688c66be286dff6861e1af3237dc3808c9d850e1dcf202545f,110068731514205432257978521692895704349216419735911775572955626297955892469666,Will fewer than 100 ships transit the Strait of Hormuz between July 13-July 19?,Yes,0.82,0.815,0.815,-0.0050000000000000044,-0.0050000000000000044,11,,https://clob.polymarket.com/prices-history?market=110068731514205432257978521692895704349216419735911775572955626297955892469666&startTs=1784188783&endTs=1784189443&fidelity=1
0xb4f2592e67c333e73c923547cfe05e768180e5fa,1784151724,0xad5873e68e236470c7ada70a48e4a1d846e68a5703f352695ea62418781fc9bf,73302334995295437886594436517335367322797183477276783312655487413369645750966,"Will there be Houthi military action against Saudi Arabia by July 31, 2026?",No,0.7505773622,0.495,0.495,-0.25557736220000005,-0.25557736220000005,11,,https://clob.polymarket.com/prices-history?market=73302334995295437886594436517335367322797183477276783312655487413369645750966&startTs=1784151664&endTs=1784152324&fidelity=1
0xb64fe08cf7ebbf52cf2963bba89deb13b79ddc88,1785255521,0x8bf1c1536ecb1c08fe13c6b71e8ab1f58bf3461c4cb79f5f1679f869a06aef86,111604417349377875799825956621596386269673370070912696668140891647145772186047,Will there be no change in Fed interest rates after the July 2026 meeting?,Yes,0.814,,,,,0,RuntimeError('https://clob.polymarket.com/prices-history?market=111604417349377875799825956621596386269673370070912696668140891647145772186047&startTs=1785255461&endTs=1785256121&fidelity=1: HTTP Error 500: Internal Server Error'),https://clob.polymarket.com/prices-history?market=111604417349377875799825956621596386269673370070912696668140891647145772186047&startTs=1785255461&endTs=1785256121&fidelity=1
0xb64fe08cf7ebbf52cf2963bba89deb13b79ddc88,1785176922,0xf479f3e8d1ee87a98a5ef7a8d0e00f55bd5bc6f52b4c02136f3858ddc0010c7e,101295746010579200034361457953918788054158349320811077664021306163857985466385,"Will the next Claude Opus debut at a score of at least 1510 by December 31, 2026?",Yes,0.579,0.4625,0.855,-0.11649999999999994,0.276,11,,https://clob.polymarket.com/prices-history?market=101295746010579200034361457953918788054158349320811077664021306163857985466385&startTs=1785176862&endTs=1785177522&fidelity=1
0xb64fe08cf7ebbf52cf2963bba89deb13b79ddc88,1785126562,0x0cabaf08be1954680599a1cc5d3f715558d8880b6bcb819d2e32ca404c400b35,52897893276285627510690194142963884799788689807458708980439810896103687693971,"Will the next Claude Opus debut at a score of at least 1490 by December 31, 2026?",Yes,0.9407041262,0.93,0.935,-0.010704126199999942,-0.005704126199999937,11,,https://clob.polymarket.com/prices-history?market=52897893276285627510690194142963884799788689807458708980439810896103687693971&startTs=1785126502&endTs=1785127162&fidelity=1
0xb64fe08cf7ebbf52cf2963bba89deb13b79ddc88,1785126562,0x93faa0240e1ad5a847b8d6bfb998c33ab4d520e4e57568f2cbdbedba02d00c7b,77670425833373845322029967620049286657993429441551512693507138285138967566774,"Will the next Claude Opus debut at a score of at least 1500 by December 31, 2026?",Yes,0.8204597701,0.93,0.945,0.10954022990000001,0.12454022989999991,11,,https://clob.polymarket.com/prices-history?market=77670425833373845322029967620049286657993429441551512693507138285138967566774&startTs=1785126502&endTs=1785127162&fidelity=1
0xb64fe08cf7ebbf52cf2963bba89deb13b79ddc88,1785126562,0xeb1d1626c22c2a7448ac50b00dc120883fcb7edd2fb7255743886fd9bb200ff8,14570261891352369732680121274162279290287868373659050692026465007983449143358,"Will the next Claude Opus debut at a score of at least 1480 by December 31, 2026?",Yes,0.8470662724,0.935,0.96,0.08793372760000007,0.11293372759999998,11,,https://clob.polymarket.com/prices-history?market=14570261891352369732680121274162279290287868373659050692026465007983449143358&startTs=1785126502&endTs=1785127162&fidelity=1
0xb64fe08cf7ebbf52cf2963bba89deb13b79ddc88,1785126561,0xccd3b45fe892dce6bb5336d29a7e5f4a8edc56252b34d093b0bf117cdb9c5f41,81567924464960607371134707577870208770953704018708178500147055793441642095858,"Will the next Claude Opus debut at a score of at least 1470 by December 31, 2026?",Yes,0.8875454667,0.945,0.9805,0.057454533299999944,0.09295453330000003,11,,https://clob.polymarket.com/prices-history?market=81567924464960607371134707577870208770953704018708178500147055793441642095858&startTs=1785126501&endTs=1785127161&fidelity=1
0xb64fe08cf7ebbf52cf2963bba89deb13b79ddc88,1785094447,0x0302b2783f9238632d979a4d9368497ef20000000000000000000000000000,1361703992617510614752872359109746434249099010392304825190911496206224982016,Day vs. Hontama: Match O/U 21.5 AND Kinoshita vs. Okamura: Match O/U 21.5 AND Nishikori vs. Shang: Match O/U 21.5 AND Singh vs. Matsuda: Match O/U 22.5,,0.0970999827,,,,,0,,https://clob.polymarket.com/prices-history?market=1361703992617510614752872359109746434249099010392304825190911496206224982016&startTs=1785094387&endTs=1785095047&fidelity=1
0xb64fe08cf7ebbf52cf2963bba89deb13b79ddc88,1785094348,0x0310f1affff58c6ce8e14e4b83854a5a040000000000000000000000000000,1386876164602143776209434701789857693317193819838390586144567225244524216320,Fernandez vs. Linette: Match O/U 21.5 AND Eala vs. Zheng: Match O/U 21.5 AND Fils vs. Jodar: Match O/U 22.5 AND Minaur vs. Tsitsipas: Match O/U 22.5 AND Cocciaretto vs. Tauson: Match O/U 21.5 AND Frech vs. Li: Match O/U 21.5 AND Arnaldi vs. Musetti: Match O/U 22.5 AND Krueger vs. Boulter: Match O/U 21.5,,0.0088729859,,,,,0,RuntimeError('https://clob.polymarket.com/prices-history?market=1386876164602143776209434701789857693317193819838390586144567225244524216320&startTs=1785094288&endTs=1785094948&fidelity=1: HTTP Error 500: Internal Server Error'),https://clob.polymarket.com/prices-history?market=1386876164602143776209434701789857693317193819838390586144567225244524216320&startTs=1785094288&endTs=1785094948&fidelity=1
0xb64fe08cf7ebbf52cf2963bba89deb13b79ddc88,1785094233,0x03b8f5ef26c09bec45e7e18b0fc9c0209e0000000000000000000000000000,1683735781032340879557677207824179405137165026994467729519927112648416559104,"Samsun: Karan Singh vs Koki Matsuda AND San Marino: Laslo Djere vs Nikoloz Basilashvili AND Vancouver: Hayu Kinoshita vs Kyoka Okamura AND Mubadala Citi DC Open: Brandon Nakashima vs Tomas Etcheverry AND San Marino: Daniel Rincon vs Juan Carlos Prado AND Los Cabos Open, Qualification: Tristan Boyer vs Bernard Tomic AND Mubadala Citi DC Open: Leylah Fernandez vs Magda Linette AND Los Cabos Open, Qualification: Soon-Woo Kwon vs Edward Winter AND Mubadala Citi DC Open: Ashlyn Krueger vs Katie Boulter AND Mubadala Citi DC Open: Alexandra Eala vs Qinwen Zheng AND Vancouver: Haruka Kaji vs Taylah Preston",,0.0137703829,,,,,0,,https://clob.polymarket.com/prices-history?market=1683735781032340879557677207824179405137165026994467729519927112648416559104&startTs=1785094173&endTs=1785094833&fidelity=1
0xb64fe08cf7ebbf52cf2963bba89deb13b79ddc88,1784988484,0x932ec288a42faa25e43545f78c421bc6f69d6798b3c76d4e60a3fee52951a5c1,62458537429859768701878464786854069300207276137035894518449625182675713112618,"Will Donald Trump publicly insult someone on July 25, 2026?",No,0.1199999748,0.105,0.105,-0.01499997480000001,-0.01499997480000001,11,,https://clob.polymarket.com/prices-history?market=62458537429859768701878464786854069300207276137035894518449625182675713112618&startTs=1784988424&endTs=1784989084&fidelity=1
0xb64fe08cf7ebbf52cf2963bba89deb13b79ddc88,1784907055,0xde72dd287ba34b31dc69066931b7c0074f8267132bf7d6752e2f736429ae98af,75083988390277121768686920804826665792234222050775941532408375203298640433019,Will LeBron James play for the Philadelphia 76ers in 2026-27?,Yes,0.1684057619,,,,,0,RuntimeError('https://clob.polymarket.com/prices-history?market=75083988390277121768686920804826665792234222050775941532408375203298640433019&startTs=1784906995&endTs=1784907655&fidelity=1: HTTP Error 500: Internal Server Error'),https://clob.polymarket.com/prices-history?market=75083988390277121768686920804826665792234222050775941532408375203298640433019&startTs=1784906995&endTs=1784907655&fidelity=1
0xb64fe08cf7ebbf52cf2963bba89deb13b79ddc88,1784627890,0xa9e68a9cb10248975ff673509204505bf03838069b0ef81fb220cac4229fdd01,35068534820501798364654347179475876372619105579641505919439887886584610687382,Will LeBron James play for the Minnesota Timberwolves in 2026-27?,Yes,0.016,0.0155,0.0155,-0.0005000000000000004,-0.0005000000000000004,11,,https://clob.polymarket.com/prices-history?market=35068534820501798364654347179475876372619105579641505919439887886584610687382&startTs=1784627830&endTs=1784628490&fidelity=1
0xb7aba0e44edb6773c3b3a8308aae8a24781fa2d1,1785252020,0x22e904111e577f53ea56570517f5e43e14ec4f670e3522d0303e87d4449aaefb,50284009800470151920508530082800355393674235797042599037141184465032089444317,Vancouver: Shintaro Mochizuki vs Charles Broom,Charles Broom,0.37,0.375,0.375,0.0050000000000000044,0.0050000000000000044,10,,https://clob.polymarket.com/prices-history?market=50284009800470151920508530082800355393674235797042599037141184465032089444317&startTs=1785251960&endTs=1785252620&fidelity=1
0xb7aba0e44edb6773c3b3a8308aae8a24781fa2d1,1785149628,0x88ee50b8308a18fed72f2f79d830b24675617c38c6a2ed7f8e05b7fc5df5f990,27463899797534709179830220551293483124441158358884249899940575259686776147109,The Memphis Classic: Talia Gibson vs Tatjana Maria,Tatjana Maria,0.4353253849,0.415,0.415,-0.02032538490000002,-0.02032538490000002,11,,https://clob.polymarket.com/prices-history?market=27463899797534709179830220551293483124441158358884249899940575259686776147109&startTs=1785149568&endTs=1785150228&fidelity=1
0xb7aba0e44edb6773c3b3a8308aae8a24781fa2d1,1785141457,0xbd6b69a901823a71a3a167280d3bc6cb947c434d50d8b85b2d5859c15679fd6b,79016501817989553453906378836381693465229737817786260158446995838556212545776,The Memphis Classic: Katie Volynets vs Viktorija Golubic,Katie Volynets,0.5921197366,0.595,0.595,0.002880263400000027,0.002880263400000027,11,,https://clob.polymarket.com/prices-history?market=79016501817989553453906378836381693465229737817786260158446995838556212545776&startTs=1785141397&endTs=1785142057&fidelity=1
0xb7aba0e44edb6773c3b3a8308aae8a24781fa2d1,1785139833,0x93198e6e432229049f620ab5b09f33720857c8c637ca8250d0d51df9c69a9047,33054610999610286937520123529904490991187749582537537310283052488513656902852,Mubadala Citi DC Open: Alejandro Tabilo vs Tallon Griekspoor,Alejandro Tabilo,0.441890221,,,,,0,RuntimeError('https://clob.polymarket.com/prices-history?market=33054610999610286937520123529904490991187749582537537310283052488513656902852&startTs=1785139773&endTs=1785140433&fidelity=1: HTTP Error 500: Internal Server Error'),https://clob.polymarket.com/prices-history?market=33054610999610286937520123529904490991187749582537537310283052488513656902852&startTs=1785139773&endTs=1785140433&fidelity=1
0xb7aba0e44edb6773c3b3a8308aae8a24781fa2d1,1785053761,0x3ba4af7520217baf8085c5d3620e2936e2bef607d552c7eeff696c7d999239fc,58265264851772126564800669623424618011372637665376327474875455853986514552335,Livesport Prague Open (Doubles): Dart/Lumsden vs Havlickova/Samson,Dart/Lumsden,0.6096771228,0.61,0.61,0.00032287720000001574,0.00032287720000001574,11,,https://clob.polymarket.com/prices-history?market=58265264851772126564800669623424618011372637665376327474875455853986514552335&startTs=1785053701&endTs=1785054361&fidelity=1
0xb7aba0e44edb6773c3b3a8308aae8a24781fa2d1,1785013236,0x3049f139299ab97f3ff38accd4b8b249ac205b29a6290129782fdacf893639ae,109777099560164457997547128267916353260778670205011585507175080982642608487768,TSG Hawks vs. Wei Chuan Dragons,TSG Hawks,0.5386666667,0.52,0.535,-0.018666666699999945,-0.003666666699999932,11,,https://clob.polymarket.com/prices-history?market=109777099560164457997547128267916353260778670205011585507175080982642608487768&startTs=1785013176&endTs=1785013836&fidelity=1
0xb7aba0e44edb6773c3b3a8308aae8a24781fa2d1,1784968719,0x3aed6f015fc00d64d6cc064b957321258f0f45fdbd616aaf80d1c975733a7ca9,48327331918736012514863064029284876566378747563450567206542919176798817771048,"UFC Fight Night: Rizvan Kuniev vs. Tyrell Fortune (Heavyweight, Main Card)",Rizvan Kuniev,0.75,0.745,0.745,-0.0050000000000000044,-0.0050000000000000044,11,,https://clob.polymarket.com/prices-history?market=48327331918736012514863064029284876566378747563450567206542919176798817771048&startTs=1784968659&endTs=1784969319&fidelity=1
0xb7aba0e44edb6773c3b3a8308aae8a24781fa2d1,1784628900,0x86bd55f0dd8566df61272a1b581060e41ca9e43329aec9c95a7533f6c637f21a,7310203091467172542333301250702359915436561702942737766163916797943472005985,Estoril Open: Gonzalo Bueno vs Tiago Pereira,Tiago Pereira,0.248950983,,,,,0,RuntimeError('https://clob.polymarket.com/prices-history?market=7310203091467172542333301250702359915436561702942737766163916797943472005985&startTs=1784628840&endTs=1784629500&fidelity=1: HTTP Error 500: Internal Server Error'),https://clob.polymarket.com/prices-history?market=7310203091467172542333301250702359915436561702942737766163916797943472005985&startTs=1784628840&endTs=1784629500&fidelity=1
0xb7aba0e44edb6773c3b3a8308aae8a24781fa2d1,1784624124,0x2c10caa579f60f43e2248157c2c094453096cb1eec4b60e6a54cd1000b51ff03,4520838234962285013830684379970937507088708871394630574367463154221782834694,Generali Open: Alexander Bublik vs Facundo Acosta,Facundo Acosta,0.3999289927,,,,,0,RuntimeError('https://clob.polymarket.com/prices-history?market=4520838234962285013830684379970937507088708871394630574367463154221782834694&startTs=1784624064&endTs=1784624724&fidelity=1: HTTP Error 500: Internal Server Error'),https://clob.polymarket.com/prices-history?market=4520838234962285013830684379970937507088708871394630574367463154221782834694&startTs=1784624064&endTs=1784624724&fidelity=1
0xb7aba0e44edb6773c3b3a8308aae8a24781fa2d1,1784621830,0x000c01c25ec6ba8571659b58e820a81f96867c28a45940e6b62d07288d0fd0d7,34911396739187172148530879061511897418536789363937116981445417421786769930216,Bloomfield Hills: Andres Martin vs Dane Sweeny,Andres Martin,0.3899099099,,,,,0,RuntimeError('https://clob.polymarket.com/prices-history?market=34911396739187172148530879061511897418536789363937116981445417421786769930216&startTs=1784621770&endTs=1784622430&fidelity=1: HTTP Error 500: Internal Server Error'),https://clob.polymarket.com/prices-history?market=34911396739187172148530879061511897418536789363937116981445417421786769930216&startTs=1784621770&endTs=1784622430&fidelity=1
0xb7aba0e44edb6773c3b3a8308aae8a24781fa2d1,1784280100,0xb8d1db7f6264ed8c4eae9c18f32bc213ae23048c2e013d730ef537e0a6cad208,52140870206027738526890435640124932604054953841384729897731682291860773871957,"UFC Fight Night: Alberto Montes vs. Tommy McMillen (Featherweight, Main Card)",Tommy McMillen,0.5999999999,0.595,0.595,-0.004999999899999996,-0.004999999899999996,11,,https://clob.polymarket.com/prices-history?market=52140870206027738526890435640124932604054953841384729897731682291860773871957&startTs=1784280040&endTs=1784280700&fidelity=1
0xb7aba0e44edb6773c3b3a8308aae8a24781fa2d1,1784203442,0x0d6ac08b925aa245b7d50313a1da4d16244b1637f9122cbf11c367e3f279a41b,13688886649623791247317993108691684609422043916936223468391895199119772091962,Swedish Open: Andrey Rublev vs Andrea Pellegrino,Andrea Pellegrino,0.27,0.265,0.255,-0.0050000000000000044,-0.015000000000000013,11,,https://clob.polymarket.com/prices-history?market=13688886649623791247317993108691684609422043916936223468391895199119772091962&startTs=1784203382&endTs=1784204042&fidelity=1
0xbd0477e08d82d35a855ff19644a88a9213d8fbb0,1785252995,0x68818a54ca4c49406bb28ada26ecf9ce732dba21505454ce874e7066da6d788c,54486775799097073350117703852347837482875366875903455982474565064932741563538,Israel x Iran ceasefire continues through August 9?,No,0.17,0.175,,0.004999999999999977,,6,,https://clob.polymarket.com/prices-history?market=54486775799097073350117703852347837482875366875903455982474565064932741563538&startTs=1785252935&endTs=1785253595&fidelity=1
0xbd0477e08d82d35a855ff19644a88a9213d8fbb0,1785252986,0x93796dea2fe5dfc8da1a942448e6ab767d9bb3464a96ea3a527dfed0ef7bd958,69096949813045225336683960679829035937696902053122957721872788215708031375062,Israel x Iran ceasefire continues through August 2?,No,0.0942489585,,,,,0,RuntimeError('https://clob.polymarket.com/prices-history?market=69096949813045225336683960679829035937696902053122957721872788215708031375062&startTs=1785252926&endTs=1785253586&fidelity=1: HTTP Error 500: Internal Server Error'),https://clob.polymarket.com/prices-history?market=69096949813045225336683960679829035937696902053122957721872788215708031375062&startTs=1785252926&endTs=1785253586&fidelity=1
0xbd0477e08d82d35a855ff19644a88a9213d8fbb0,1785208243,0xff3eade4aeb721d37d4ba7c7a924eb949df2a0449488709eb1825233cc49e7b1,1199405511304672162433699244505457071756232617223952847384163702417764354222,0 ships transit Hormuz on any date by July 31?,Yes,0.0881822986,,,,,0,RuntimeError('https://clob.polymarket.com/prices-history?market=1199405511304672162433699244505457071756232617223952847384163702417764354222&startTs=1785208183&endTs=1785208843&fidelity=1: HTTP Error 500: Internal Server Error'),https://clob.polymarket.com/prices-history?market=1199405511304672162433699244505457071756232617223952847384163702417764354222&startTs=1785208183&endTs=1785208843&fidelity=1
0xbd0477e08d82d35a855ff19644a88a9213d8fbb0,1785187033,0xe50789ae873f89bf41daa5791bb6242d33c37466c7ab19ad8c6ec82633a3e6cf,30332287428473371939809122710717309958348149769714444343716300345938663641188,Iran military action against a Gulf State on July 23?,Yes,0.0966150754,0.08,0.08,-0.0166150754,-0.0166150754,11,,https://clob.polymarket.com/prices-history?market=30332287428473371939809122710717309958348149769714444343716300345938663641188&startTs=1785186973&endTs=1785187633&fidelity=1
0xbd0477e08d82d35a855ff19644a88a9213d8fbb0,1785184356,0xc6de53009d5565a055c17f630e564f8592f0de05f2e6f12a0faf2cded2b38d1f,78223301588722523008619610155482504054575914666120959801577149317000103255111,"Will Trump say ""Trump"" 5+ times during Michigan remarks?",Yes,0.8433539291,0.825,0.895,-0.0183539291,0.05164607090000006,11,,https://clob.polymarket.com/prices-history?market=78223301588722523008619610155482504054575914666120959801577149317000103255111&startTs=1785184296&endTs=1785184956&fidelity=1
0xbd0477e08d82d35a855ff19644a88a9213d8fbb0,1785176019,0x40afb8a85b257aff47db0669516853ec1684113594c9ec11503504b687f07526,75046302933036936122360891666956117531420709243604771663592765878567747397212,"Will Trump say ""Toyota"" during Michigan remarks?",No,0.218884713,0.21,0.21,-0.008884713000000016,-0.008884713000000016,11,,https://clob.polymarket.com/prices-history?market=75046302933036936122360891666956117531420709243604771663592765878567747397212&startTs=1785175959&endTs=1785176619&fidelity=1
0xbd0477e08d82d35a855ff19644a88a9213d8fbb0,1785172611,0x783c81b4f34c5b64a28a3b2ecf60890964b60307a8322722bf97e7c07f27d782,95396836761931535127029362409739465755804731688572662764120340076367026697713,"Will Trump say ""Drill Baby Drill"" during Michigan remarks?",No,0.61,0.685,0.69,0.07500000000000007,0.07999999999999996,11,,https://clob.polymarket.com/prices-history?market=95396836761931535127029362409739465755804731688572662764120340076367026697713&startTs=1785172551&endTs=1785173211&fidelity=1
0xbd0477e08d82d35a855ff19644a88a9213d8fbb0,1785172344,0xc043239933561b4c3b8d173918a27ebe6f5375f5c608df1e648dea4ef1e0969f,91440759638978287738149865358311187030254465884265836544914852804164894857553,"Will Trump say ""Joe"" or ""Biden"" 12+ times during Michigan remarks?",Yes,0.32,,,,,0,RuntimeError('https://clob.polymarket.com/prices-history?market=91440759638978287738149865358311187030254465884265836544914852804164894857553&startTs=1785172284&endTs=1785172944&fidelity=1: HTTP Error 500: Internal Server Error'),https://clob.polymarket.com/prices-history?market=91440759638978287738149865358311187030254465884265836544914852804164894857553&startTs=1785172284&endTs=1785172944&fidelity=1
0xbd0477e08d82d35a855ff19644a88a9213d8fbb0,1785103686,0x6b382feeb97121c8bd5fe0fe0ab8272b955e741ac7117ee691a2460896f43ee7,102465043518837625519270162796827842101802722388134072464942915639104527659386,Will WTI Crude Oil (WTI) hit (LOW) $80 in July?,No,0.5446341463,0.58,0.555,0.035365853700000005,0.010365853700000094,11,,https://clob.polymarket.com/prices-history?market=102465043518837625519270162796827842101802722388134072464942915639104527659386&startTs=1785103626&endTs=1785104286&fidelity=1
0xbd0477e08d82d35a855ff19644a88a9213d8fbb0,1785102774,0x8b0e301fc552e953579c625ce9adb7409d1852d5bf4879efee849decc1c9dc91,62536151087263822953340482966176435031038967476010416521942373643581358769209,"US announces end of Iranian blockade by July 31, 2026?",No,0.7964816431,,,,,0,RuntimeError('https://clob.polymarket.com/prices-history?market=62536151087263822953340482966176435031038967476010416521942373643581358769209&startTs=1785102714&endTs=1785103374&fidelity=1: HTTP Error 500: Internal Server Error'),https://clob.polymarket.com/prices-history?market=62536151087263822953340482966176435031038967476010416521942373643581358769209&startTs=1785102714&endTs=1785103374&fidelity=1
0xbd0477e08d82d35a855ff19644a88a9213d8fbb0,1785100930,0x7f0d84b155c484b801f2cba68eb0f9ef8b2a0a54b7e6bb0fa53a1778964f53fd,45117272123752214028376460723544361926835506941716663290099518852020253462421,"US x Iran diplomatic meeting by August 15, 2026?",Yes,0.3694187042,,,,,0,RuntimeError('https://clob.polymarket.com/prices-history?market=45117272123752214028376460723544361926835506941716663290099518852020253462421&startTs=1785100870&endTs=1785101530&fidelity=1: HTTP Error 500: Internal Server Error'),https://clob.polymarket.com/prices-history?market=45117272123752214028376460723544361926835506941716663290099518852020253462421&startTs=1785100870&endTs=1785101530&fidelity=1
0xbd0477e08d82d35a855ff19644a88a9213d8fbb0,1785100899,0xcd2cab85a85d99ee450c2b7c469d8a2193465d244bfe9640eb7ee54ea5e60ac1,22672968656988994606098532619796733342823589325740712455625503063290035111504,"Will the next diplomatic US-Iran meeting be in Pakistan by September 30, 2026?",Yes,0.2016388416,0.2035,0.2035,0.0018611583999999792,0.0018611583999999792,11,,https://clob.polymarket.com/prices-history?market=22672968656988994606098532619796733342823589325740712455625503063290035111504&startTs=1785100839&endTs=1785101499&fidelity=1
0xbe7c0363ec2f0d12630fd48ac4c87ce84f418356,1784632944,0x12dc2b61723b2a54fc1947a307389b5f32038e7a29a0e936ad1fe410b969d06a,77740376296468109233042620775325425521895874827413068707200627224591548200577,Will Harry Kane win the 2026 Ballon d'Or?,No,0.5881351351,,,,,0,RuntimeError('https://clob.polymarket.com/prices-history?market=77740376296468109233042620775325425521895874827413068707200627224591548200577&startTs=1784632884&endTs=1784633544&fidelity=1: HTTP Error 500: Internal Server Error'),https://clob.polymarket.com/prices-history?market=77740376296468109233042620775325425521895874827413068707200627224591548200577&startTs=1784632884&endTs=1784633544&fidelity=1
0xbe7c0363ec2f0d12630fd48ac4c87ce84f418356,1784575462,0x71d1120e4c04bdb184b47598f21115b74e106b9168bd127575f8027a8a432638,34569238167437424007165597635582126950429476214102659863835390065074083453126,Will Dricus Du Plessis fight Nasourdine Imavov next?,No,0.642,0.7995,0.799,0.15749999999999997,0.15700000000000003,11,,https://clob.polymarket.com/prices-history?market=34569238167437424007165597635582126950429476214102659863835390065074083453126&startTs=1784575402&endTs=1784576062&fidelity=1
0xbe7c0363ec2f0d12630fd48ac4c87ce84f418356,1784559754,0xc89266786402aaabe78111eb91c6764d86857bbc4427c82b91d60a5ef69a70d0,28452090262595806306683841543702974671789939255165753137157118490078999198778,Will Erling Haaland win the 2026 Ballon d'Or?,Yes,0.004,,,,,0,RuntimeError('https://clob.polymarket.com/prices-history?market=28452090262595806306683841543702974671789939255165753137157118490078999198778&startTs=1784559694&endTs=1784560354&fidelity=1: HTTP Error 500: Internal Server Error'),https://clob.polymarket.com/prices-history?market=28452090262595806306683841543702974671789939255165753137157118490078999198778&startTs=1784559694&endTs=1784560354&fidelity=1
0xbe7c0363ec2f0d12630fd48ac4c87ce84f418356,1784463799,0x095b13093577208284ee086e45354d8a9c3c9ba7762996cf6b210771eab3fa54,36826416220070557602425182895339377477418526473895204715017309244888032965327,Will Lamine Yamal be the #1 searched person on Google this year?,No,0.8996388642,0.792,0.792,-0.10763886420000002,-0.10763886420000002,11,,https://clob.polymarket.com/prices-history?market=36826416220070557602425182895339377477418526473895204715017309244888032965327&startTs=1784463739&endTs=1784464399&fidelity=1
0xbe7c0363ec2f0d12630fd48ac4c87ce84f418356,1784412489,0x0d40effa30435678cf8183cfe101d1fa09220d8dab13ed23acf54f2202f60f18,103761874081149727954936715475331585552395205863618653922897858280377045074293,"Will ""Waka Waka (This Time for Africa)"" be played during the World Cup Finals Halftime Show?",Yes,0.39,,,,,0,RuntimeError('https://clob.polymarket.com/prices-history?market=103761874081149727954936715475331585552395205863618653922897858280377045074293&startTs=1784412429&endTs=1784413089&fidelity=1: HTTP Error 500: Internal Server Error'),https://clob.polymarket.com/prices-history?market=103761874081149727954936715475331585552395205863618653922897858280377045074293&startTs=1784412429&endTs=1784413089&fidelity=1
0xbe7c0363ec2f0d12630fd48ac4c87ce84f418356,1784332068,0xba0808fbb35d07e14ecf98e22ca74bc4b5613947f614029432337298af267e4d,48718143209624693256819602231099408338723531923132662349159259974089875524537,Will Donald Trump be TIME Person of the Year 2026?,No,0.848312552,0.805,0.815,-0.04331255199999995,-0.03331255200000005,11,,https://clob.polymarket.com/prices-history?market=48718143209624693256819602231099408338723531923132662349159259974089875524537&startTs=1784332008&endTs=1784332668&fidelity=1
0xbe7c0363ec2f0d12630fd48ac4c87ce84f418356,1784330977,0xcd462181fc898582ae627d94d336c5992dd00942db5e40f1b64cc81fa2dfd1e8,42763546566178461772684530128901019882323405073391430881960821895784464184892,Will Erling Haaland be the #1 searched person on Google this year?,Yes,0.21,,,,,0,RuntimeError('https://clob.polymarket.com/prices-history?market=42763546566178461772684530128901019882323405073391430881960821895784464184892&startTs=1784330917&endTs=1784331577&fidelity=1: HTTP Error 500: Internal Server Error'),https://clob.polymarket.com/prices-history?market=42763546566178461772684530128901019882323405073391430881960821895784464184892&startTs=1784330917&endTs=1784331577&fidelity=1
0xbe7c0363ec2f0d12630fd48ac4c87ce84f418356,1784304925,0x0d90c2c5af4f82b61757b45dad102ffab55833a9a3b8f964818dd5212a66439e,27243519994206645544212453260825243577891373689511316743765183333601308540408,"Mykhailo Fedorov reinstated as Ukrainian Defense Minister by July 31, 2026?",No,0.912,,,,,0,RuntimeError('https://clob.polymarket.com/prices-history?market=27243519994206645544212453260825243577891373689511316743765183333601308540408&startTs=1784304865&endTs=1784305525&fidelity=1: HTTP Error 500: Internal Server Error'),https://clob.polymarket.com/prices-history?market=27243519994206645544212453260825243577891373689511316743765183333601308540408&startTs=1784304865&endTs=1784305525&fidelity=1
0xbe7c0363ec2f0d12630fd48ac4c87ce84f418356,1784299069,0x7b1a70f5fd896bed5d1057e06821e6710f081ceb9294952e263b1d1f5e347079,21390573580769118403129105287688388677598618302400642035971632960495204182631,"Mykhailo Fedorov reinstated as Ukrainian Defense Minister by July 24, 2026?",Yes,0.041,,,,,0,RuntimeError('https://clob.polymarket.com/prices-history?market=21390573580769118403129105287688388677598618302400642035971632960495204182631&startTs=1784299009&endTs=1784299669&fidelity=1: HTTP Error 500: Internal Server Error'),https://clob.polymarket.com/prices-history?market=21390573580769118403129105287688388677598618302400642035971632960495204182631&startTs=1784299009&endTs=1784299669&fidelity=1
0xbe7c0363ec2f0d12630fd48ac4c87ce84f418356,1784296884,0xe2082f36bb4be6b5980d25388bc03592ee30d62f3a99017861baa466cd0bd43c,30376653729976047623332106444074729362208635476031874741765942139709960552682,Andrii Sybiha appointed as Ukrainian Minister of Foreign Affairs by July 31?,No,0.73,0.72,0.72,-0.010000000000000009,-0.010000000000000009,11,,https://clob.polymarket.com/prices-history?market=30376653729976047623332106444074729362208635476031874741765942139709960552682&startTs=1784296824&endTs=1784297484&fidelity=1
0xbe7c0363ec2f0d12630fd48ac4c87ce84f418356,1784296213,0xaa7f1b37853eec207983ae8303999dc86a5021fdadc883479d53cd766c23e0e7,6119083974928496710221803473855738527236481500164542734878122674289415102485,Yevhen Khmara appointed as Ukrainian Minister of Defence by July 31?,No,0.89,0.915,0.915,0.025000000000000022,0.025000000000000022,11,,https://clob.polymarket.com/prices-history?market=6119083974928496710221803473855738527236481500164542734878122674289415102485&startTs=1784296153&endTs=1784296813&fidelity=1
0xbe7c0363ec2f0d12630fd48ac4c87ce84f418356,1784213158,0xae76ef049f09b109cfb0a9bfa2335d7c9fde5bd262c64548b43308c810c314ec,28096161697269491739201577018265114286225290564353204301878588204336630210171,Will Yulia Navalnaya win the Nobel Peace Prize in 2026?,No,0.86,0.825,0.84,-0.03500000000000003,-0.020000000000000018,11,,https://clob.polymarket.com/prices-history?market=28096161697269491739201577018265114286225290564353204301878588204336630210171&startTs=1784213098&endTs=1784213758&fidelity=1
0xc01ff7687f1380629b83fcd7b6767875c399cd8e,1785247958,0xbe20fcfd54937c2a48a7b8521ca349e6a2c4373566328ebb950a8c35ab1be3d9,70060007759742302808850203923230495967841006347410479320265457231119910877637,"Will Bitcoin reach $67,500 in July?",Yes,0.0699999979,,,,,0,RuntimeError('https://clob.polymarket.com/prices-history?market=70060007759742302808850203923230495967841006347410479320265457231119910877637&startTs=1785247898&endTs=1785248558&fidelity=1: HTTP Error 500: Internal Server Error'),https://clob.polymarket.com/prices-history?market=70060007759742302808850203923230495967841006347410479320265457231119910877637&startTs=1785247898&endTs=1785248558&fidelity=1
0xc01ff7687f1380629b83fcd7b6767875c399cd8e,1785246394,0x9acc543deb6148979bcf1433326d3c87058183b444e9dc39bab7bced0252c52a,76775375296033651317898012041289573382116059705683933691523480898942221844797,"Will Bitcoin dip to $60,000 in July?",Yes,0.2391803279,,,,,0,RuntimeError('https://clob.polymarket.com/prices-history?market=76775375296033651317898012041289573382116059705683933691523480898942221844797&startTs=1785246334&endTs=1785246994&fidelity=1: HTTP Error 500: Internal Server Error'),https://clob.polymarket.com/prices-history?market=76775375296033651317898012041289573382116059705683933691523480898942221844797&startTs=1785246334&endTs=1785246994&fidelity=1
0xc01ff7687f1380629b83fcd7b6767875c399cd8e,1785029434,0xe284a52d608552290b056def0a62e1914b3ebe316407504f56f6361fafc68358,103306680198948704554599811183197844953598147952241074674297011149394308706028,"Will Bitcoin reach $70,000 in July?",Yes,0.0684335572,0.071,0.0665,0.002566442799999999,-0.0019335571999999912,11,,https://clob.polymarket.com/prices-history?market=103306680198948704554599811183197844953598147952241074674297011149394308706028&startTs=1785029374&endTs=1785030034&fidelity=1
0xc01ff7687f1380629b83fcd7b6767875c399cd8e,1784818965,0x2be031440c5a571cd4fc3e05e2478d98aee41c7a44d10d3c5e6a24e38b30fabb,51648990218544067436174137903077674890968483826939063393064351432982359534477,"Will Bitcoin dip to $57,500 in July?",Yes,0.0569751812,0.056,0.056,-0.0009751812000000012,-0.0009751812000000012,11,,https://clob.polymarket.com/prices-history?market=51648990218544067436174137903077674890968483826939063393064351432982359534477&startTs=1784818905&endTs=1784819565&fidelity=1
0xc01ff7687f1380629b83fcd7b6767875c399cd8e,1784696833,0x38903ef70b7d9ee41ea22ef2aec6287e4e6c77ec8702ca741e37d5c5df090a4d,65970969945887890144318439517249678603585471578776397377733204695340866631586,"Will Bitcoin reach $72,500 in July?",Yes,0.1168109616,0.116,0.1145,-0.0008109615999999931,-0.0023109615999999944,11,,https://clob.polymarket.com/prices-history?market=65970969945887890144318439517249678603585471578776397377733204695340866631586&startTs=1784696773&endTs=1784697433&fidelity=1
0xc01ff7687f1380629b83fcd7b6767875c399cd8e,1784601597,0x59e9c002ae5eb2c9889f678792e5ca88cff201602e28c352c4b43b3dcaba2084,943958272182481377756039039715171262114082690986332151307020470538752110435,Will Jo Stevens be in the Burnham cabinet?,Yes,0.0068266667,0.016,0.016,0.0091733333,0.0091733333,11,,https://clob.polymarket.com/prices-history?market=943958272182481377756039039715171262114082690986332151307020470538752110435&startTs=1784601537&endTs=1784602197&fidelity=1
0xc01ff7687f1380629b83fcd7b6767875c399cd8e,1784601561,0x51aa78e4eed7d991076d043328e7f6c1d6098edcbda23d32bff6a1cd0b707a64,102976752861023758633920698786119714175381147161085474168449848090115594375645,Will Jess Phillips be in the Burnham cabinet?,Yes,0.01907342,0.024,0.025,0.00492658,0.005926580000000001,11,,https://clob.polymarket.com/prices-history?market=102976752861023758633920698786119714175381147161085474168449848090115594375645&startTs=1784601501&endTs=1784602161&fidelity=1
0xc01ff7687f1380629b83fcd7b6767875c399cd8e,1784601547,0x3f3f2584cc140da36518c5d78b9f5ca5a66df7e880d79156af6b2808847e0ae7,42241982692606774379517016792502072030780153990835043003539030719180315590258,Will Catherine West be in the Burnham cabinet?,Yes,0.0358663494,0.014,0.047,-0.0218663494,0.011133650600000003,11,,https://clob.polymarket.com/prices-history?market=42241982692606774379517016792502072030780153990835043003539030719180315590258&startTs=1784601487&endTs=1784602147&fidelity=1
0xc01ff7687f1380629b83fcd7b6767875c399cd8e,1784601511,0x890fd937fad7d5eb59122c178db7e4b1df88a0e1677156f91c87d776eb33a2e1,87289153020438624185133745917582801462146777751867547625426938531048832890173,Will Liz Kendall be in the Burnham cabinet?,Yes,0.0906547967,0.297,0.299,0.2063452033,0.2083452033,11,,https://clob.polymarket.com/prices-history?market=87289153020438624185133745917582801462146777751867547625426938531048832890173&startTs=1784601451&endTs=1784602111&fidelity=1
0xc01ff7687f1380629b83fcd7b6767875c399cd8e,1784601450,0x0bb0db18c9c18517be3ce5813c79eee44a29104df7a5b5c597f045e84d8bd8a3,20207586104970136953097071329645830888991545655779643345110483391265789483447,Will Jacqui Smith be in the Burnham cabinet?,Yes,0.0507380077,,,,,0,RuntimeError('https://clob.polymarket.com/prices-history?market=20207586104970136953097071329645830888991545655779643345110483391265789483447&startTs=1784601390&endTs=1784602050&fidelity=1: HTTP Error 500: Internal Server Error'),https://clob.polymarket.com/prices-history?market=20207586104970136953097071329645830888991545655779643345110483391265789483447&startTs=1784601390&endTs=1784602050&fidelity=1
0xc01ff7687f1380629b83fcd7b6767875c399cd8e,1784574909,0xfdd8daeffb5fd1f0c2bedab6ff47b82a38dc191d93ae716bbe969a58837a0a85,4837976565798301739628260816134562489785517120997705774667172101959638906294,Will Russell Fry be the new Republican nominee for Senate in South Carolina?,Yes,0.1364902866,0.135,0.145,-0.0014902866000000015,0.00850971339999998,11,,https://clob.polymarket.com/prices-history?market=4837976565798301739628260816134562489785517120997705774667172101959638906294&startTs=1784574849&endTs=1784575509&fidelity=1
0xc01ff7687f1380629b83fcd7b6767875c399cd8e,1784572954,0x0aedcc131d8e0de2334446b102c312df5ed147ae682b02c2093877ebc5658eff,29465168305538089489040564535077459022674974385518275168298154359134223314868,Will John Stevens get second place in the Clacton by-election?,Yes,0.136411661,0.1655,0.133,0.02908833900000002,-0.0034116609999999825,11,,https://clob.polymarket.com/prices-history?market=29465168305538089489040564535077459022674974385518275168298154359134223314868&startTs=1784572894&endTs=1784573554&fidelity=1
0xc8ec6d4cef5c5fe8409ef69303c37f05b678e8f1,1784306389,0x4b045e092c3166aa29d4864c11dffe7e316daafdac5677f11aa5cd16065fd042,21489275813654264105403246157265887827595023709508765470113828829105196462288,Spain vs. Argentina: Team to Advance,Spain,0.6,,,,,0,RuntimeError('https://clob.polymarket.com/prices-history?market=21489275813654264105403246157265887827595023709508765470113828829105196462288&startTs=1784306329&endTs=1784306989&fidelity=1: HTTP Error 500: Internal Server Error'),https://clob.polymarket.com/prices-history?market=21489275813654264105403246157265887827595023709508765470113828829105196462288&startTs=1784306329&endTs=1784306989&fidelity=1
0xc8ec6d4cef5c5fe8409ef69303c37f05b678e8f1,1784306362,0xbe832aed1b062ba17cf9a41becbbbb47546c786764370433f1ffc4e45eb19c01,112506135920499895973036194948205811788595587475440410000783705571222669619858,Exact Score: Any Other Score?,Yes,0.05,,,,,0,RuntimeError('https://clob.polymarket.com/prices-history?market=112506135920499895973036194948205811788595587475440410000783705571222669619858&startTs=1784306302&endTs=1784306962&fidelity=1: HTTP Error 500: Internal Server Error'),https://clob.polymarket.com/prices-history?market=112506135920499895973036194948205811788595587475440410000783705571222669619858&startTs=1784306302&endTs=1784306962&fidelity=1
0xc8ec6d4cef5c5fe8409ef69303c37f05b678e8f1,1784306337,0x8e5ca27d3dc12409efec1afd6e198ffa2c71122e57c45e3c89e50cf80137a6b1,7021530639078779013734059268307729540470749823782052736997993054767028914999,Exact Score: Spain 3 - 1 Argentina?,Yes,0.038,,,,,0,RuntimeError('https://clob.polymarket.com/prices-history?market=7021530639078779013734059268307729540470749823782052736997993054767028914999&startTs=1784306277&endTs=1784306937&fidelity=1: HTTP Error 500: Internal Server Error'),https://clob.polymarket.com/prices-history?market=7021530639078779013734059268307729540470749823782052736997993054767028914999&startTs=1784306277&endTs=1784306937&fidelity=1
0xc8ec6d4cef5c5fe8409ef69303c37f05b678e8f1,1784306307,0xbdef8b9cd2d2fa77ded61c7944faa2104e69dcf544cc3eadddf2e1088aad3551,9849551241373217468398926116494361037206032495449574957261289531683799404303,Exact Score: Spain 3 - 0 Argentina?,Yes,0.0366867279,,,,,0,RuntimeError('https://clob.polymarket.com/prices-history?market=9849551241373217468398926116494361037206032495449574957261289531683799404303&startTs=1784306247&endTs=1784306907&fidelity=1: HTTP Error 500: Internal Server Error'),https://clob.polymarket.com/prices-history?market=9849551241373217468398926116494361037206032495449574957261289531683799404303&startTs=1784306247&endTs=1784306907&fidelity=1
0xc8ec6d4cef5c5fe8409ef69303c37f05b678e8f1,1784064044,0x776956c5185fb6e9115e4a52fb0a8386172cae91d6812b447795fb171f478a69,91458181621883013940102695027177858694251312846866974959991144943457909539098,England vs. Argentina: Team to Advance,England,0.54,0.53875,0.53875,-0.0012500000000000844,-0.0012500000000000844,11,,https://clob.polymarket.com/prices-history?market=91458181621883013940102695027177858694251312846866974959991144943457909539098&startTs=1784063984&endTs=1784064644&fidelity=1
0xc8ec6d4cef5c5fe8409ef69303c37f05b678e8f1,1784063707,0xd7e906eaec2c7f66697447785aa1d4fdaa82f536ca533a2bc0d3535b04e832ec,76566287087295827435308764386786851889389087110738113471533385073095798268787,Will Xi Jinping visit US before 2027?,No,0.07,0.105,0.11,0.03499999999999999,0.039999999999999994,11,,https://clob.polymarket.com/prices-history?market=76566287087295827435308764386786851889389087110738113471533385073095798268787&startTs=1784063647&endTs=1784064307&fidelity=1
0xc8ec6d4cef5c5fe8409ef69303c37f05b678e8f1,1783961153,0x7e80d9857d406827c02d34370bff20fe2b117e43a83bb1896b23d8602b3f774e,103116498241603214418152189048103959687217556411113450481649391833495957596108,Exact Score: Any Other Score?,Yes,0.08,0.075,0.075,-0.0050000000000000044,-0.0050000000000000044,11,,https://clob.polymarket.com/prices-history?market=103116498241603214418152189048103959687217556411113450481649391833495957596108&startTs=1783961093&endTs=1783961753&fidelity=1
0xc8ec6d4cef5c5fe8409ef69303c37f05b678e8f1,1783961143,0x7e8f012aea6d1e1d9458a0d1dd1981b62d64b0adfcdac8c4774802e514551816,27353467350246289772223364843902722775768411685128044864925002817054650080627,Exact Score: France 1 - 3 Spain?,Yes,0.0279999999,0.0275,0.0275,-0.0004999998999999991,-0.0004999998999999991,11,,https://clob.polymarket.com/prices-history?market=27353467350246289772223364843902722775768411685128044864925002817054650080627&startTs=1783961083&endTs=1783961743&fidelity=1
0xc8ec6d4cef5c5fe8409ef69303c37f05b678e8f1,1783961132,0x930902c2d044f9553dd49f032548351dcd9aeed9738e6c2acc24e5e16c1b8a89,49413479829090236936083192825193010929309496549334857950957178823397204545662,Exact Score: France 1 - 2 Spain?,Yes,0.0899999999,0.085,0.085,-0.004999999899999996,-0.004999999899999996,11,,https://clob.polymarket.com/prices-history?market=49413479829090236936083192825193010929309496549334857950957178823397204545662&startTs=1783961072&endTs=1783961732&fidelity=1
0xc8ec6d4cef5c5fe8409ef69303c37f05b678e8f1,1783961095,0x2042136f7dcd2876c7b0d34b457f4cebc9d93b7e90e1f716417bf76dfaca5c19,24148118160824419912123122307697860004472890553771727610684345949115963956931,Lamine Yamal: 2+ goals,Yes,0.0403008302,0.0435,0.044,0.0031991697999999985,0.003699169799999999,11,,https://clob.polymarket.com/prices-history?market=24148118160824419912123122307697860004472890553771727610684345949115963956931&startTs=1783961035&endTs=1783961695&fidelity=1
0xc8ec6d4cef5c5fe8409ef69303c37f05b678e8f1,1783961066,0x90b7cd251542663110b59b71555bdeef0577a3af53967ef549edc218214d006b,46753876118343792309145290607028666448925090099746345066507144631863737570410,Lamine Yamal: 1+ goals,Yes,0.25,,,,,0,RuntimeError('https://clob.polymarket.com/prices-history?market=46753876118343792309145290607028666448925090099746345066507144631863737570410&startTs=1783961006&endTs=1783961666&fidelity=1: HTTP Error 500: Internal Server Error'),https://clob.polymarket.com/prices-history?market=46753876118343792309145290607028666448925090099746345066507144631863737570410&startTs=1783961006&endTs=1783961666&fidelity=1
0xc8ec6d4cef5c5fe8409ef69303c37f05b678e8f1,1783960288,0x8bf1c1536ecb1c08fe13c6b71e8ab1f58bf3461c4cb79f5f1679f869a06aef86,111604417349377875799825956621596386269673370070912696668140891647145772186047,Will there be no change in Fed interest rates after the July 2026 meeting?,Yes,0.62,0.645,0.665,0.025000000000000022,0.04500000000000004,11,,https://clob.polymarket.com/prices-history?market=111604417349377875799825956621596386269673370070912696668140891647145772186047&startTs=1783960228&endTs=1783960888&fidelity=1
0xd3ecb2aee0d65622da559ff356b00e8c2e626603,1785054090,0xa08a5ce99e14ce0b22767af6f16c08a2ab012249444c20887193a9a3e98e11fc,111344475342969784116702975577723982549674037196345086059563486202499238579830,Strait of Hormuz traffic returns to normal by September 30?,No,0.74,0.74,0.745,0.0,0.0050000000000000044,11,,https://clob.polymarket.com/prices-history?market=111344475342969784116702975577723982549674037196345086059563486202499238579830&startTs=1785054030&endTs=1785054690&fidelity=1
0xd3ecb2aee0d65622da559ff356b00e8c2e626603,1784927094,0x02ef0212c2f2932e654ebdc97a380f12cd287dd455f0c3291da639ea86e03bc5,23710880377730585113303421826283476810088680792297893765628735113405057597738,Will there be between 34 and 36 average daily transits of the Bab el-Mandeb Strait on July 31?,No,0.8423455825,,,,,0,RuntimeError('https://clob.polymarket.com/prices-history?market=23710880377730585113303421826283476810088680792297893765628735113405057597738&startTs=1784927034&endTs=1784927694&fidelity=1: HTTP Error 500: Internal Server Error'),https://clob.polymarket.com/prices-history?market=23710880377730585113303421826283476810088680792297893765628735113405057597738&startTs=1784927034&endTs=1784927694&fidelity=1
0xd3ecb2aee0d65622da559ff356b00e8c2e626603,1784846892,0x31327c6fbdc70a44d97f8e8973f536b6a748e01b4c0ca5549ed0910c703b1d7b,8310650677069487821478025416478130051168635736368290554555541536659374960027,Bab el-Mandeb Strait effectively closed by August 31?,No,0.8261048718,0.85,0.835,0.02389512819999995,0.008895128199999935,11,,https://clob.polymarket.com/prices-history?market=8310650677069487821478025416478130051168635736368290554555541536659374960027&startTs=1784846832&endTs=1784847492&fidelity=1
0xd3ecb2aee0d65622da559ff356b00e8c2e626603,1784069054,0x23667427b34ca1c7144d50540beba9e7ffb608443a84252c194bb8b40919a0cb,96617355657240891513273770775614816471287728266266102664567788573610349264687,"US-Iran Final Nuclear Deal by September 30, 2026?",No,0.87,0.875,0.875,0.0050000000000000044,0.0050000000000000044,11,,https://clob.polymarket.com/prices-history?market=96617355657240891513273770775614816471287728266266102664567788573610349264687&startTs=1784068994&endTs=1784069654&fidelity=1
0xd3ecb2aee0d65622da559ff356b00e8c2e626603,1784068847,0xeb1c9b9a77915609b021d6a80d849e70a7a7a3794b8ba6fdb5d6f00f9cc019b5,88509756147117974161819704911234056439101248286713269153285304071228085766956,Will there be between 0 and 20 average daily transits of the Strait of Hormuz on July 31?,Yes,0.6716081081,,,,,0,RuntimeError('https://clob.polymarket.com/prices-history?market=88509756147117974161819704911234056439101248286713269153285304071228085766956&startTs=1784068787&endTs=1784069447&fidelity=1: HTTP Error 500: Internal Server Error'),https://clob.polymarket.com/prices-history?market=88509756147117974161819704911234056439101248286713269153285304071228085766956&startTs=1784068787&endTs=1784069447&fidelity=1
0xd3ecb2aee0d65622da559ff356b00e8c2e626603,1783765303,0x60c2c085ee8c16bc8f2419739a94971d4c9d00f637ead10fc0f540afa1be64e8,90869494087977018607792751230236923002303032923064138180950209430688758061828,Strait of Hormuz traffic returns to normal by August 31?,No,0.78,,,,,0,RuntimeError('https://clob.polymarket.com/prices-history?market=90869494087977018607792751230236923002303032923064138180950209430688758061828&startTs=1783765243&endTs=1783765903&fidelity=1: HTTP Error 500: Internal Server Error'),https://clob.polymarket.com/prices-history?market=90869494087977018607792751230236923002303032923064138180950209430688758061828&startTs=1783765243&endTs=1783765903&fidelity=1
0xd3ecb2aee0d65622da559ff356b00e8c2e626603,1782416837,0xa592b90f0ef30b33674d773ac1618a84c7170a97f92df7e5cf507317ad5113a4,23186742878045443460466760905227215906420144545127815419870538888076062823399,Strait of Hormuz traffic returns to normal by July 7?,No,0.86,,,,,0,RuntimeError('https://clob.polymarket.com/prices-history?market=23186742878045443460466760905227215906420144545127815419870538888076062823399&startTs=1782416777&endTs=1782417437&fidelity=1: HTTP Error 500: Internal Server Error'),https://clob.polymarket.com/prices-history?market=23186742878045443460466760905227215906420144545127815419870538888076062823399&startTs=1782416777&endTs=1782417437&fidelity=1
0xd3ecb2aee0d65622da559ff356b00e8c2e626603,1782341402,0x077ec27291736e5ef3aa3a7eb9dd9d924c996544cbb502f712327e5e7c78a8fa,37689851913533805106084229810088438068294778860569522906707720207138408852222,Will Bridget Phillipson be in the Burnham cabinet?,Yes,0.47,,,,,0,RuntimeError('https://clob.polymarket.com/prices-history?market=37689851913533805106084229810088438068294778860569522906707720207138408852222&startTs=1782341342&endTs=1782342002&fidelity=1: HTTP Error 500: Internal Server Error'),https://clob.polymarket.com/prices-history?market=37689851913533805106084229810088438068294778860569522906707720207138408852222&startTs=1782341342&endTs=1782342002&fidelity=1
0xd3ecb2aee0d65622da559ff356b00e8c2e626603,1782341153,0x6f1e5540d098eb5f40b8b1acf2591b498d6d94884b9832be6e8ba310dbc8c849,53094013017042734650653135304030290729851937560820903465284901412503265786353,Will David Lammy be in the Burnham cabinet?,No,0.555,0.56,0.555,0.0050000000000000044,0.0,11,,https://clob.polymarket.com/prices-history?market=53094013017042734650653135304030290729851937560820903465284901412503265786353&startTs=1782341093&endTs=1782341753&fidelity=1
0xd3ecb2aee0d65622da559ff356b00e8c2e626603,1782341120,0x0d7ceb075dbf2cae08611466b6450e34a62424c52411278770dc52d1f0c6a0f4,94890915040196321283122439904496008961998602985640116995259815774531968520120,Will Rachel Reeves be in the Burnham cabinet?,No,0.3053744407,0.395,0.495,0.08962555929999999,0.18962555929999997,11,,https://clob.polymarket.com/prices-history?market=94890915040196321283122439904496008961998602985640116995259815774531968520120&startTs=1782341060&endTs=1782341720&fidelity=1
0xd3ecb2aee0d65622da559ff356b00e8c2e626603,1782340381,0x594d10c0fc6a99c6d38721b497cf4c18bd01728d68eef19984dd3703234ef100,1919821963264881609246544866388503468121156142156160197770849625333051093672,Will the next UK Prime Minister be appointed by July 19?,Yes,0.9,0.905,0.905,0.0050000000000000044,0.0050000000000000044,11,,https://clob.polymarket.com/prices-history?market=1919821963264881609246544866388503468121156142156160197770849625333051093672&startTs=1782340321&endTs=1782340981&fidelity=1
0xd3ecb2aee0d65622da559ff356b00e8c2e626603,1782084161,0x779fc5b3f3aaa199c81492d96bd47784c28df89b8d62389ef8cb37e462a3bba6,63309336009426844913419790648204816733448924061786541265726095944433118662333,"Starmer out by June 25, 2026?",Yes,0.9,0.89,0.895,-0.010000000000000009,-0.0050000000000000044,11,,https://clob.polymarket.com/prices-history?market=63309336009426844913419790648204816733448924061786541265726095944433118662333&startTs=1782084101&endTs=1782084761&fidelity=1
0xd426adbc3c4461c86099c26221c877f20e42334a,1785156540,0x2167ab5c0d163f85195ccea4d11734e4ba53913c838c6720fb815794128c68f2,55312781745086958549818693395440531431492427818819125634808790042923674294197,China x Philippines military clash before 2027?,No,0.7200000081,,,,,0,RuntimeError('https://clob.polymarket.com/prices-history?market=55312781745086958549818693395440531431492427818819125634808790042923674294197&startTs=1785156480&endTs=1785157140&fidelity=1: HTTP Error 500: Internal Server Error'),https://clob.polymarket.com/prices-history?market=55312781745086958549818693395440531431492427818819125634808790042923674294197&startTs=1785156480&endTs=1785157140&fidelity=1
0xd426adbc3c4461c86099c26221c877f20e42334a,1785155031,0x0f49db97f71c68b1e42a6d16e3de93d85dbf7d4148e3f018eb79e88554be9f75,54533043819946592547517511176940999955633860128497669742211153063842200957669,Will Gavin Newsom win the 2028 Democratic presidential nomination?,Yes,0.196,0.1945,0.1945,-0.0015000000000000013,-0.0015000000000000013,11,,https://clob.polymarket.com/prices-history?market=54533043819946592547517511176940999955633860128497669742211153063842200957669&startTs=1785154971&endTs=1785155631&fidelity=1
0xd426adbc3c4461c86099c26221c877f20e42334a,1785151180,0x64e2986a47cc4e152b9ab5010f16d17ddc62035ff113c07544c4d05db08ff083,83216823953612722290299184695395933387697494244874800077980317676203427481668,US announces halt in Iran offensive operations by August 15?,Yes,0.59,0.61,0.565,0.020000000000000018,-0.025000000000000022,11,,https://clob.polymarket.com/prices-history?market=83216823953612722290299184695395933387697494244874800077980317676203427481668&startTs=1785151120&endTs=1785151780&fidelity=1
0xd426adbc3c4461c86099c26221c877f20e42334a,1785150532,0xb49a2d10b3a7638874ce52f167c82f484acbaa7e5ae1a36d74805e5842b26257,36768208818968297335407118367646907636174989129177755123949738723705030744276,Will Russia capture all of Huliaipole by September 30?,No,0.04,,,,,0,RuntimeError('https://clob.polymarket.com/prices-history?market=36768208818968297335407118367646907636174989129177755123949738723705030744276&startTs=1785150472&endTs=1785151132&fidelity=1: HTTP Error 500: Internal Server Error'),https://clob.polymarket.com/prices-history?market=36768208818968297335407118367646907636174989129177755123949738723705030744276&startTs=1785150472&endTs=1785151132&fidelity=1
0xd426adbc3c4461c86099c26221c877f20e42334a,1785150148,0x7de40f0990c2598fdaff0d259d0b2bad2dc284d74c510530c740f18394a6771d,80400842851987225680167932398422663044133793733584459608822552602210158145232,US reissues Iran oil sanction relief by August 31?,No,0.49,0.565,0.565,0.07499999999999996,0.07499999999999996,11,,https://clob.polymarket.com/prices-history?market=80400842851987225680167932398422663044133793733584459608822552602210158145232&startTs=1785150088&endTs=1785150748&fidelity=1
0xd426adbc3c4461c86099c26221c877f20e42334a,1785089436,0x8a0beb83f19c24d8682e63ec020d689e4b0582fe830cd9416bd041644153a6d6,99799316356087336773336214313587714534023981587877819751412539238991640378135,US reissues Iran oil sanction relief by July 31?,No,0.86,0.87,0.865,0.010000000000000009,0.0050000000000000044,11,,https://clob.polymarket.com/prices-history?market=99799316356087336773336214313587714534023981587877819751412539238991640378135&startTs=1785089376&endTs=1785090036&fidelity=1
0xd426adbc3c4461c86099c26221c877f20e42334a,1785085932,0x06c901b3983cd58bec34252a72a74d4a2f2a64e6ad359967a864dc424997967a,27439106235775318645595032971458838971379139916658536272028798702332813745098,Will Russia capture Kostyantynivka by July 31?,No,0.848,,,,,0,RuntimeError('https://clob.polymarket.com/prices-history?market=27439106235775318645595032971458838971379139916658536272028798702332813745098&startTs=1785085872&endTs=1785086532&fidelity=1: HTTP Error 500: Internal Server Error'),https://clob.polymarket.com/prices-history?market=27439106235775318645595032971458838971379139916658536272028798702332813745098&startTs=1785085872&endTs=1785086532&fidelity=1
0xd426adbc3c4461c86099c26221c877f20e42334a,1785081027,0x6c3f1009a0c91ba9f7aae44aeadf86863b0d433b60f7a090fd00c945019aa32f,10861802947610899379330568332287100318869035186187733531205554992019689450318,"Russia x Ukraine ceasefire agreement by October 31, 2026?",Yes,0.18,0.185,0.185,0.0050000000000000044,0.0050000000000000044,11,,https://clob.polymarket.com/prices-history?market=10861802947610899379330568332287100318869035186187733531205554992019689450318&startTs=1785080967&endTs=1785081627&fidelity=1
0xd426adbc3c4461c86099c26221c877f20e42334a,1785079552,0x6c58bfcdfd03d3aeb4f973dfe8b70f88d8e9bd630a421222682efb2cc0f05fb0,18461713244315733255148458597513291215805839452319493129217593330547327892381,"Will 30 ships transit the Strait of Hormuz on any day by July 31, 2026?",No,0.8480000183,0.859,0.859,0.010999981699999939,0.010999981699999939,11,,https://clob.polymarket.com/prices-history?market=18461713244315733255148458597513291215805839452319493129217593330547327892381&startTs=1785079492&endTs=1785080152&fidelity=1
0xd426adbc3c4461c86099c26221c877f20e42334a,1785077698,0xb897532933994920be0952eb4d76458c98eaaf2e4b992061ba9a804e91cee392,5171771136175462749917211979004914310492684153094569326873470540382155462221,Trump meets with Putin by September 30?,Yes,0.1,0.105,0.105,0.0049999999999999906,0.0049999999999999906,11,,https://clob.polymarket.com/prices-history?market=5171771136175462749917211979004914310492684153094569326873470540382155462221&startTs=1785077638&endTs=1785078298&fidelity=1
0xd426adbc3c4461c86099c26221c877f20e42334a,1785077016,0xa3b36b2d6104d34af4e6c6215fc818e43352e78a748fbfb0b85e3a35f71dec9a,5615282760875985231868508008056959876238536896643315063916840237042205273721,Will there be no change in Fed interest rates after the September 2026 meeting?,Yes,0.41,,,,,0,RuntimeError('https://clob.polymarket.com/prices-history?market=5615282760875985231868508008056959876238536896643315063916840237042205273721&startTs=1785076956&endTs=1785077616&fidelity=1: HTTP Error 500: Internal Server Error'),https://clob.polymarket.com/prices-history?market=5615282760875985231868508008056959876238536896643315063916840237042205273721&startTs=1785076956&endTs=1785077616&fidelity=1
0xd426adbc3c4461c86099c26221c877f20e42334a,1785076750,0xce407ea0e9cf6b1ec7bda7e2f531ae34a9abcebfe0dc17d46daf250b1f674608,113508646298643041922546071267829771980809434246521415683623185275359962921543,Will Strait of Hormuz traffic return to normal in August?,Yes,0.14,,,,,0,RuntimeError('https://clob.polymarket.com/prices-history?market=113508646298643041922546071267829771980809434246521415683623185275359962921543&startTs=1785076690&endTs=1785077350&fidelity=1: HTTP Error 500: Internal Server Error'),https://clob.polymarket.com/prices-history?market=113508646298643041922546071267829771980809434246521415683623185275359962921543&startTs=1785076690&endTs=1785077350&fidelity=1
0xdf705353876ceb2549f0c03ffcb4cba33d785e92,1785253435,0xd8b94a79241263ba30e9cd7f58e88bf2a9013ce2ccdce73606916b2f53033466,56043615198005697089168366624616745634290362224835027099498902264612786224173,Will James Fishback be the Republican nominee for Florida Governor?,No,0.971585362,,,,,0,RuntimeError('https://clob.polymarket.com/prices-history?market=56043615198005697089168366624616745634290362224835027099498902264612786224173&startTs=1785253375&endTs=1785254035&fidelity=1: HTTP Error 500: Internal Server Error'),https://clob.polymarket.com/prices-history?market=56043615198005697089168366624616745634290362224835027099498902264612786224173&startTs=1785253375&endTs=1785254035&fidelity=1
0xdf705353876ceb2549f0c03ffcb4cba33d785e92,1785252907,0xd5dd1a5398c0b428035211c83348af8b97d2b31f72cf198bdbadcfb3538ca2d4,69255676899700790711525989127308958019475795404138315524495668898066870353801,"Putin out as President of Russia by August 31, 2026?",No,0.9848469895,,,,,0,RuntimeError('https://clob.polymarket.com/prices-history?market=69255676899700790711525989127308958019475795404138315524495668898066870353801&startTs=1785252847&endTs=1785253507&fidelity=1: HTTP Error 500: Internal Server Error'),https://clob.polymarket.com/prices-history?market=69255676899700790711525989127308958019475795404138315524495668898066870353801&startTs=1785252847&endTs=1785253507&fidelity=1
0xdf705353876ceb2549f0c03ffcb4cba33d785e92,1785002779,0x4ede078cae84a5877ac32d7fb48811e5c23549a1904b7df06ff7935c6d79d831,90713175285238837229141362456380660699457701142142655731293716395090014512187,Will the Fed decrease interest rates by 25 bps after the July 2026 meeting?,No,0.996,0.9955,0.9955,-0.0004999999999999449,-0.0004999999999999449,11,,https://clob.polymarket.com/prices-history?market=90713175285238837229141362456380660699457701142142655731293716395090014512187&startTs=1785002719&endTs=1785003379&fidelity=1
0xdf705353876ceb2549f0c03ffcb4cba33d785e92,1785001846,0x80b3af88cb991980e8da1ce86b9794a0957f96ec98c29319dd7ba65e9744d82b,75028752776148090296091099469912621384650554615761384992997579209329182670110,Fed rate hike in 2026?,Yes,0.73,,,,,0,RuntimeError('https://clob.polymarket.com/prices-history?market=75028752776148090296091099469912621384650554615761384992997579209329182670110&startTs=1785001786&endTs=1785002446&fidelity=1: HTTP Error 500: Internal Server Error'),https://clob.polymarket.com/prices-history?market=75028752776148090296091099469912621384650554615761384992997579209329182670110&startTs=1785001786&endTs=1785002446&fidelity=1
0xdf705353876ceb2549f0c03ffcb4cba33d785e92,1785001818,0xc11f41372087c4d934ae7adb869ff08272b2bcb3e242d4e628330353c130e480,41891626705072796463652186951603605384016957343429878758408823291731995289417,"Iran agrees to surrender enriched uranium stockpile by July 31, 2026?",No,0.993,0.9925,0.9925,-0.0004999999999999449,-0.0004999999999999449,11,,https://clob.polymarket.com/prices-history?market=41891626705072796463652186951603605384016957343429878758408823291731995289417&startTs=1785001758&endTs=1785002418&fidelity=1
0xdf705353876ceb2549f0c03ffcb4cba33d785e92,1784548561,0xc0b7319f73f248310b059c231fb069e64dbd68ca81dd9933728ca192b54c3cc4,64778757908501179476331390591326653229579537200061619395979045269181713848562,Will Trump be in the WC Champions Photo?,Yes,0.994,0.9935,0.9935,-0.0004999999999999449,-0.0004999999999999449,11,,https://clob.polymarket.com/prices-history?market=64778757908501179476331390591326653229579537200061619395979045269181713848562&startTs=1784548501&endTs=1784549161&fidelity=1
0xdf705353876ceb2549f0c03ffcb4cba33d785e92,1783949617,0xae341ea8a55bc9391a0deaca1897ac1db0bdeb074ea022f988d53dcb5d09bad9,33995819190275829652041393687244324620502613346201570250334393910357497825975,Will Nigel Farage win at least 80% of votes in the Clacton parliamentary by-election?,No,0.83,0.835,0.835,0.0050000000000000044,0.0050000000000000044,11,,https://clob.polymarket.com/prices-history?market=33995819190275829652041393687244324620502613346201570250334393910357497825975&startTs=1783949557&endTs=1783950217&fidelity=1
0xdf705353876ceb2549f0c03ffcb4cba33d785e92,1783508141,0x95a7c8f39ccda84bf59b54c474f2a006cbc4167737630365f416670466b37ab9,96493470136581654430268359631814450290137534659017161119334974730318350734648,Will Nigel Farage win the Clacton by-election?,Yes,0.9,,,,,0,RuntimeError('https://clob.polymarket.com/prices-history?market=96493470136581654430268359631814450290137534659017161119334974730318350734648&startTs=1783508081&endTs=1783508741&fidelity=1: HTTP Error 500: Internal Server Error'),https://clob.polymarket.com/prices-history?market=96493470136581654430268359631814450290137534659017161119334974730318350734648&startTs=1783508081&endTs=1783508741&fidelity=1
0xdf705353876ceb2549f0c03ffcb4cba33d785e92,1783506136,0x513bf1706e9cbf61b7cc56f12803b1b72a522bae3c5157e7b356abdf36e2e72d,32297803302993713313108060905404383549758162417221119670561510997445538824361,Will Count Binface win the Clacton by-election?,No,0.9377912678,0.9395,0.9395,0.0017087322000000071,0.0017087322000000071,11,,https://clob.polymarket.com/prices-history?market=32297803302993713313108060905404383549758162417221119670561510997445538824361&startTs=1783506076&endTs=1783506736&fidelity=1
0xdf705353876ceb2549f0c03ffcb4cba33d785e92,1783505912,0x4cd035dcfb450c9a6bc9aa13f3aa94fabc01e47499d05d28ef653ef42939c364,64050273355694113671090110638685043795558853994186493795797238541534244584786,Will the Democrats win the New York governor race in 2026?,Yes,0.9,0.905,0.905,0.0050000000000000044,0.0050000000000000044,11,,https://clob.polymarket.com/prices-history?market=64050273355694113671090110638685043795558853994186493795797238541534244584786&startTs=1783505852&endTs=1783506512&fidelity=1
0xdf705353876ceb2549f0c03ffcb4cba33d785e92,1783505600,0x15ff2abf58c8da317ae5017c524d1a63c0b187d242a43133b3c1865123652931,94114201224211049031571044475406189237583412588859764322595606591995897942500,Will Spain reach the Semifinals at the 2026 FIFA World Cup?,Yes,0.75,,,,,0,RuntimeError('https://clob.polymarket.com/prices-history?market=94114201224211049031571044475406189237583412588859764322595606591995897942500&startTs=1783505540&endTs=1783506200&fidelity=1: HTTP Error 500: Internal Server Error'),https://clob.polymarket.com/prices-history?market=94114201224211049031571044475406189237583412588859764322595606591995897942500&startTs=1783505540&endTs=1783506200&fidelity=1
0xdf705353876ceb2549f0c03ffcb4cba33d785e92,1783505573,0x3910cb53f972d00c049ad674c1b183b375bd56786eb4c085ea217f84defdd1ca,89536067333293473447901433413782685510126736303748247526034263106383356680639,Will Argentina reach the Semifinals at the 2026 FIFA World Cup?,Yes,0.74,0.735,0.735,-0.0050000000000000044,-0.0050000000000000044,11,,https://clob.polymarket.com/prices-history?market=89536067333293473447901433413782685510126736303748247526034263106383356680639&startTs=1783505513&endTs=1783506173&fidelity=1
0xe32b46a28b649031939a78ee47fca260758a626e,1784946411,0xde64ee255bb862eb38ad6f6b1513b7319be4ed64f8f51b918df70fb7aabafe62,33093608922888147286706154010640082202171527078729738634138339917614798043597,Will Fred Clark be the WI-07 Democratic nominee?,No,0.1752167017,0.21,0.22,0.03478329829999999,0.044783298299999996,11,,https://clob.polymarket.com/prices-history?market=33093608922888147286706154010640082202171527078729738634138339917614798043597&startTs=1784946351&endTs=1784947011&fidelity=1
0xe32b46a28b649031939a78ee47fca260758a626e,1784770443,0x8c39e2ee7d85026ab1e23dd0ad927676f4c5b122051effafbe7764f817dbdc37,18211498853053333423641228987180359093999336274021434349711603499150495557508,No change in Reserve Bank of Australia's interest rates at the August 2026 meeting?,No,0.1187578118,0.14,0.145,0.02124218820000001,0.02624218819999999,11,,https://clob.polymarket.com/prices-history?market=18211498853053333423641228987180359093999336274021434349711603499150495557508&startTs=1784770383&endTs=1784771043&fidelity=1
0xe32b46a28b649031939a78ee47fca260758a626e,1784769897,0x26a6c7e4a905dfc13f23c44a8e41d0b96ad60569ef49869c46c237dfd8f3c003,39652532623602170846456682951463932352134896182641898905432425437612057868317,Will Darline Graham Nordone be the new republican nominee for Senate in South Carolina?,No,0.2870952381,0.297,0.296,0.009904761900000003,0.008904761900000002,11,,https://clob.polymarket.com/prices-history?market=39652532623602170846456682951463932352134896182641898905432425437612057868317&startTs=1784769837&endTs=1784770497&fidelity=1
0xe32b46a28b649031939a78ee47fca260758a626e,1784769807,0x61a5b075efdefbcbf563c65111907534c667a6905944ae2f5bafe72380da4a64,42971542795695377547859041103198480084393686186310028925079933041167552214358,"Will the next Google Gemini Pro model be released by August 7, 2026?",No,0.28,0.315,0.32,0.034999999999999976,0.03999999999999998,11,,https://clob.polymarket.com/prices-history?market=42971542795695377547859041103198480084393686186310028925079933041167552214358&startTs=1784769747&endTs=1784770407&fidelity=1
0xe32b46a28b649031939a78ee47fca260758a626e,1784688763,0xa875e0b4802818c2ed51fa4a44eeb303d2a11b1df946de66c0444d80468e78b6,100268596602941774686897328445143323252864675868637226260206096004180596377901,Will Megan Degenfelder win the 2026 Wyoming Governor Republican primary election?,No,0.2641903676,0.269,0.269,0.004809632400000041,0.004809632400000041,11,,https://clob.polymarket.com/prices-history?market=100268596602941774686897328445143323252864675868637226260206096004180596377901&startTs=1784688703&endTs=1784689363&fidelity=1
0xe32b46a28b649031939a78ee47fca260758a626e,1784688514,0xbdee951d870b2e24184240d9ab6eb4471277ffb763219cd949da56ba60f0714b,94662398404714445192026806053011880202083704114201965721150639811653528772609,Will Trump speak to Emmanuel Macron in July?,Yes,0.3028298311,0.2825,0.288,-0.02032983110000003,-0.014829831100000024,11,,https://clob.polymarket.com/prices-history?market=94662398404714445192026806053011880202083704114201965721150639811653528772609&startTs=1784688454&endTs=1784689114&fidelity=1
0xe32b46a28b649031939a78ee47fca260758a626e,1784516733,0xc16fade4bbc06895f8e456e1e49c6aa51c1b2dc7f734b3ad8fe8a5900d6a4174,79611022727775559299699133592575884041932850761244270832805210045171973687507,Will Jim Schwartzel be the Republican nominee for FL-19?,No,0.5,0.514,0.5145,0.014000000000000012,0.014499999999999957,11,,https://clob.polymarket.com/prices-history?market=79611022727775559299699133592575884041932850761244270832805210045171973687507&startTs=1784516673&endTs=1784517333&fidelity=1
0xe32b46a28b649031939a78ee47fca260758a626e,1784516670,0x50cacbab136ddc10400b43c4509e3e3553968027eded0736ab1413caa0e85f6e,50264166706528566500816101197512321177588706274849183247130364225869623430812,Will Jay Feely be the Republican nominee for AZ-01?,No,0.1092513173,0.11,0.115,0.0007486827000000029,0.005748682700000007,11,,https://clob.polymarket.com/prices-history?market=50264166706528566500816101197512321177588706274849183247130364225869623430812&startTs=1784516610&endTs=1784517270&fidelity=1
0xe32b46a28b649031939a78ee47fca260758a626e,1784516613,0xc77337b8412059d0a17bb75ea0de2d398bf756464c76161582b22afe4777e3cc,4567517282186112560696420853023193838150072383801126897243092142264875387137,Will Alibaba have the best Chinese AI model at the end of July 2026?,No,0.3713639961,0.394,0.394,0.022636003900000035,0.022636003900000035,11,,https://clob.polymarket.com/prices-history?market=4567517282186112560696420853023193838150072383801126897243092142264875387137&startTs=1784516553&endTs=1784517213&fidelity=1
0xe32b46a28b649031939a78ee47fca260758a626e,1784434552,0x00925aafdbb3fbec14b49f343eb430ddb9cc1f827e5934b5513703d13f2851de,77885186559515168193088638331153829637301570053629161224842952688145755959633,Will Francesca Hong win the 2026 Wisconsin Governor Democratic primary election?,No,0.37468438,0.356,0.355,-0.01868438,-0.01968438,11,,https://clob.polymarket.com/prices-history?market=77885186559515168193088638331153829637301570053629161224842952688145755959633&startTs=1784434492&endTs=1784435152&fidelity=1
0xe32b46a28b649031939a78ee47fca260758a626e,1784434398,0x7a33d8449fa182fc9d6aa2fecaaa7b0b388db46e9b15993e436259c7724ce4a0,11602486086607661871891939245268775128461385748269556766556210376511850865058,"Will there be Houthi military action against Israel by July 31, 2026?",Yes,0.138789544,0.18,0.19,0.041210456000000006,0.051210456000000015,11,,https://clob.polymarket.com/prices-history?market=11602486086607661871891939245268775128461385748269556766556210376511850865058&startTs=1784434338&endTs=1784434998&fidelity=1
0xe32b46a28b649031939a78ee47fca260758a626e,1784318298,0xbd6602e1152e6557a87e6d0bad683a21a2d5fa9132872543170ed6c5d1c53ed0,81075576524984067620603988468740163262936701761106834168613710449287610065194,Will Mark Lamb be the Republican nominee for AZ-05?,No,0.1303213734,,,,,0,RuntimeError('https://clob.polymarket.com/prices-history?market=81075576524984067620603988468740163262936701761106834168613710449287610065194&startTs=1784318238&endTs=1784318898&fidelity=1: HTTP Error 500: Internal Server Error'),https://clob.polymarket.com/prices-history?market=81075576524984067620603988468740163262936701761106834168613710449287610065194&startTs=1784318238&endTs=1784318898&fidelity=1
0xf5592765133941c40c77e52bc56bbe7ec167f462,1785100813,0xbc2cab6671496f760cf7784d22f8f9c70a5231eaffad0108ec8f0b5a616785c8,80824554254077209098617116835308543146966107370694502774649618639552235172043,Los Angeles Angels vs. San Francisco Giants,Los Angeles Angels,0.8680769231,,,,,0,RuntimeError('https://clob.polymarket.com/prices-history?market=80824554254077209098617116835308543146966107370694502774649618639552235172043&startTs=1785100753&endTs=1785101413&fidelity=1: HTTP Error 500: Internal Server Error'),https://clob.polymarket.com/prices-history?market=80824554254077209098617116835308543146966107370694502774649618639552235172043&startTs=1785100753&endTs=1785101413&fidelity=1
0xf5592765133941c40c77e52bc56bbe7ec167f462,1785088206,0x8aaaca6ea5c037d3cdfe85272ab9029b7165694dcae8af0de5071f01a1a944f0,88095392088380018988811128905056685420681684247700244221273733002608971216833,Will AfD win the most seats in the 2026 Berlin state elections?,No,0.7792215234,0.783,0.783,0.0037784766000000802,0.0037784766000000802,11,,https://clob.polymarket.com/prices-history?market=88095392088380018988811128905056685420681684247700244221273733002608971216833&startTs=1785088146&endTs=1785088806&fidelity=1
0xf5592765133941c40c77e52bc56bbe7ec167f462,1785086647,0x2e97cbf73d9bcacc518bef9c09f08b404bbafe3a335bd44ff32ca2ecb7cd2f9c,99352558901957725043988063449761252819972744011112316541724837283061576619062,Counter-Strike: 100 Thieves vs Spirit (BO3) - BLAST Bounty Qualifier,Spirit,0.7198776208,,,,,0,RuntimeError('https://clob.polymarket.com/prices-history?market=99352558901957725043988063449761252819972744011112316541724837283061576619062&startTs=1785086587&endTs=1785087247&fidelity=1: HTTP Error 500: Internal Server Error'),https://clob.polymarket.com/prices-history?market=99352558901957725043988063449761252819972744011112316541724837283061576619062&startTs=1785086587&endTs=1785087247&fidelity=1
0xf5592765133941c40c77e52bc56bbe7ec167f462,1785086475,0x27ceebf061b2190aae38994b257b599a1bd4af26025a09f8609026c538741fe6,104837945974650253043651876055204791371975477640658571864638949002917260950075,Counter-Strike: 100 Thieves vs Spirit - Map 2 Winner,Spirit,0.76,0.755,0.755,-0.0050000000000000044,-0.0050000000000000044,11,,https://clob.polymarket.com/prices-history?market=104837945974650253043651876055204791371975477640658571864638949002917260950075&startTs=1785086415&endTs=1785087075&fidelity=1
0xf5592765133941c40c77e52bc56bbe7ec167f462,1785062481,0xb5c0abeecb5502e6e8d83155c27819174d8317af3c425c3afc5a8c45257a3793,102979714187432523726496609637889951679226430871494531752837414533106422105296,Will the Fed increase interest rates by 25 bps after the July 2026 meeting?,No,0.8059665501,0.8075,0.8075,0.001533449900000039,0.001533449900000039,11,,https://clob.polymarket.com/prices-history?market=102979714187432523726496609637889951679226430871494531752837414533106422105296&startTs=1785062421&endTs=1785063081&fidelity=1
0xf5592765133941c40c77e52bc56bbe7ec167f462,1785012688,0xaf0b6f53bbd46cc412847e9a8a69fbd78fe279119afbc2da2da13c30a443b71b,72788758025110958460573959431760474832363519283015323226596163188680348490710,Counter-Strike: Wildcard vs TheMongolz (BO3) - BLAST Bounty Qualifier,TheMongolz,0.68,0.675,0.675,-0.0050000000000000044,-0.0050000000000000044,11,,https://clob.polymarket.com/prices-history?market=72788758025110958460573959431760474832363519283015323226596163188680348490710&startTs=1785012628&endTs=1785013288&fidelity=1
0xf5592765133941c40c77e52bc56bbe7ec167f462,1785012616,0xb4d7aa4a9b32c5a5a7e576d19bb456cfb9f16d1a7c8f4e09150646329e1ee815,636971258674840369255215466131610547014591655625409654238418649258531441215,Map Handicap: FUT (-1.5) vs 3DMAX (+1.5),3DMAX,0.55,,,,,0,RuntimeError('https://clob.polymarket.com/prices-history?market=636971258674840369255215466131610547014591655625409654238418649258531441215&startTs=1785012556&endTs=1785013216&fidelity=1: HTTP Error 500: Internal Server Error'),https://clob.polymarket.com/prices-history?market=636971258674840369255215466131610547014591655625409654238418649258531441215&startTs=1785012556&endTs=1785013216&fidelity=1
0xf5592765133941c40c77e52bc56bbe7ec167f462,1785012586,0x0a391e981af1f4d5f0897a5ad85e5d24d6cc8759b0b53315f0e49b6518a2cdd4,106077972017514137385357282223841951909860992936274960638404143991734978995426,Counter-Strike: NIP vs paiN (BO3) - BLAST Bounty Qualifier,NIP,0.59,0.595,0.595,0.0050000000000000044,0.0050000000000000044,11,,https://clob.polymarket.com/prices-history?market=106077972017514137385357282223841951909860992936274960638404143991734978995426&startTs=1785012526&endTs=1785013186&fidelity=1
0xf5592765133941c40c77e52bc56bbe7ec167f462,1784999811,0x6a04fd3a95a6d2f66ee37aace95b1214d2a359056356c83e420867a5114c45bb,1963401220699950127481344259983163680195224207634371786342062493090959197464,Counter-Strike: FOKUS vs MOUZ (BO3) - BLAST Bounty Qualifier,MOUZ,0.79,,,,,0,RuntimeError('https://clob.polymarket.com/prices-history?market=1963401220699950127481344259983163680195224207634371786342062493090959197464&startTs=1784999751&endTs=1785000411&fidelity=1: HTTP Error 500: Internal Server Error'),https://clob.polymarket.com/prices-history?market=1963401220699950127481344259983163680195224207634371786342062493090959197464&startTs=1784999751&endTs=1785000411&fidelity=1
0xf5592765133941c40c77e52bc56bbe7ec167f462,1784981838,0x698a9ace59824b189429bac532bf837227899538aab66e382ffb777ab6a66a4b,26145115950285340316889704351871685878073333446890624152770055839517072229509,Counter-Strike: DENDELE CS vs FaZe (BO3) - BLAST Bounty Qualifier,DENDELE CS,0.5,0.49,0.295,-0.010000000000000009,-0.20500000000000002,11,,https://clob.polymarket.com/prices-history?market=26145115950285340316889704351871685878073333446890624152770055839517072229509&startTs=1784981778&endTs=1784982438&fidelity=1
0xf5592765133941c40c77e52bc56bbe7ec167f462,1784975106,0x1854f6cdb1ef59bef6a9766def5feadfd182dee9108ca118616016593dac0370,108405820640186230857158878107267962946836821527385192779480546292747517315867,Counter-Strike: Liquid vs G2 (BO3) - BLAST Bounty Qualifier,Liquid,0.34,0.335,0.335,-0.0050000000000000044,-0.0050000000000000044,10,,https://clob.polymarket.com/prices-history?market=108405820640186230857158878107267962946836821527385192779480546292747517315867&startTs=1784975046&endTs=1784975706&fidelity=1
0xf5592765133941c40c77e52bc56bbe7ec167f462,1784970928,0xa68b0238413af58e69cffd60777b6496183f9fb249e3dd7aea703d57bc96d1cd,86627458865926147402529961180864438819595769181138695291482661374568027477086,Counter-Strike: HOTU vs Astralis (BO3) - BLAST Bounty Qualifier,HOTU,0.39,0.385,0.395,-0.0050000000000000044,0.0050000000000000044,11,,https://clob.polymarket.com/prices-history?market=86627458865926147402529961180864438819595769181138695291482661374568027477086&startTs=1784970868&endTs=1784971528&fidelity=1
0xfe724b7046696c9c431ae331c3d29816b4799025,1785249982,0x073ca5657f1176276aab63652f31aa3c80aa07b4cd28c299373bbc264c5e13a9,3253266438640589916367220273721046444105089880635011272452961047056509745530,Will the next Google Gemini Pro model added to the Arena Leaderboard debut at a score of at least 1510?,Yes,0.0899999992,0.29,0.33,0.20000000079999997,0.2400000008,10,,https://clob.polymarket.com/prices-history?market=3253266438640589916367220273721046444105089880635011272452961047056509745530&startTs=1785249922&endTs=1785250582&fidelity=1
0xfe724b7046696c9c431ae331c3d29816b4799025,1785071331,0x93faa0240e1ad5a847b8d6bfb998c33ab4d520e4e57568f2cbdbedba02d00c7b,77670425833373845322029967620049286657993429441551512693507138285138967566774,"Will the next Claude Opus debut at a score of at least 1500 by December 31, 2026?",Yes,0.32,0.315,0.315,-0.0050000000000000044,-0.0050000000000000044,11,,https://clob.polymarket.com/prices-history?market=77670425833373845322029967620049286657993429441551512693507138285138967566774&startTs=1785071271&endTs=1785071931&fidelity=1
0xfe724b7046696c9c431ae331c3d29816b4799025,1785071149,0x0cabaf08be1954680599a1cc5d3f715558d8880b6bcb819d2e32ca404c400b35,52897893276285627510690194142963884799788689807458708980439810896103687693971,"Will the next Claude Opus debut at a score of at least 1490 by December 31, 2026?",Yes,0.5318181818,0.57,0.55,0.038181818199999995,0.01818181820000009,11,,https://clob.polymarket.com/prices-history?market=52897893276285627510690194142963884799788689807458708980439810896103687693971&startTs=1785071089&endTs=1785071749&fidelity=1
0xfe724b7046696c9c431ae331c3d29816b4799025,1784998458,0x0a7e71104968403d863330abe7a4b7c1871281e96e878761ba49d75d6b6a57a4,11280558115936456585904675567640707056155241092370692901368524463925928600842,"Will GPT-6 be released by July 31, 2026? ",Yes,0.01,0.0105,0.0105,0.0005000000000000004,0.0005000000000000004,11,,https://clob.polymarket.com/prices-history?market=11280558115936456585904675567640707056155241092370692901368524463925928600842&startTs=1784998398&endTs=1784999058&fidelity=1
0xfe724b7046696c9c431ae331c3d29816b4799025,1784826633,0x78322c43b6c76c3f29208ae75bf81d455c3b3b803c891a8945e25fe4376a3a8e,66006680389192620317816056197058298603060937483253191311974086024874814208778,"Will the next Claude Opus model be released by July 24, 2026?",No,0.3688160991,0.27,0.235,-0.0988160991,-0.13381609910000003,11,,https://clob.polymarket.com/prices-history?market=66006680389192620317816056197058298603060937483253191311974086024874814208778&startTs=1784826573&endTs=1784827233&fidelity=1
0xfe724b7046696c9c431ae331c3d29816b4799025,1784824512,0x25ecc56fd4f2853fa7f7a1068d9cbab84bfebada5eae442610f0e4547c50e1e1,113446147586391875052507710682636785103480710135070084084387922078132857030777,"Will the next Claude Opus model be released by July 23, 2026?",No,0.2694819809,0.225,0.305,-0.04448198089999997,0.03551801910000002,10,,https://clob.polymarket.com/prices-history?market=113446147586391875052507710682636785103480710135070084084387922078132857030777&startTs=1784824452&endTs=1784825112&fidelity=1
0xfe724b7046696c9c431ae331c3d29816b4799025,1784205332,0x6f8418db623fb6fc23e7b2fa9eba751865973e76d2533b4f1de5627255c61b72,14333746604194430020500398947469076839435740803390369576285454199202759611203,"Will the next Claude Opus model be released by July 16, 2026?",Yes,0.04,,,,,0,RuntimeError('https://clob.polymarket.com/prices-history?market=14333746604194430020500398947469076839435740803390369576285454199202759611203&startTs=1784205272&endTs=1784205932&fidelity=1: HTTP Error 500: Internal Server Error'),https://clob.polymarket.com/prices-history?market=14333746604194430020500398947469076839435740803390369576285454199202759611203&startTs=1784205272&endTs=1784205932&fidelity=1
0xfe724b7046696c9c431ae331c3d29816b4799025,1784009797,0x33202ea27cf7fbf8d387c6ef1e0eb956dc999ffb96385b6fe67b84ea4a364952,44468469502362896904382382268326429514759034374954168469772685401278157136699,Will Anthropic extend Claude Fable 5 paid-plan access again by July 19?,No,0.5288954763,0.52,0.52,-0.008895476299999983,-0.008895476299999983,11,,https://clob.polymarket.com/prices-history?market=44468469502362896904382382268326429514759034374954168469772685401278157136699&startTs=1784009737&endTs=1784010397&fidelity=1
0xfe724b7046696c9c431ae331c3d29816b4799025,1783877876,0x7b2b0ac174514a7ec6351f91a01edd5064cf670c29f539cdfcc4d88bdb9937d0,24842837270178563045080596501119383388959231063439941109817831657351105273923,"Will the next Claude Opus model be released by July 31, 2026?",Yes,0.79,0.795,0.785,0.0050000000000000044,-0.0050000000000000044,11,,https://clob.polymarket.com/prices-history?market=24842837270178563045080596501119383388959231063439941109817831657351105273923&startTs=1783877816&endTs=1783878476&fidelity=1
0xfe724b7046696c9c431ae331c3d29816b4799025,1783850258,0x995c6e62d515561f2f539b6f9ec1b7d06324258bb67d120fdab4641d583ce469,82136351861991653017560483328239775896271772580739256138497518885185125997080,Will Anthropic extend Claude Fable 5 paid-plan access again by July 12?,No,0.7452830182,0.765,0.765,0.019716981800000033,0.019716981800000033,11,,https://clob.polymarket.com/prices-history?market=82136351861991653017560483328239775896271772580739256138497518885185125997080&startTs=1783850198&endTs=1783850858&fidelity=1
0xfe724b7046696c9c431ae331c3d29816b4799025,1783761370,0xd26d0f02ed27aa7c67dac9d9f0e66ec891f71f2ef6697f172f6ae1e43813b184,100139481679849492994081587171123730795582143701707441177633493496560007475831,"Next Mythos-Class Model released by August 31, 2026?",Yes,0.5,,,,,0,RuntimeError('https://clob.polymarket.com/prices-history?market=100139481679849492994081587171123730795582143701707441177633493496560007475831&startTs=1783761310&endTs=1783761970&fidelity=1: HTTP Error 500: Internal Server Error'),https://clob.polymarket.com/prices-history?market=100139481679849492994081587171123730795582143701707441177633493496560007475831&startTs=1783761310&endTs=1783761970&fidelity=1
0xfe724b7046696c9c431ae331c3d29816b4799025,1783737407,0xb03fc746a871571fc0287a187b819ec820219ad8744e49e4397eb1ce3b134493,36295018260304764353606263774475424202457499598834194193433751535298060824735,"Bitcoin Up or Down - July 10, 10:35PM-10:40PM ET",Down,0.6699999955,0.185,,-0.4849999955,,6,,https://clob.polymarket.com/prices-history?market=36295018260304764353606263774475424202457499598834194193433751535298060824735&startTs=1783737347&endTs=1783738007&fidelity=1
