rank,proxyWallet,userName,xUsername,verifiedBadge,vol,pnl,profileImage,category,timePeriod,retrievedAt,sourceUrl
1,0x714a685b5454ea4d52979563bbafa77b8168ab2f,pada,,False,82305.586913,199358.94857050572,,OVERALL,WEEK,2026-07-28T16:43:27.468517+00:00,https://data-api.polymarket.com/v1/leaderboard?category=OVERALL&timePeriod=WEEK&orderBy=PNL&limit=50&offset=0
2,0xa71093cafc0c099b4ccab24c3cb8018d817923c4,Talvez10,,False,536110.140349,198050.778865027,,OVERALL,WEEK,2026-07-28T16:43:27.468517+00:00,https://data-api.polymarket.com/v1/leaderboard?category=OVERALL&timePeriod=WEEK&orderBy=PNL&limit=50&offset=0
3,0xf0ca28d5b0141f0a8e7b251dea80fd881cb166ed,Hauchn,,False,131948.793879,150410.3495433167,,OVERALL,WEEK,2026-07-28T16:43:27.468517+00:00,https://data-api.polymarket.com/v1/leaderboard?category=OVERALL&timePeriod=WEEK&orderBy=PNL&limit=50&offset=0
4,0x224a89dbe0db0d6124b335edabd15b3f877da3d5,wr0ngw4yb3tt0r,,False,2410849.9632559996,142234.2420423869,,OVERALL,WEEK,2026-07-28T16:43:27.468517+00:00,https://data-api.polymarket.com/v1/leaderboard?category=OVERALL&timePeriod=WEEK&orderBy=PNL&limit=50&offset=0
5,0xfe787d2da716d60e8acff57fb87eb13cd4d10319,ferrariChampions2026,,False,20745402.768537004,126821.50279502085,,OVERALL,WEEK,2026-07-28T16:43:27.468517+00:00,https://data-api.polymarket.com/v1/leaderboard?category=OVERALL&timePeriod=WEEK&orderBy=PNL&limit=50&offset=0
6,0x27c5c1eee404a07f39fe70078aff815e5a656d61,0x27c5C1EEE404a07F39FE70078AFf815E5a656D61-1763107503028,,False,899776.383165,117285.85523984974,,OVERALL,WEEK,2026-07-28T16:43:27.468517+00:00,https://data-api.polymarket.com/v1/leaderboard?category=OVERALL&timePeriod=WEEK&orderBy=PNL&limit=50&offset=0
7,0xd218e474776403a330142299f7796e8ba32eb5c9,cigarettes,friendlyping,False,2041903.010358999,105878.2385171618,,OVERALL,WEEK,2026-07-28T16:43:27.468517+00:00,https://data-api.polymarket.com/v1/leaderboard?category=OVERALL&timePeriod=WEEK&orderBy=PNL&limit=50&offset=0
8,0x684baa57c338c2549aec0aa3f034f695d72a8409,monkeymashingkeyboard,,False,621868.93894,102712.97026838434,,OVERALL,WEEK,2026-07-28T16:43:27.468517+00:00,https://data-api.polymarket.com/v1/leaderboard?category=OVERALL&timePeriod=WEEK&orderBy=PNL&limit=50&offset=0
9,0x1b20a00709dfe648afd26b326394b5e031f83ab0,0x1b20a00709DfE648AFd26b326394b5e031f83ab0-1785189457930,,False,290262.57419500005,102402.672034,,OVERALL,WEEK,2026-07-28T16:43:27.468517+00:00,https://data-api.polymarket.com/v1/leaderboard?category=OVERALL&timePeriod=WEEK&orderBy=PNL&limit=50&offset=0
10,0x4ab9b54427ec4b7f3646b1a0ef1bed73bc708ebe,RWCS,,False,0,102266.86937000006,,OVERALL,WEEK,2026-07-28T16:43:27.468517+00:00,https://data-api.polymarket.com/v1/leaderboard?category=OVERALL&timePeriod=WEEK&orderBy=PNL&limit=50&offset=0
11,0x6c3aae17140c5e3cde62380daaa323e38575c459,AvrahamEisenberg - 10161,,False,0,100287.22713600044,,OVERALL,WEEK,2026-07-28T16:43:27.468517+00:00,https://data-api.polymarket.com/v1/leaderboard?category=OVERALL&timePeriod=WEEK&orderBy=PNL&limit=50&offset=0
12,0xf40d629171e59c70b47fd7714f43638eb065343d,0xF40d629171E59C70B47Fd7714F43638eB065343D-1785224929068,,False,206887.966955,99972.85623100001,,OVERALL,WEEK,2026-07-28T16:43:27.468517+00:00,https://data-api.polymarket.com/v1/leaderboard?category=OVERALL&timePeriod=WEEK&orderBy=PNL&limit=50&offset=0
13,0xa8cf2ed8751f4e58ad039e1b68a8b58b4395031f,,,False,0,85547.41699299996,,OVERALL,WEEK,2026-07-28T16:43:27.468517+00:00,https://data-api.polymarket.com/v1/leaderboard?category=OVERALL&timePeriod=WEEK&orderBy=PNL&limit=50&offset=0
14,0x0feb1bf966bc7f954c2da0293ae2fdc572c5db5d,YungFelon,,False,1215540.059541,81092.05458927105,,OVERALL,WEEK,2026-07-28T16:43:27.468517+00:00,https://data-api.polymarket.com/v1/leaderboard?category=OVERALL&timePeriod=WEEK&orderBy=PNL&limit=50&offset=0
15,0x03805a13a0b3e058f55f6c6af95389d4f431073d,donthackme,,False,315100.80921599997,76619.70434577367,,OVERALL,WEEK,2026-07-28T16:43:27.468517+00:00,https://data-api.polymarket.com/v1/leaderboard?category=OVERALL&timePeriod=WEEK&orderBy=PNL&limit=50&offset=0
16,0x7ad71d79a3bb90d0a87a06500fa0fe11663842aa,theowalcott,,False,218484.41184900005,74024.01597897397,,OVERALL,WEEK,2026-07-28T16:43:27.468517+00:00,https://data-api.polymarket.com/v1/leaderboard?category=OVERALL&timePeriod=WEEK&orderBy=PNL&limit=50&offset=0
17,0xbca08c1bc204a34f2fddbe47b438b9bd42ac9705,1winstreak1,,False,712165.7449349998,71362.87988990895,,OVERALL,WEEK,2026-07-28T16:43:27.468517+00:00,https://data-api.polymarket.com/v1/leaderboard?category=OVERALL&timePeriod=WEEK&orderBy=PNL&limit=50&offset=0
18,0x204f72f35326db932158cba6adff0b9a1da95e14,swisstony,,False,5724283.0171380015,69347.7273431771,,OVERALL,WEEK,2026-07-28T16:43:27.468517+00:00,https://data-api.polymarket.com/v1/leaderboard?category=OVERALL&timePeriod=WEEK&orderBy=PNL&limit=50&offset=0
19,0xf7429705e25b619338412967f0a70260b6e1e039,unbribeableref,,False,81949.306059,65147.68233692413,https://polymarket-upload.s3.us-east-2.amazonaws.com/profile-image-8559261-22846c22-b091-451d-a63a-bf9bc3cc4ad8.png,OVERALL,WEEK,2026-07-28T16:43:27.468517+00:00,https://data-api.polymarket.com/v1/leaderboard?category=OVERALL&timePeriod=WEEK&orderBy=PNL&limit=50&offset=0
20,0x5a218c7ad04135830a45c41aaed7294df7809318,balthazar,balthazarpoly,False,389536.664982,59194.14332214484,https://polymarket-upload.s3.us-east-2.amazonaws.com/profile-image-1873784-90701920-ed3d-4d2c-bfee-9129b7f735a0.gif,OVERALL,WEEK,2026-07-28T16:43:27.468517+00:00,https://data-api.polymarket.com/v1/leaderboard?category=OVERALL&timePeriod=WEEK&orderBy=PNL&limit=50&offset=0
21,0x3d8a89a20aa73fba0f30d080e8120de9f9555724,Poyo,,False,0,50768.02695050272,https://polymarket-upload.s3.us-east-2.amazonaws.com/Poyopoyo_poyopoyo_kansatsu_nikki_32250513_500_261_poyo_wake_up_look_Poyo_1691174281797.gif,OVERALL,WEEK,2026-07-28T16:43:27.468517+00:00,https://data-api.polymarket.com/v1/leaderboard?category=OVERALL&timePeriod=WEEK&orderBy=PNL&limit=50&offset=0
22,0xd23f8c8aab13cfb2a35da40b67f8471faf9894a1,Corlys,CorlysBro,False,538315.5571429998,50660.01389667481,https://polymarket-upload.s3.us-east-2.amazonaws.com/profile-image-8332272-4dd31c8d-b7ee-4df8-a2c8-372b30e7d27c.gif,OVERALL,WEEK,2026-07-28T16:43:27.468517+00:00,https://data-api.polymarket.com/v1/leaderboard?category=OVERALL&timePeriod=WEEK&orderBy=PNL&limit=50&offset=0
23,0x6f3e7f25baa7d2d49e15e2d2957ff3dec62cbcf8,fRibrenlc,,False,520120.25164000003,49589.0394387538,https://polymarket-upload.s3.us-east-2.amazonaws.com/profile-image-657790-0fa0809c-e82c-4c5c-81a4-a59e503a1868.png,OVERALL,WEEK,2026-07-28T16:43:27.468517+00:00,https://data-api.polymarket.com/v1/leaderboard?category=OVERALL&timePeriod=WEEK&orderBy=PNL&limit=50&offset=0
24,0x2005d16a84ceefa912d4e380cd32e7ff827875ea,RN1,RN1polymarket,False,11246288.827933002,47893.65038980509,https://polymarket-upload.s3.us-east-2.amazonaws.com/profile-image-1567750-84001aec-310a-470f-9584-67dfcaa61267.png,OVERALL,WEEK,2026-07-28T16:43:27.468517+00:00,https://data-api.polymarket.com/v1/leaderboard?category=OVERALL&timePeriod=WEEK&orderBy=PNL&limit=50&offset=0
25,0x8c0b024c17831a0dde038547b7e791ae6a0d7aa5,PASSTHEMONEY,,False,856188.961094,47597.16086668131,,OVERALL,WEEK,2026-07-28T16:43:27.468517+00:00,https://data-api.polymarket.com/v1/leaderboard?category=OVERALL&timePeriod=WEEK&orderBy=PNL&limit=50&offset=0
26,0xb687f00464e33934f5d591f224e71c3559ecaee5,alwayslatetotheparty,,False,856644.321803,47315.10149961496,,OVERALL,WEEK,2026-07-28T16:43:27.468517+00:00,https://data-api.polymarket.com/v1/leaderboard?category=OVERALL&timePeriod=WEEK&orderBy=PNL&limit=50&offset=0
27,0x16bb9951a36fce71e2ef57890b786145e0ba8492,SDTrading,,False,531975.633332,44114.35526199959,,OVERALL,WEEK,2026-07-28T16:43:27.468517+00:00,https://data-api.polymarket.com/v1/leaderboard?category=OVERALL&timePeriod=WEEK&orderBy=PNL&limit=50&offset=0
28,0x2f7709800bdd3cf81b1c89c4f8b94b36caf59da4,Nz2027,Tutu2025H,False,798.99,43455.22755704,https://polymarket-upload.s3.us-east-2.amazonaws.com/profile-image-8830125-d58e6d2e-0b0c-49b9-ab73-925a287d76d8.webp,OVERALL,WEEK,2026-07-28T16:43:27.468517+00:00,https://data-api.polymarket.com/v1/leaderboard?category=OVERALL&timePeriod=WEEK&orderBy=PNL&limit=50&offset=0
29,0xbb5fbe810633ab08d106b82db84418a0e2ca2e21,highnetworth,,False,75185.22000000002,42731.67015700042,,OVERALL,WEEK,2026-07-28T16:43:27.468517+00:00,https://data-api.polymarket.com/v1/leaderboard?category=OVERALL&timePeriod=WEEK&orderBy=PNL&limit=50&offset=0
30,0xe291a588ece487f3323736c55c6144f6a99e748e,patient12,,False,660940.139803,39098.52688780464,,OVERALL,WEEK,2026-07-28T16:43:27.468517+00:00,https://data-api.polymarket.com/v1/leaderboard?category=OVERALL&timePeriod=WEEK&orderBy=PNL&limit=50&offset=0
31,0x565ca59275f81991bd9877d7fa8404c5ecf6519e,IamFKINGbankrupt,,False,309087.497882,38264.36631699477,,OVERALL,WEEK,2026-07-28T16:43:27.468517+00:00,https://data-api.polymarket.com/v1/leaderboard?category=OVERALL&timePeriod=WEEK&orderBy=PNL&limit=50&offset=0
32,0xe548376f231af12b4d56aff55a7503a88892a9fe,Uniform123,,False,291218.703131,34846.07124779961,,OVERALL,WEEK,2026-07-28T16:43:27.468517+00:00,https://data-api.polymarket.com/v1/leaderboard?category=OVERALL&timePeriod=WEEK&orderBy=PNL&limit=50&offset=0
33,0x866056133a70de9282a080758858d1a0c8b393ed,ToeTickler98,,False,138676.231077,34013.14276656439,https://polymarket-upload.s3.us-east-2.amazonaws.com/profile-image-8336413-9d7af0a8-6499-4713-9e83-930c45f70707.png,OVERALL,WEEK,2026-07-28T16:43:27.468517+00:00,https://data-api.polymarket.com/v1/leaderboard?category=OVERALL&timePeriod=WEEK&orderBy=PNL&limit=50&offset=0
34,0x5f659bccbc353dbf7bcdffdee73bee60bb482036,0x5F659BcCBC353dBf7BcdffDEE73beE60bB482036-1780496231400,,False,1246589.804658,33059.814802845474,,OVERALL,WEEK,2026-07-28T16:43:27.468517+00:00,https://data-api.polymarket.com/v1/leaderboard?category=OVERALL&timePeriod=WEEK&orderBy=PNL&limit=50&offset=0
35,0xb754f7d2dd6cf81a8bfdab64580ffcaf0a4a96df,gogoo,,False,69062.39156199999,32308.159831,,OVERALL,WEEK,2026-07-28T16:43:27.468517+00:00,https://data-api.polymarket.com/v1/leaderboard?category=OVERALL&timePeriod=WEEK&orderBy=PNL&limit=50&offset=0
36,0xe015b5a2a299167be835a2fd1e86f09c49e06ffd,TAIWANNUMBERONE,,False,1164656.2064769997,30143.105585001897,,OVERALL,WEEK,2026-07-28T16:43:27.468517+00:00,https://data-api.polymarket.com/v1/leaderboard?category=OVERALL&timePeriod=WEEK&orderBy=PNL&limit=50&offset=0
37,0xb7aba0e44edb6773c3b3a8308aae8a24781fa2d1,marketmesh,,False,56846.669993,29847.835216999978,,OVERALL,WEEK,2026-07-28T16:43:27.468517+00:00,https://data-api.polymarket.com/v1/leaderboard?category=OVERALL&timePeriod=WEEK&orderBy=PNL&limit=50&offset=0
38,0x65c18d740c8246af3353741c0b32e4b6da552988,neurodivergentBet,,False,106368.743075,29607.493074464917,https://polymarket-upload.s3.us-east-2.amazonaws.com/profile-image-8246006-97d66081-5cb5-4e78-94b8-aebc19fe7be6.png,OVERALL,WEEK,2026-07-28T16:43:27.468517+00:00,https://data-api.polymarket.com/v1/leaderboard?category=OVERALL&timePeriod=WEEK&orderBy=PNL&limit=50&offset=0
39,0x42c99f38d2b951b0dc8e8bd5371fa80c9dd19623,TRCM,,False,235889.101156,28567.35646534583,https://polymarket-upload.s3.us-east-2.amazonaws.com/profile-image-5143488-91d8fb71-26ad-4fef-9c83-23de831118a0.png,OVERALL,WEEK,2026-07-28T16:43:27.468517+00:00,https://data-api.polymarket.com/v1/leaderboard?category=OVERALL&timePeriod=WEEK&orderBy=PNL&limit=50&offset=0
40,0x0f35109cc3ceaf729609c3109310791bd616c84a,,,False,0,27254.641563996673,,OVERALL,WEEK,2026-07-28T16:43:27.468517+00:00,https://data-api.polymarket.com/v1/leaderboard?category=OVERALL&timePeriod=WEEK&orderBy=PNL&limit=50&offset=0
41,0xde9f7f4e77a1595623ceb58e469f776257ccd43c,tradecraft,,False,545139.699873,27152.039624821162,https://polymarket-upload.s3.us-east-2.amazonaws.com/profile-image-1439403-31bec8e6-a9d5-45d6-8c20-964f07c7fdb2.webp,OVERALL,WEEK,2026-07-28T16:43:27.468517+00:00,https://data-api.polymarket.com/v1/leaderboard?category=OVERALL&timePeriod=WEEK&orderBy=PNL&limit=50&offset=0
42,0x1cc16713196d456f86fa9c7387dd326a7f73b8df,Wickier,,False,280198.77241700003,26433.42395896617,https://polymarket-upload.s3.us-east-2.amazonaws.com/profile-image-609636-9487ff88-f320-449f-8a82-11cf53836031.webp,OVERALL,WEEK,2026-07-28T16:43:27.468517+00:00,https://data-api.polymarket.com/v1/leaderboard?category=OVERALL&timePeriod=WEEK&orderBy=PNL&limit=50&offset=0
43,0x7986576408b65a9805ac85553be33ad0b044baa5,0x7986576408b65a9805AC85553Be33Ad0B044BAa5-1781719173927,,False,289053.02587400004,26266.128333183566,,OVERALL,WEEK,2026-07-28T16:43:27.468517+00:00,https://data-api.polymarket.com/v1/leaderboard?category=OVERALL&timePeriod=WEEK&orderBy=PNL&limit=50&offset=0
44,0x93bc1f104bc72c9141fc41c2acb2265f54a28ca3,EVplusrebate,,False,709821.134315,25844.984453420537,,OVERALL,WEEK,2026-07-28T16:43:27.468517+00:00,https://data-api.polymarket.com/v1/leaderboard?category=OVERALL&timePeriod=WEEK&orderBy=PNL&limit=50&offset=0
45,0x52911b9d1d9da4d4783fb3280c0ccd6e73f0d4b6,0x5453da42Cd33b0ED6B796d03d2395f278C779F9F-1773916108628,,False,575355.109071,24127.403826924536,,OVERALL,WEEK,2026-07-28T16:43:27.468517+00:00,https://data-api.polymarket.com/v1/leaderboard?category=OVERALL&timePeriod=WEEK&orderBy=PNL&limit=50&offset=0
46,0x782186952ef2ca75ea91c95aef25bbdcffb4bb1a,thif - 33063,,False,0,23607.80041509901,,OVERALL,WEEK,2026-07-28T16:43:27.468517+00:00,https://data-api.polymarket.com/v1/leaderboard?category=OVERALL&timePeriod=WEEK&orderBy=PNL&limit=50&offset=0
47,0xdefebc7ed6f5d6e8710398f37eea6fc1746a17f4,e25247f2da2a2462f03c936c379b7ab0,,False,128189.11415400001,23511.839739319043,,OVERALL,WEEK,2026-07-28T16:43:27.468517+00:00,https://data-api.polymarket.com/v1/leaderboard?category=OVERALL&timePeriod=WEEK&orderBy=PNL&limit=50&offset=0
48,0x06dc51826bc524d9a83770e7de9dd7e005b04524,0x06dc51826bc524d9a83770e7de9dd7e005b0452,,False,1955956.921944,22995.527838069713,,OVERALL,WEEK,2026-07-28T16:43:27.468517+00:00,https://data-api.polymarket.com/v1/leaderboard?category=OVERALL&timePeriod=WEEK&orderBy=PNL&limit=50&offset=0
49,0x6485f47d0344c03eb4340f985159f6eb2dcba265,flatbarrel,,False,228630.97969200002,22534.907055851094,,OVERALL,WEEK,2026-07-28T16:43:27.468517+00:00,https://data-api.polymarket.com/v1/leaderboard?category=OVERALL&timePeriod=WEEK&orderBy=PNL&limit=50&offset=0
50,0x8546a601f7c7cc3dae7141f20b0e09e42bbf35b8,HVAB,,False,473966.524542,22390.594688781952,,OVERALL,WEEK,2026-07-28T16:43:27.468517+00:00,https://data-api.polymarket.com/v1/leaderboard?category=OVERALL&timePeriod=WEEK&orderBy=PNL&limit=50&offset=0
1,0x204f72f35326db932158cba6adff0b9a1da95e14,swisstony,,False,395769952.6389979,8901191.141685518,,OVERALL,MONTH,2026-07-28T16:43:27.468517+00:00,https://data-api.polymarket.com/v1/leaderboard?category=OVERALL&timePeriod=MONTH&orderBy=PNL&limit=50&offset=0
2,0x09b428f7c2b469786286214aa5c90dd9015f7320,DEEDDIT,,False,72132442.51951,8052184.542897382,,OVERALL,MONTH,2026-07-28T16:43:27.468517+00:00,https://data-api.polymarket.com/v1/leaderboard?category=OVERALL&timePeriod=MONTH&orderBy=PNL&limit=50&offset=0
3,0x476e1322d1a412fa0325527b8c3bc5e707b1396d,asparagus2012,,False,2420301.802414,3663920.5781502756,,OVERALL,MONTH,2026-07-28T16:43:27.468517+00:00,https://data-api.polymarket.com/v1/leaderboard?category=OVERALL&timePeriod=MONTH&orderBy=PNL&limit=50&offset=0
4,0x2e25b222e2080c377fc1fb2b9f926315f0f4d49e,Sparkling8899,,False,20443506.051612996,3638469.2679848503,https://polymarket-upload.s3.us-east-2.amazonaws.com/profile-image-3583835-2fa58811-6665-4e9b-9cf7-687c3b177bc5.png,OVERALL,MONTH,2026-07-28T16:43:27.468517+00:00,https://data-api.polymarket.com/v1/leaderboard?category=OVERALL&timePeriod=MONTH&orderBy=PNL&limit=50&offset=0
5,0xe549581668a5751c1972d3ad2d1991d900bd2d54,Allezpapa,,False,12617569.186531998,2835915.542910125,,OVERALL,MONTH,2026-07-28T16:43:27.468517+00:00,https://data-api.polymarket.com/v1/leaderboard?category=OVERALL&timePeriod=MONTH&orderBy=PNL&limit=50&offset=0
6,0x83720820a8aa6c3f20ad71850e7a1a17d16c5223,Jsram,,False,26739042.993322,2741189.4455881435,,OVERALL,MONTH,2026-07-28T16:43:27.468517+00:00,https://data-api.polymarket.com/v1/leaderboard?category=OVERALL&timePeriod=MONTH&orderBy=PNL&limit=50&offset=0
7,0x5b4ec9c06b284ee52c41a761974d836992880232,ramadamaramadam,,False,16125055.136314001,2613182.2473129234,,OVERALL,MONTH,2026-07-28T16:43:27.468517+00:00,https://data-api.polymarket.com/v1/leaderboard?category=OVERALL&timePeriod=MONTH&orderBy=PNL&limit=50&offset=0
8,0x67542c3219b37fd1610aad290676ff91cdbfe3bc,maz26,,False,43058532.807117,2568675.661958316,,OVERALL,MONTH,2026-07-28T16:43:27.468517+00:00,https://data-api.polymarket.com/v1/leaderboard?category=OVERALL&timePeriod=MONTH&orderBy=PNL&limit=50&offset=0
9,0xf0318c32136c2db7fec88b84869aee6a1106c80c,BreakTheBank,,False,81221022.16644798,2320472.079776354,,OVERALL,MONTH,2026-07-28T16:43:27.468517+00:00,https://data-api.polymarket.com/v1/leaderboard?category=OVERALL&timePeriod=MONTH&orderBy=PNL&limit=50&offset=0
10,0x2c335066fe58fe9237c3d3dc7b275c2a034a0563,0x2c335066FE58fe9237c3d3Dc7b275C2a034a0563-1759935795465,,False,340591305.040874,2058543.8910206512,,OVERALL,MONTH,2026-07-28T16:43:27.468517+00:00,https://data-api.polymarket.com/v1/leaderboard?category=OVERALL&timePeriod=MONTH&orderBy=PNL&limit=50&offset=0
11,0xfea31bc088000ff909be1dfd8d0e3f2c7ef2d227,ndb1,,False,15835297.820666,2046623.1345706787,,OVERALL,MONTH,2026-07-28T16:43:27.468517+00:00,https://data-api.polymarket.com/v1/leaderboard?category=OVERALL&timePeriod=MONTH&orderBy=PNL&limit=50&offset=0
12,0x095fbca2e0eaf0c9841005135427e1e0117190b2,muchobliged,,False,30801576.547095,2029201.1884442111,,OVERALL,MONTH,2026-07-28T16:43:27.468517+00:00,https://data-api.polymarket.com/v1/leaderboard?category=OVERALL&timePeriod=MONTH&orderBy=PNL&limit=50&offset=0
13,0x7c1ee865a785de4c00ee90ed86a38489fb8bbab3,CandleHammerDrums,,False,21755079.041996,1886129.2414188785,,OVERALL,MONTH,2026-07-28T16:43:27.468517+00:00,https://data-api.polymarket.com/v1/leaderboard?category=OVERALL&timePeriod=MONTH&orderBy=PNL&limit=50&offset=0
14,0xd1c537b2a7cba8d365e111bffb9de7b205e2cbd0,weatherman12,,False,7586860.942172002,1822552.7223731182,,OVERALL,MONTH,2026-07-28T16:43:27.468517+00:00,https://data-api.polymarket.com/v1/leaderboard?category=OVERALL&timePeriod=MONTH&orderBy=PNL&limit=50&offset=0
15,0xf5fabdcdc6eb6d9765a228824f16cca9c91f62df,palegrit,,False,15142242.974791002,1692746.9304200695,,OVERALL,MONTH,2026-07-28T16:43:27.468517+00:00,https://data-api.polymarket.com/v1/leaderboard?category=OVERALL&timePeriod=MONTH&orderBy=PNL&limit=50&offset=0
16,0x076daa87c4fe1a85402a9b6b8e0a866224388d4c,,,False,34012986.140990004,1654239.979407415,,OVERALL,MONTH,2026-07-28T16:43:27.468517+00:00,https://data-api.polymarket.com/v1/leaderboard?category=OVERALL&timePeriod=MONTH&orderBy=PNL&limit=50&offset=0
17,0xc31d0a0d63d760d72a1236d16beaa6a71c854ebe,FootballFan98,,False,3602509.5187029997,1551330.5951127352,,OVERALL,MONTH,2026-07-28T16:43:27.468517+00:00,https://data-api.polymarket.com/v1/leaderboard?category=OVERALL&timePeriod=MONTH&orderBy=PNL&limit=50&offset=0
18,0xb61b2079b95f6b7476fd3203e0274ffb93308a06,hot2trot,,False,7639471.505695999,1514615.0469502301,,OVERALL,MONTH,2026-07-28T16:43:27.468517+00:00,https://data-api.polymarket.com/v1/leaderboard?category=OVERALL&timePeriod=MONTH&orderBy=PNL&limit=50&offset=0
19,0xbb5fbe810633ab08d106b82db84418a0e2ca2e21,highnetworth,,False,3906675.1977550006,1511328.607295812,,OVERALL,MONTH,2026-07-28T16:43:27.468517+00:00,https://data-api.polymarket.com/v1/leaderboard?category=OVERALL&timePeriod=MONTH&orderBy=PNL&limit=50&offset=0
20,0x2005d16a84ceefa912d4e380cd32e7ff827875ea,RN1,RN1polymarket,False,185058111.415082,1436179.027909989,https://polymarket-upload.s3.us-east-2.amazonaws.com/profile-image-1567750-84001aec-310a-470f-9584-67dfcaa61267.png,OVERALL,MONTH,2026-07-28T16:43:27.468517+00:00,https://data-api.polymarket.com/v1/leaderboard?category=OVERALL&timePeriod=MONTH&orderBy=PNL&limit=50&offset=0
21,0x65018f9fc473f6e920b8929a375d39c26a461220,cnyek,,False,6093430.970153002,1394350.9596679546,,OVERALL,MONTH,2026-07-28T16:43:27.468517+00:00,https://data-api.polymarket.com/v1/leaderboard?category=OVERALL&timePeriod=MONTH&orderBy=PNL&limit=50&offset=0
22,0xe3f1fb88b9eabc743e2a2d947e2efdba5e99bd92,yamal19,,False,6607915.188502001,1347506.4261598708,,OVERALL,MONTH,2026-07-28T16:43:27.468517+00:00,https://data-api.polymarket.com/v1/leaderboard?category=OVERALL&timePeriod=MONTH&orderBy=PNL&limit=50&offset=0
23,0x714a685b5454ea4d52979563bbafa77b8168ab2f,pada,,False,1210460.8303450001,1340975.2527093894,,OVERALL,MONTH,2026-07-28T16:43:27.468517+00:00,https://data-api.polymarket.com/v1/leaderboard?category=OVERALL&timePeriod=MONTH&orderBy=PNL&limit=50&offset=0
24,0x3f6e93d1e2c2846a357276e29e7e9147e29c18d9,wco26,,False,7895182.5033019995,1283868.4612435757,,OVERALL,MONTH,2026-07-28T16:43:27.468517+00:00,https://data-api.polymarket.com/v1/leaderboard?category=OVERALL&timePeriod=MONTH&orderBy=PNL&limit=50&offset=0
25,0x3a6a2e7a7707c720219228eb8efa7398bc0e458e,thesingularityisnear,,False,16737173.400125,1261084.8405477821,,OVERALL,MONTH,2026-07-28T16:43:27.468517+00:00,https://data-api.polymarket.com/v1/leaderboard?category=OVERALL&timePeriod=MONTH&orderBy=PNL&limit=50&offset=0
26,0xc41d736bded9ed1accd6a44235039266219774fd,0xC41D736bDed9ED1acCD6A44235039266219774fD-1777101352681,,False,8099818.919394,1210731.790345842,,OVERALL,MONTH,2026-07-28T16:43:27.468517+00:00,https://data-api.polymarket.com/v1/leaderboard?category=OVERALL&timePeriod=MONTH&orderBy=PNL&limit=50&offset=0
27,0x9468bb7e53c8a5f13cc283f2aed950ebf9865d4b,myzbsq,,False,10633824.039020002,1145009.2770146786,,OVERALL,MONTH,2026-07-28T16:43:27.468517+00:00,https://data-api.polymarket.com/v1/leaderboard?category=OVERALL&timePeriod=MONTH&orderBy=PNL&limit=50&offset=0
28,0x8042d175fa3c31fc48b22accbad216564d8f3680,Neonbruv,,False,6410117.356090999,1095513.588194,,OVERALL,MONTH,2026-07-28T16:43:27.468517+00:00,https://data-api.polymarket.com/v1/leaderboard?category=OVERALL&timePeriod=MONTH&orderBy=PNL&limit=50&offset=0
29,0xc6a63ad5a788a576d4acc9911c50fef9fde49458,filthybetz,,False,6175867.785564999,960751.1874443395,,OVERALL,MONTH,2026-07-28T16:43:27.468517+00:00,https://data-api.polymarket.com/v1/leaderboard?category=OVERALL&timePeriod=MONTH&orderBy=PNL&limit=50&offset=0
30,0x75973c667cec880353450be3a6f17c5da67b4421,0x75973C667CeC880353450BE3A6F17C5da67B4421-1784278069335,,False,1595213.0983290002,917892.9911941001,,OVERALL,MONTH,2026-07-28T16:43:27.468517+00:00,https://data-api.polymarket.com/v1/leaderboard?category=OVERALL&timePeriod=MONTH&orderBy=PNL&limit=50&offset=0
31,0x86d2d490bcac9fccea02a44c48272008e0c4731d,umeax,,False,6365667.9547959985,910341.434363286,,OVERALL,MONTH,2026-07-28T16:43:27.468517+00:00,https://data-api.polymarket.com/v1/leaderboard?category=OVERALL&timePeriod=MONTH&orderBy=PNL&limit=50&offset=0
32,0xfe787d2da716d60e8acff57fb87eb13cd4d10319,ferrariChampions2026,,False,259750140.007702,819677.7241771697,,OVERALL,MONTH,2026-07-28T16:43:27.468517+00:00,https://data-api.polymarket.com/v1/leaderboard?category=OVERALL&timePeriod=MONTH&orderBy=PNL&limit=50&offset=0
33,0x6d20c35f65d9899b6d6b74f8466e824580f9a165,Djdjdjekekek,,False,24537072.541984,805712.1875925973,,OVERALL,MONTH,2026-07-28T16:43:27.468517+00:00,https://data-api.polymarket.com/v1/leaderboard?category=OVERALL&timePeriod=MONTH&orderBy=PNL&limit=50&offset=0
34,0x50f0a0fc7364d3c10fc4578b9b1d955368335355,bettguy,,False,4816112.153773999,777385.083025287,,OVERALL,MONTH,2026-07-28T16:43:27.468517+00:00,https://data-api.polymarket.com/v1/leaderboard?category=OVERALL&timePeriod=MONTH&orderBy=PNL&limit=50&offset=0
35,0x7583d5f8a1031ff4afcdc6db4e2143bfd41b4df2,0x7583d5f8A1031fF4AfCDc6db4e2143bFd41b4dF2-1783673385090,,False,6636752.69762,742450.0815209509,,OVERALL,MONTH,2026-07-28T16:43:27.468517+00:00,https://data-api.polymarket.com/v1/leaderboard?category=OVERALL&timePeriod=MONTH&orderBy=PNL&limit=50&offset=0
36,0x3dfb153c197d4c19d3b31c1ecd2c7b6860eeabaf,0x3DFb153c197D4C19D3B31c1ecD2c7B6860eeabAf-1722957908185,,False,63348877.498476006,722490.9968344776,,OVERALL,MONTH,2026-07-28T16:43:27.468517+00:00,https://data-api.polymarket.com/v1/leaderboard?category=OVERALL&timePeriod=MONTH&orderBy=PNL&limit=50&offset=0
37,0x954df97e03c202e7511de1b7d3c01ebd0f876f01,stubblyballs,,False,2863506.272916,716685.130137,,OVERALL,MONTH,2026-07-28T16:43:27.468517+00:00,https://data-api.polymarket.com/v1/leaderboard?category=OVERALL&timePeriod=MONTH&orderBy=PNL&limit=50&offset=0
38,0x9ee8bbc36d378af72e5f6b8e2ea2eb67c05a89de,Qpkwks,,False,11298759.675926998,714674.7685904548,,OVERALL,MONTH,2026-07-28T16:43:27.468517+00:00,https://data-api.polymarket.com/v1/leaderboard?category=OVERALL&timePeriod=MONTH&orderBy=PNL&limit=50&offset=0
39,0x05a0bf3fa5775a5e38d4ed6688cce88130460df2,pessibye,,False,3209899.3215280003,664349.7177301017,,OVERALL,MONTH,2026-07-28T16:43:27.468517+00:00,https://data-api.polymarket.com/v1/leaderboard?category=OVERALL&timePeriod=MONTH&orderBy=PNL&limit=50&offset=0
40,0x93fb8127a1b21a112b11af936361225df0563e4a,LlamaLoco0000,LlamaLoco0000,False,2323027.687961,662884.8570622568,https://polymarket-upload.s3.us-east-2.amazonaws.com/profile-image-103509-04c51064-4c6c-46f3-892a-bcc7025f43e4.png,OVERALL,MONTH,2026-07-28T16:43:27.468517+00:00,https://data-api.polymarket.com/v1/leaderboard?category=OVERALL&timePeriod=MONTH&orderBy=PNL&limit=50&offset=0
41,0xa71093cafc0c099b4ccab24c3cb8018d817923c4,Talvez10,,False,5865257.503533999,650275.6304251156,,OVERALL,MONTH,2026-07-28T16:43:27.468517+00:00,https://data-api.polymarket.com/v1/leaderboard?category=OVERALL&timePeriod=MONTH&orderBy=PNL&limit=50&offset=0
42,0x9180d46bd2a46c7955ec9df091698ac76a0ff0da,Oddscompiler,,False,1019249.86845,605382.507001,,OVERALL,MONTH,2026-07-28T16:43:27.468517+00:00,https://data-api.polymarket.com/v1/leaderboard?category=OVERALL&timePeriod=MONTH&orderBy=PNL&limit=50&offset=0
43,0xdbf16bcffa41bd95faec2640daa2c95ab2bd86b5,UnderperformingForALiving,,False,3294492.7127619996,599032.6021777357,https://polymarket-upload.s3.us-east-2.amazonaws.com/profile-image-6077424-0a1adcfa-d1c5-4ac4-991a-a6feb9623d0a.webp,OVERALL,MONTH,2026-07-28T16:43:27.468517+00:00,https://data-api.polymarket.com/v1/leaderboard?category=OVERALL&timePeriod=MONTH&orderBy=PNL&limit=50&offset=0
44,0x511f9c771449162349795d17becf8b37031acbe1,Bigggggggg,,False,12152477.727363998,577642.734121158,,OVERALL,MONTH,2026-07-28T16:43:27.468517+00:00,https://data-api.polymarket.com/v1/leaderboard?category=OVERALL&timePeriod=MONTH&orderBy=PNL&limit=50&offset=0
45,0xe221be3b45dfe5ed562ee9dc16f47205728e06f6,Jokerxing7,,False,11576919.423241999,554440.9995017162,,OVERALL,MONTH,2026-07-28T16:43:27.468517+00:00,https://data-api.polymarket.com/v1/leaderboard?category=OVERALL&timePeriod=MONTH&orderBy=PNL&limit=50&offset=0
46,0x56acab44cfca2e88bb9b3406890aea7bfa0cd77e,dv-pm,,False,9620916.770597003,550573.7114866275,,OVERALL,MONTH,2026-07-28T16:43:27.468517+00:00,https://data-api.polymarket.com/v1/leaderboard?category=OVERALL&timePeriod=MONTH&orderBy=PNL&limit=50&offset=0
47,0x3fd9a838ded6eb832baab3ccbcb5e934e3871ef0,therighteousdog,,False,1124336.5665139998,538885.7616777748,,OVERALL,MONTH,2026-07-28T16:43:27.468517+00:00,https://data-api.polymarket.com/v1/leaderboard?category=OVERALL&timePeriod=MONTH&orderBy=PNL&limit=50&offset=0
48,0x5966db1fe50763c9e3c014d756369bad07e1f804,0x5966Db1fE50763C9e3C014d756369BAd07E1F804-1777648534241,,False,1434511.501322,538306.1711565846,,OVERALL,MONTH,2026-07-28T16:43:27.468517+00:00,https://data-api.polymarket.com/v1/leaderboard?category=OVERALL&timePeriod=MONTH&orderBy=PNL&limit=50&offset=0
49,0x89b43cb12b5073b99c5c23d401f788167fceee59,rambinsky,,False,2628860.365808,534974.4000596699,,OVERALL,MONTH,2026-07-28T16:43:27.468517+00:00,https://data-api.polymarket.com/v1/leaderboard?category=OVERALL&timePeriod=MONTH&orderBy=PNL&limit=50&offset=0
50,0xe16d3f2a5807999b358affd9445c3a09e45e5e30,0xE16D3F2A5807999b358aFfD9445C3a09E45E5e30-1776429210592,,False,8945132.981953999,532318.2045273519,,OVERALL,MONTH,2026-07-28T16:43:27.468517+00:00,https://data-api.polymarket.com/v1/leaderboard?category=OVERALL&timePeriod=MONTH&orderBy=PNL&limit=50&offset=0
1,0x85a85805bcbdf2e629788adac1420b6b53949281,LJa7io23MCv954j,,False,18309.248185999997,20511.17234663361,,POLITICS,WEEK,2026-07-28T16:43:27.468517+00:00,https://data-api.polymarket.com/v1/leaderboard?category=POLITICS&timePeriod=WEEK&orderBy=PNL&limit=50&offset=0
2,0x1cc16713196d456f86fa9c7387dd326a7f73b8df,Wickier,,False,69201.404586,20013.254814071348,https://polymarket-upload.s3.us-east-2.amazonaws.com/profile-image-609636-9487ff88-f320-449f-8a82-11cf53836031.webp,POLITICS,WEEK,2026-07-28T16:43:27.468517+00:00,https://data-api.polymarket.com/v1/leaderboard?category=POLITICS&timePeriod=WEEK&orderBy=PNL&limit=50&offset=0
3,0x74f1b8944c7b10f7239e3dda0de6b8ee42e816a8,probability,selectedadverse,False,9029.079999999998,18879.51783516509,https://polymarket-upload.s3.us-east-2.amazonaws.com/profile-image-661046-854580ea-582f-4b76-b7cf-f8b6b629459d.gif,POLITICS,WEEK,2026-07-28T16:43:27.468517+00:00,https://data-api.polymarket.com/v1/leaderboard?category=POLITICS&timePeriod=WEEK&orderBy=PNL&limit=50&offset=0
4,0xc84f7e76ec28ef20e7773b7b4926bfb7378be0c5,BrightStars,,False,512887.443941,18756.41081555374,,POLITICS,WEEK,2026-07-28T16:43:27.468517+00:00,https://data-api.polymarket.com/v1/leaderboard?category=POLITICS&timePeriod=WEEK&orderBy=PNL&limit=50&offset=0
5,0xd218e474776403a330142299f7796e8ba32eb5c9,cigarettes,friendlyping,False,26374.913747999995,14943.022435392137,,POLITICS,WEEK,2026-07-28T16:43:27.468517+00:00,https://data-api.polymarket.com/v1/leaderboard?category=POLITICS&timePeriod=WEEK&orderBy=PNL&limit=50&offset=0
6,0xc851cd9bee7d262afd78674f861f9f576a12cd2a,betwick,Betwick1,False,21996.731947,10845.17527236964,https://polymarket-upload.s3.us-east-2.amazonaws.com/profile-image-2835834-27ec2eae-6cb7-447e-b5f7-9eaaacaa1e88.jpg,POLITICS,WEEK,2026-07-28T16:43:27.468517+00:00,https://data-api.polymarket.com/v1/leaderboard?category=POLITICS&timePeriod=WEEK&orderBy=PNL&limit=50&offset=0
7,0x0a854897a06d4999e5b2dde5693609f1428ffe9d,TheQuietRisk,,False,0,10563.789893520065,https://polymarket-upload.s3.us-east-2.amazonaws.com/profile-image-3064075-3602ef96-7553-4b8c-bdb6-0fb08045bcf7.png,POLITICS,WEEK,2026-07-28T16:43:27.468517+00:00,https://data-api.polymarket.com/v1/leaderboard?category=POLITICS&timePeriod=WEEK&orderBy=PNL&limit=50&offset=0
8,0xbacd00c9080a82ded56f504ee8810af732b0ab35,ScottyNooo,,False,142189.13178400003,8319.406363154529,https://polymarket-upload.s3.us-east-2.amazonaws.com/profile-image-2861114-c1c15cef-e455-4932-9b26-66ad799b1a4a.webp,POLITICS,WEEK,2026-07-28T16:43:27.468517+00:00,https://data-api.polymarket.com/v1/leaderboard?category=POLITICS&timePeriod=WEEK&orderBy=PNL&limit=50&offset=0
9,0x8c80d213c0cbad777d06ee3f58f6ca4bc03102c3,SecondWindCapital,,False,0,8107.691957072122,,POLITICS,WEEK,2026-07-28T16:43:27.468517+00:00,https://data-api.polymarket.com/v1/leaderboard?category=POLITICS&timePeriod=WEEK&orderBy=PNL&limit=50&offset=0
10,0x2663daca3cecf3767ca1c3b126002a8578a8ed1f,Q96s3kwozynxpau,,False,762826.8133770002,7883.78147351509,,POLITICS,WEEK,2026-07-28T16:43:27.468517+00:00,https://data-api.polymarket.com/v1/leaderboard?category=POLITICS&timePeriod=WEEK&orderBy=PNL&limit=50&offset=0
11,0xd1049158a102840ce595efc6ab683a0cb6fbacef,pilimili,,False,296312.985396,7330.3056811610195,,POLITICS,WEEK,2026-07-28T16:43:27.468517+00:00,https://data-api.polymarket.com/v1/leaderboard?category=POLITICS&timePeriod=WEEK&orderBy=PNL&limit=50&offset=0
12,0x162f6fff88a52864f2ecc9833e58089d5254798d,Valen9,,False,157117.186283,7327.246797956526,https://polymarket-upload.s3.us-east-2.amazonaws.com/profile-image-5572855-7eff0907-10c0-4fae-8f10-8a2c733813a1.png,POLITICS,WEEK,2026-07-28T16:43:27.468517+00:00,https://data-api.polymarket.com/v1/leaderboard?category=POLITICS&timePeriod=WEEK&orderBy=PNL&limit=50&offset=0
13,0xc8ab97a9089a9ff7e6ef0688e6e591a066946418,ArmageddonRewardsBilly,Eltonma,False,979480.3483599998,6912.496853068165,https://polymarket-upload.s3.us-east-2.amazonaws.com/rewardsiconbilly_637fb65a-1112-49bc-9376-3fb6d377cde0_1738970845400.png,POLITICS,WEEK,2026-07-28T16:43:27.468517+00:00,https://data-api.polymarket.com/v1/leaderboard?category=POLITICS&timePeriod=WEEK&orderBy=PNL&limit=50&offset=0
14,0xc3c3b3ef304ddbea39fa2246e683a71da5d0eec8,comon119,,False,90942.749263,6551.073829977773,,POLITICS,WEEK,2026-07-28T16:43:27.468517+00:00,https://data-api.polymarket.com/v1/leaderboard?category=POLITICS&timePeriod=WEEK&orderBy=PNL&limit=50&offset=0
15,0xe278e3c172e37d91190476012625829008f0b608,Dar1us,,False,288.87,6385.553976656001,,POLITICS,WEEK,2026-07-28T16:43:27.468517+00:00,https://data-api.polymarket.com/v1/leaderboard?category=POLITICS&timePeriod=WEEK&orderBy=PNL&limit=50&offset=0
16,0xd23f8c8aab13cfb2a35da40b67f8471faf9894a1,Corlys,CorlysBro,False,28112.929602000004,6043.732142474779,https://polymarket-upload.s3.us-east-2.amazonaws.com/profile-image-8332272-4dd31c8d-b7ee-4df8-a2c8-372b30e7d27c.gif,POLITICS,WEEK,2026-07-28T16:43:27.468517+00:00,https://data-api.polymarket.com/v1/leaderboard?category=POLITICS&timePeriod=WEEK&orderBy=PNL&limit=50&offset=0
17,0x22e4248bdb066f65c9f11cd66cdd3719a28eef1c,ProfessionalPunter,evan_semet,False,46484.55678,5879.341509208054,https://polymarket-upload.s3.us-east-2.amazonaws.com/profile-image-132928-1ac187e2-42ca-44cf-a0c4-38b4af1d7dc0.png,POLITICS,WEEK,2026-07-28T16:43:27.468517+00:00,https://data-api.polymarket.com/v1/leaderboard?category=POLITICS&timePeriod=WEEK&orderBy=PNL&limit=50&offset=0
18,0xb4f2592e67c333e73c923547cfe05e768180e5fa,M2sx92kljs42,,False,9125.51,5543.202180172993,,POLITICS,WEEK,2026-07-28T16:43:27.468517+00:00,https://data-api.polymarket.com/v1/leaderboard?category=POLITICS&timePeriod=WEEK&orderBy=PNL&limit=50&offset=0
19,0x7dcf235766e6b09c8869468a75d5495cf171a7bd,godblessme2026,,False,5650.518806,5301.628175554135,,POLITICS,WEEK,2026-07-28T16:43:27.468517+00:00,https://data-api.polymarket.com/v1/leaderboard?category=POLITICS&timePeriod=WEEK&orderBy=PNL&limit=50&offset=0
20,0xb51b3beffd13cde071ed799e70a7b0b598e8b4d9,cambridgeisaac,,False,59609.147579000004,5253.8469484591915,https://polymarket-upload.s3.us-east-2.amazonaws.com/profile-image-623958-77877372-fbfd-4dd6-98f0-d8250e94f5ce.jpg,POLITICS,WEEK,2026-07-28T16:43:27.468517+00:00,https://data-api.polymarket.com/v1/leaderboard?category=POLITICS&timePeriod=WEEK&orderBy=PNL&limit=50&offset=0
21,0xd426adbc3c4461c86099c26221c877f20e42334a,881112,,False,26958.023542000003,4827.990289965586,,POLITICS,WEEK,2026-07-28T16:43:27.468517+00:00,https://data-api.polymarket.com/v1/leaderboard?category=POLITICS&timePeriod=WEEK&orderBy=PNL&limit=50&offset=0
22,0x511f9c771449162349795d17becf8b37031acbe1,Bigggggggg,,False,62837.28030400001,4732.844275971584,,POLITICS,WEEK,2026-07-28T16:43:27.468517+00:00,https://data-api.polymarket.com/v1/leaderboard?category=POLITICS&timePeriod=WEEK&orderBy=PNL&limit=50&offset=0
23,0xecaa8806a9a05049d7d5260a33dc924220e377a9,Melody626,,False,17570.29,4590.957245306025,,POLITICS,WEEK,2026-07-28T16:43:27.468517+00:00,https://data-api.polymarket.com/v1/leaderboard?category=POLITICS&timePeriod=WEEK&orderBy=PNL&limit=50&offset=0
24,0xc7d02944a76b9f83b199e9090ecc92c82d241f8a,0xc7D02944A76B9F83B199e9090ECC92C82d241F8a-1776944395495,,False,102822.92092899999,4578.282682343568,,POLITICS,WEEK,2026-07-28T16:43:27.468517+00:00,https://data-api.polymarket.com/v1/leaderboard?category=POLITICS&timePeriod=WEEK&orderBy=PNL&limit=50&offset=0
25,0xf2aa8381a08ec33467fbcdd0843aa31cb8d521fb,rabbit007,,False,37474.103927000004,4493.715402441867,https://polymarket-upload.s3.us-east-2.amazonaws.com/profile-image-776214.webp,POLITICS,WEEK,2026-07-28T16:43:27.468517+00:00,https://data-api.polymarket.com/v1/leaderboard?category=POLITICS&timePeriod=WEEK&orderBy=PNL&limit=50&offset=0
26,0x7c3db723f1d4d8cb9c550095203b686cb11e5c6b,Car,CarOnPolymarket,True,383273.28088599996,4205.26029358618,https://polymarket-upload.s3.us-east-2.amazonaws.com/profile-image-501613-aa434e55-7732-41b1-9650-83a9d1d716ef.png,POLITICS,WEEK,2026-07-28T16:43:27.468517+00:00,https://data-api.polymarket.com/v1/leaderboard?category=POLITICS&timePeriod=WEEK&orderBy=PNL&limit=50&offset=0
27,0xfb5148fc7223630e0967dbfa8cd920d83ab4742d,StudentMoney,StudentM0ney,False,72119.814194,4195.00382388875,,POLITICS,WEEK,2026-07-28T16:43:27.468517+00:00,https://data-api.polymarket.com/v1/leaderboard?category=POLITICS&timePeriod=WEEK&orderBy=PNL&limit=50&offset=0
28,0x52f518bd4e1fc7fdf25a366343d06127d27119da,png1024,,False,44821.33,4188.4450521749895,https://polymarket-upload.s3.us-east-2.amazonaws.com/profile-image-1678501-24639363-c9a4-4244-85e2-5109d5a1d7d6.webp,POLITICS,WEEK,2026-07-28T16:43:27.468517+00:00,https://data-api.polymarket.com/v1/leaderboard?category=POLITICS&timePeriod=WEEK&orderBy=PNL&limit=50&offset=0
29,0xeb490d0534bb68b4c2ce139b219a728cd2c3693e,78979879879879,,False,124379.003939,4132.148089046881,,POLITICS,WEEK,2026-07-28T16:43:27.468517+00:00,https://data-api.polymarket.com/v1/leaderboard?category=POLITICS&timePeriod=WEEK&orderBy=PNL&limit=50&offset=0
30,0x950ea3d54a52dca7ec54e7a0338812450268f8e5,onepingonly,,False,0,4000.00026772001,,POLITICS,WEEK,2026-07-28T16:43:27.468517+00:00,https://data-api.polymarket.com/v1/leaderboard?category=POLITICS&timePeriod=WEEK&orderBy=PNL&limit=50&offset=0
31,0x23d81ba9371e576015c1e562db09c689f56b0288,flawfence,,False,24377.026098,3826.806478535902,,POLITICS,WEEK,2026-07-28T16:43:27.468517+00:00,https://data-api.polymarket.com/v1/leaderboard?category=POLITICS&timePeriod=WEEK&orderBy=PNL&limit=50&offset=0
32,0xab19716584931d81cd9e7763402673a64baa4876,SlenderMan,,False,251787.23694299997,3679.5625721264514,,POLITICS,WEEK,2026-07-28T16:43:27.468517+00:00,https://data-api.polymarket.com/v1/leaderboard?category=POLITICS&timePeriod=WEEK&orderBy=PNL&limit=50&offset=0
33,0xc3cd1d612bbf9fbf80da5a9bff0b0470cb46816c,UbuntuTrading,buckyandlucky,False,60075.411122000005,3652.979901085506,https://polymarket-upload.s3.us-east-2.amazonaws.com/IMG_4858_2e745132-95d1-4edf-bd2f-e0cb566889c8_1733232634396.jpeg,POLITICS,WEEK,2026-07-28T16:43:27.468517+00:00,https://data-api.polymarket.com/v1/leaderboard?category=POLITICS&timePeriod=WEEK&orderBy=PNL&limit=50&offset=0
34,0x64c8ec47e1f5a367f234a74f8176d805e87173ce,0xfcb034ffesa540c81ad37321212f6e0c762feac8,,False,1916.5437389999997,3622.924653624985,,POLITICS,WEEK,2026-07-28T16:43:27.468517+00:00,https://data-api.polymarket.com/v1/leaderboard?category=POLITICS&timePeriod=WEEK&orderBy=PNL&limit=50&offset=0
35,0xdf17f4a8dd01a4cfa6fc3da323a2baee5f8697d1,bahibahibahi,,False,141166.09693200001,3464.173962017754,https://polymarket-upload.s3.us-east-2.amazonaws.com/profile-image-1545882-f66dab75-cf0d-4676-af3d-f7b3f8e575d5.png,POLITICS,WEEK,2026-07-28T16:43:27.468517+00:00,https://data-api.polymarket.com/v1/leaderboard?category=POLITICS&timePeriod=WEEK&orderBy=PNL&limit=50&offset=0
36,0x011f2d377e56119fb09196dffb0948ae55711122,11122,,False,96518.19604099999,3460.02985916569,,POLITICS,WEEK,2026-07-28T16:43:27.468517+00:00,https://data-api.polymarket.com/v1/leaderboard?category=POLITICS&timePeriod=WEEK&orderBy=PNL&limit=50&offset=0
37,0xf5592765133941c40c77e52bc56bbe7ec167f462,0xf5592765133941c40C77e52Bc56bbe7EC167F462-1755612447740,,False,16966.06,3448.743623141998,,POLITICS,WEEK,2026-07-28T16:43:27.468517+00:00,https://data-api.polymarket.com/v1/leaderboard?category=POLITICS&timePeriod=WEEK&orderBy=PNL&limit=50&offset=0
38,0x21064fd320bfd5a86f8c92a94d3209edf4154dea,rainbowlilies,,False,146860.789003,3338.6408678906446,,POLITICS,WEEK,2026-07-28T16:43:27.468517+00:00,https://data-api.polymarket.com/v1/leaderboard?category=POLITICS&timePeriod=WEEK&orderBy=PNL&limit=50&offset=0
39,0xdfe3fedc5c7679be42c3d393e99d4b55247b73c4,cqs,,False,0,3302.7109240599093,,POLITICS,WEEK,2026-07-28T16:43:27.468517+00:00,https://data-api.polymarket.com/v1/leaderboard?category=POLITICS&timePeriod=WEEK&orderBy=PNL&limit=50&offset=0
40,0x2b9dbf4b6e0e11309a9d6d2a09b72f65f652adc0,seal7,,False,59926.299999999996,3258.52488486551,https://polymarket-upload.s3.us-east-2.amazonaws.com/profile-image-3929424-ce912f57-03a8-4a7f-91ce-3225cadda90a.png,POLITICS,WEEK,2026-07-28T16:43:27.468517+00:00,https://data-api.polymarket.com/v1/leaderboard?category=POLITICS&timePeriod=WEEK&orderBy=PNL&limit=50&offset=0
41,0x94d6f6119c9d2897719e59e4ced31a212e749ab8,devin.lawson.77,,False,799.9622139999999,3236.9940272155072,https://polymarket-upload.s3.us-east-2.amazonaws.com/profile-image-1816746-72f4f9ec-41a4-4413-93ea-ca8cdf10e49f.png,POLITICS,WEEK,2026-07-28T16:43:27.468517+00:00,https://data-api.polymarket.com/v1/leaderboard?category=POLITICS&timePeriod=WEEK&orderBy=PNL&limit=50&offset=0
42,0xc8b9a30184244d427169cf62485dde6041b2b836,SnowLover7,,False,6722.71,3184.197926046938,,POLITICS,WEEK,2026-07-28T16:43:27.468517+00:00,https://data-api.polymarket.com/v1/leaderboard?category=POLITICS&timePeriod=WEEK&orderBy=PNL&limit=50&offset=0
43,0x3eae57986be5e0ca435102ffe1f14206ffa2e2ed,thoodr,,False,5000,3129.227875524488,,POLITICS,WEEK,2026-07-28T16:43:27.468517+00:00,https://data-api.polymarket.com/v1/leaderboard?category=POLITICS&timePeriod=WEEK&orderBy=PNL&limit=50&offset=0
44,0x7bc14171ccb0d3e6bac219ec6a76211826e28db4,coali10,,False,203853.37261900003,3072.218363959226,,POLITICS,WEEK,2026-07-28T16:43:27.468517+00:00,https://data-api.polymarket.com/v1/leaderboard?category=POLITICS&timePeriod=WEEK&orderBy=PNL&limit=50&offset=0
45,0x08458f7e9d2858027de579e4c3ca305475496b6f,GollumGekko,GollumGekko1,False,64768.775325,2972.4559543051582,https://polymarket-upload.s3.us-east-2.amazonaws.com/gollum_bc5f507a-12cf-4a51-a483-ad7cd84966a5_1736427633048.JPG,POLITICS,WEEK,2026-07-28T16:43:27.468517+00:00,https://data-api.polymarket.com/v1/leaderboard?category=POLITICS&timePeriod=WEEK&orderBy=PNL&limit=50&offset=0
46,0x03805a13a0b3e058f55f6c6af95389d4f431073d,donthackme,,False,54984.11350099999,2919.7975924359052,,POLITICS,WEEK,2026-07-28T16:43:27.468517+00:00,https://data-api.polymarket.com/v1/leaderboard?category=POLITICS&timePeriod=WEEK&orderBy=PNL&limit=50&offset=0
47,0xa8c63f775ddbbe66b56614191747def3021444e8,Tenebrus7,Tenebrus87,False,401120.680286,2804.9380499317194,https://polymarket-upload.s3.us-east-2.amazonaws.com/profile-image-561226-af4d2e36-9a46-4216-8305-ab6d8c97d1ce.png,POLITICS,WEEK,2026-07-28T16:43:27.468517+00:00,https://data-api.polymarket.com/v1/leaderboard?category=POLITICS&timePeriod=WEEK&orderBy=PNL&limit=50&offset=0
48,0xa6b7ebd5ce137c3b5d56f896a52eba71702bd5f3,Relaccsed,Relaccsed,False,20256.779988999995,2757.873607239788,https://polymarket-upload.s3.us-east-2.amazonaws.com/profile-image-3114554-f2fa5a90-960c-45c1-beca-bd98eb3f52d1.png,POLITICS,WEEK,2026-07-28T16:43:27.468517+00:00,https://data-api.polymarket.com/v1/leaderboard?category=POLITICS&timePeriod=WEEK&orderBy=PNL&limit=50&offset=0
49,0x853c37a959a5791b849e3f3225c7f5963746bd03,WarriorPooh,,False,39043.612216,2736.8584416870144,https://polymarket-upload.s3.us-east-2.amazonaws.com/profile-image-4523860-1b2d84e9-15fb-4bed-a92e-6ca1555ceaf8.jpg,POLITICS,WEEK,2026-07-28T16:43:27.468517+00:00,https://data-api.polymarket.com/v1/leaderboard?category=POLITICS&timePeriod=WEEK&orderBy=PNL&limit=50&offset=0
50,0xcd71fd5370880f3d92bb941e628c05840fe0d127,Kevindoto,,False,13856.691175,2696.162360363058,,POLITICS,WEEK,2026-07-28T16:43:27.468517+00:00,https://data-api.polymarket.com/v1/leaderboard?category=POLITICS&timePeriod=WEEK&orderBy=PNL&limit=50&offset=0
1,0x93fb8127a1b21a112b11af936361225df0563e4a,LlamaLoco0000,LlamaLoco0000,False,1027942.8525110001,650931.8738615843,https://polymarket-upload.s3.us-east-2.amazonaws.com/profile-image-103509-04c51064-4c6c-46f3-892a-bcc7025f43e4.png,POLITICS,MONTH,2026-07-28T16:43:27.468517+00:00,https://data-api.polymarket.com/v1/leaderboard?category=POLITICS&timePeriod=MONTH&orderBy=PNL&limit=50&offset=0
2,0xc03ce4d8af842ca6251ac57228b3ffb166ed50af,NyetRisk,,False,921127.11,402778.0374016819,,POLITICS,MONTH,2026-07-28T16:43:27.468517+00:00,https://data-api.polymarket.com/v1/leaderboard?category=POLITICS&timePeriod=MONTH&orderBy=PNL&limit=50&offset=0
3,0xf0ed9e68e6cd3ee712260abeaec32de56a7d47d8,LinaBell,xK0neko,False,157410.155186,185431.93172204454,https://polymarket-upload.s3.us-east-2.amazonaws.com/profile-image-637801-a0040fe9-4254-4b9a-9f83-2ed1cdcc9805.png,POLITICS,MONTH,2026-07-28T16:43:27.468517+00:00,https://data-api.polymarket.com/v1/leaderboard?category=POLITICS&timePeriod=MONTH&orderBy=PNL&limit=50&offset=0
4,0x511f9c771449162349795d17becf8b37031acbe1,Bigggggggg,,False,1268718.5919730002,126933.01504991131,,POLITICS,MONTH,2026-07-28T16:43:27.468517+00:00,https://data-api.polymarket.com/v1/leaderboard?category=POLITICS&timePeriod=MONTH&orderBy=PNL&limit=50&offset=0
5,0x847667d84fc4d81db36689c4f4c5845c8d125418,DonationsReceiver,,False,45608.540779999996,124074.74219974231,https://polymarket-upload.s3.us-east-2.amazonaws.com/profile-image-3181783-2f7b3efc-d4f7-48bd-8dda-fe2e44bb9dfb.webp,POLITICS,MONTH,2026-07-28T16:43:27.468517+00:00,https://data-api.polymarket.com/v1/leaderboard?category=POLITICS&timePeriod=MONTH&orderBy=PNL&limit=50&offset=0
6,0x2663daca3cecf3767ca1c3b126002a8578a8ed1f,Q96s3kwozynxpau,,False,4471939.042087001,119595.83228925156,,POLITICS,MONTH,2026-07-28T16:43:27.468517+00:00,https://data-api.polymarket.com/v1/leaderboard?category=POLITICS&timePeriod=MONTH&orderBy=PNL&limit=50&offset=0
7,0xb0c85813a7a4428f1139ff91d3118a92c391fe7f,OursIsTheFury,,False,715425.616346,91326.92637107434,,POLITICS,MONTH,2026-07-28T16:43:27.468517+00:00,https://data-api.polymarket.com/v1/leaderboard?category=POLITICS&timePeriod=MONTH&orderBy=PNL&limit=50&offset=0
8,0x0a854897a06d4999e5b2dde5693609f1428ffe9d,TheQuietRisk,,False,0,73875.6233840345,https://polymarket-upload.s3.us-east-2.amazonaws.com/profile-image-3064075-3602ef96-7553-4b8c-bdb6-0fb08045bcf7.png,POLITICS,MONTH,2026-07-28T16:43:27.468517+00:00,https://data-api.polymarket.com/v1/leaderboard?category=POLITICS&timePeriod=MONTH&orderBy=PNL&limit=50&offset=0
9,0x8c80d213c0cbad777d06ee3f58f6ca4bc03102c3,SecondWindCapital,,False,0,68360.38639222423,,POLITICS,MONTH,2026-07-28T16:43:27.468517+00:00,https://data-api.polymarket.com/v1/leaderboard?category=POLITICS&timePeriod=MONTH&orderBy=PNL&limit=50&offset=0
10,0x224b255eaa3279ceb77330317d3c38ee8e73f6b8,252,,False,40590.664866,65056.32682048071,,POLITICS,MONTH,2026-07-28T16:43:27.468517+00:00,https://data-api.polymarket.com/v1/leaderboard?category=POLITICS&timePeriod=MONTH&orderBy=PNL&limit=50&offset=0
11,0xbc75cabb772f1da1c1772430620da0174c453f69,unknwnfnd,,False,23741.888678,63449.787156008155,https://polymarket-upload.s3.us-east-2.amazonaws.com/profile-image-3446962-5a71227b-b8f8-4578-b424-e2c8d170d8ed.png,POLITICS,MONTH,2026-07-28T16:43:27.468517+00:00,https://data-api.polymarket.com/v1/leaderboard?category=POLITICS&timePeriod=MONTH&orderBy=PNL&limit=50&offset=0
12,0xd23f8c8aab13cfb2a35da40b67f8471faf9894a1,Corlys,CorlysBro,False,376682.70397199993,60283.40608835667,https://polymarket-upload.s3.us-east-2.amazonaws.com/profile-image-8332272-4dd31c8d-b7ee-4df8-a2c8-372b30e7d27c.gif,POLITICS,MONTH,2026-07-28T16:43:27.468517+00:00,https://data-api.polymarket.com/v1/leaderboard?category=POLITICS&timePeriod=MONTH&orderBy=PNL&limit=50&offset=0
13,0xad99bffce03cc56ac1b697ac15a173700e54dbab,0xad99BFFCe03Cc56AC1b697aC15a173700E54dBaB-1770744877347,,False,58401.350551999996,56789.14912030071,,POLITICS,MONTH,2026-07-28T16:43:27.468517+00:00,https://data-api.polymarket.com/v1/leaderboard?category=POLITICS&timePeriod=MONTH&orderBy=PNL&limit=50&offset=0
14,0xfaf98181c44636998a194aa7660bcae1b977f4c4,onekey02,,False,226511.331209,56359.53712756565,,POLITICS,MONTH,2026-07-28T16:43:27.468517+00:00,https://data-api.polymarket.com/v1/leaderboard?category=POLITICS&timePeriod=MONTH&orderBy=PNL&limit=50&offset=0
15,0x1cc16713196d456f86fa9c7387dd326a7f73b8df,Wickier,,False,243774.94863499998,52424.772259369725,https://polymarket-upload.s3.us-east-2.amazonaws.com/profile-image-609636-9487ff88-f320-449f-8a82-11cf53836031.webp,POLITICS,MONTH,2026-07-28T16:43:27.468517+00:00,https://data-api.polymarket.com/v1/leaderboard?category=POLITICS&timePeriod=MONTH&orderBy=PNL&limit=50&offset=0
16,0xff72a6a01da59f9a8656e0ad39cdb048d0a4cdaa,SheepToken,SheepTokenPM,False,15514.784417,50053.651307908294,https://polymarket-upload.s3.us-east-2.amazonaws.com/profile-image-3232002-36612d27-b069-4927-95b0-64c03e76e416.png,POLITICS,MONTH,2026-07-28T16:43:27.468517+00:00,https://data-api.polymarket.com/v1/leaderboard?category=POLITICS&timePeriod=MONTH&orderBy=PNL&limit=50&offset=0
17,0xc8ab97a9089a9ff7e6ef0688e6e591a066946418,ArmageddonRewardsBilly,Eltonma,False,8066239.7270680005,47574.282674058486,https://polymarket-upload.s3.us-east-2.amazonaws.com/rewardsiconbilly_637fb65a-1112-49bc-9376-3fb6d377cde0_1738970845400.png,POLITICS,MONTH,2026-07-28T16:43:27.468517+00:00,https://data-api.polymarket.com/v1/leaderboard?category=POLITICS&timePeriod=MONTH&orderBy=PNL&limit=50&offset=0
18,0x7bc14171ccb0d3e6bac219ec6a76211826e28db4,coali10,,False,1814664.0580260002,43830.114317238505,,POLITICS,MONTH,2026-07-28T16:43:27.468517+00:00,https://data-api.polymarket.com/v1/leaderboard?category=POLITICS&timePeriod=MONTH&orderBy=PNL&limit=50&offset=0
19,0x9f208e85f326f865077fffa68b32d8b0e2bc12c3,mildwindow27,,False,204626.47040599995,43663.60532940739,,POLITICS,MONTH,2026-07-28T16:43:27.468517+00:00,https://data-api.polymarket.com/v1/leaderboard?category=POLITICS&timePeriod=MONTH&orderBy=PNL&limit=50&offset=0
20,0xc01ff7687f1380629b83fcd7b6767875c399cd8e,0xc01Ff7687F1380629B83fCd7b6767875C399cD8e-1771186644539,,False,97923.758734,42119.464907740934,,POLITICS,MONTH,2026-07-28T16:43:27.468517+00:00,https://data-api.polymarket.com/v1/leaderboard?category=POLITICS&timePeriod=MONTH&orderBy=PNL&limit=50&offset=0
21,0x74471a007ddcc488f6d57b5e86dfb35a8d48a16d,tetrose,,False,3995241.402254,42042.6953813259,https://polymarket-upload.s3.us-east-2.amazonaws.com/profile-image-2739522-d03810e0-d01b-4e53-bef5-827a096c0446.webp,POLITICS,MONTH,2026-07-28T16:43:27.468517+00:00,https://data-api.polymarket.com/v1/leaderboard?category=POLITICS&timePeriod=MONTH&orderBy=PNL&limit=50&offset=0
22,0xc5187cb669690150643ba2f9aac6b7d98d212594,mustbethewater,,False,167846.764737,41532.996983072386,,POLITICS,MONTH,2026-07-28T16:43:27.468517+00:00,https://data-api.polymarket.com/v1/leaderboard?category=POLITICS&timePeriod=MONTH&orderBy=PNL&limit=50&offset=0
23,0x6d9fc316c3b8377060a44b852ba664adbfd59790,MEPP,MEPPonPM,False,1284698.1946470002,35270.313282258634,https://polymarket-upload.s3.us-east-2.amazonaws.com/profile-image-956250-ee2efdc0-e7ad-423d-b56c-900ab1eba912.png,POLITICS,MONTH,2026-07-28T16:43:27.468517+00:00,https://data-api.polymarket.com/v1/leaderboard?category=POLITICS&timePeriod=MONTH&orderBy=PNL&limit=50&offset=0
24,0x3cd63e65f3df4aaf8ebe9de56fe5f8f633b218e4,HerbertAppreciator,,False,136579.88999999998,34306.324932242,,POLITICS,MONTH,2026-07-28T16:43:27.468517+00:00,https://data-api.polymarket.com/v1/leaderboard?category=POLITICS&timePeriod=MONTH&orderBy=PNL&limit=50&offset=0
25,0xecaa8806a9a05049d7d5260a33dc924220e377a9,Melody626,,False,429180.22189100005,32731.18939669637,,POLITICS,MONTH,2026-07-28T16:43:27.468517+00:00,https://data-api.polymarket.com/v1/leaderboard?category=POLITICS&timePeriod=MONTH&orderBy=PNL&limit=50&offset=0
26,0xc8b9a30184244d427169cf62485dde6041b2b836,SnowLover7,,False,206383.43635899998,31581.695829266624,,POLITICS,MONTH,2026-07-28T16:43:27.468517+00:00,https://data-api.polymarket.com/v1/leaderboard?category=POLITICS&timePeriod=MONTH&orderBy=PNL&limit=50&offset=0
27,0xfbfd14dd4bb607373119de95f1d4b21c3b6c0029,XAE12Archangel,polymarketbet,False,305772.177095,31366.978532379115,https://polymarket-upload.s3.us-east-2.amazonaws.com/profile-image-127727-a3eee658-ea31-4924-8f10-fbc2bb5dc071.webp,POLITICS,MONTH,2026-07-28T16:43:27.468517+00:00,https://data-api.polymarket.com/v1/leaderboard?category=POLITICS&timePeriod=MONTH&orderBy=PNL&limit=50&offset=0
28,0x62cf46cd4c3af254dccfc37a7f93de265b4b5826,eCash,,False,179011.642504,31197.75150183864,https://polymarket-upload.s3.us-east-2.amazonaws.com/ecash_gif_dc6c3aad-d54d-4b47-8f3d-5d067fb9c3ac_1741688268839.gif,POLITICS,MONTH,2026-07-28T16:43:27.468517+00:00,https://data-api.polymarket.com/v1/leaderboard?category=POLITICS&timePeriod=MONTH&orderBy=PNL&limit=50&offset=0
29,0x7dcf235766e6b09c8869468a75d5495cf171a7bd,godblessme2026,,False,68376.52295500001,30643.063737680095,,POLITICS,MONTH,2026-07-28T16:43:27.468517+00:00,https://data-api.polymarket.com/v1/leaderboard?category=POLITICS&timePeriod=MONTH&orderBy=PNL&limit=50&offset=0
30,0x6d57da09ef86a327524853b36fbd2e39cf0cbfc5,SitsToPee,,False,1871990.8262180001,29748.437092344728,,POLITICS,MONTH,2026-07-28T16:43:27.468517+00:00,https://data-api.polymarket.com/v1/leaderboard?category=POLITICS&timePeriod=MONTH&orderBy=PNL&limit=50&offset=0
31,0x134a63b764ac7b008356e8db1857db94e6b09e42,Bertapotamous,,False,293379.67998599994,29586.827594944974,https://polymarket-upload.s3.us-east-2.amazonaws.com/profile-image-1188952-2a17b589-58b3-46db-bce0-daa93195f537.png,POLITICS,MONTH,2026-07-28T16:43:27.468517+00:00,https://data-api.polymarket.com/v1/leaderboard?category=POLITICS&timePeriod=MONTH&orderBy=PNL&limit=50&offset=0
32,0xd426adbc3c4461c86099c26221c877f20e42334a,881112,,False,788897.4151620001,29099.39811621426,,POLITICS,MONTH,2026-07-28T16:43:27.468517+00:00,https://data-api.polymarket.com/v1/leaderboard?category=POLITICS&timePeriod=MONTH&orderBy=PNL&limit=50&offset=0
33,0x9d84ce0306f8551e02efef1680475fc0f1dc1344,ImJustKen,Domahhhh,True,702602.3798600001,28481.710656826617,https://polymarket-upload.s3.us-east-2.amazonaws.com/profile-image-82662-8ddbc8e8-0500-44b7-bb13-c0b32a40a45d.jpg,POLITICS,MONTH,2026-07-28T16:43:27.468517+00:00,https://data-api.polymarket.com/v1/leaderboard?category=POLITICS&timePeriod=MONTH&orderBy=PNL&limit=50&offset=0
34,0x950ea3d54a52dca7ec54e7a0338812450268f8e5,onepingonly,,False,0,28380.95425484,,POLITICS,MONTH,2026-07-28T16:43:27.468517+00:00,https://data-api.polymarket.com/v1/leaderboard?category=POLITICS&timePeriod=MONTH&orderBy=PNL&limit=50&offset=0
35,0x68c24bf4a8ad4d79a6fe4b8eec6f93a02dfd1711,mombil,mombil,False,1377453.6559840003,28331.248959196848,https://polymarket-upload.s3.us-east-2.amazonaws.com/images_d4a56771-49fd-42ed-8b25-8a8a9d19e06c_1721385750911.jpeg,POLITICS,MONTH,2026-07-28T16:43:27.468517+00:00,https://data-api.polymarket.com/v1/leaderboard?category=POLITICS&timePeriod=MONTH&orderBy=PNL&limit=50&offset=0
36,0xbaa2bcb5439e985ce4ccf815b4700027d1b92c73,denizz,denizz_poly,False,2727287.532991,28084.155791593716,,POLITICS,MONTH,2026-07-28T16:43:27.468517+00:00,https://data-api.polymarket.com/v1/leaderboard?category=POLITICS&timePeriod=MONTH&orderBy=PNL&limit=50&offset=0
37,0x17e313bb9173febb23c865a2ef8a4e8e0eaf9ba5,hymolu,,False,581234.583237,27673.656158564878,,POLITICS,MONTH,2026-07-28T16:43:27.468517+00:00,https://data-api.polymarket.com/v1/leaderboard?category=POLITICS&timePeriod=MONTH&orderBy=PNL&limit=50&offset=0
38,0x21064fd320bfd5a86f8c92a94d3209edf4154dea,rainbowlilies,,False,2172875.556985,27490.3168291419,,POLITICS,MONTH,2026-07-28T16:43:27.468517+00:00,https://data-api.polymarket.com/v1/leaderboard?category=POLITICS&timePeriod=MONTH&orderBy=PNL&limit=50&offset=0
39,0x3eae57986be5e0ca435102ffe1f14206ffa2e2ed,thoodr,,False,1714808.5962640003,27476.895817174067,,POLITICS,MONTH,2026-07-28T16:43:27.468517+00:00,https://data-api.polymarket.com/v1/leaderboard?category=POLITICS&timePeriod=MONTH&orderBy=PNL&limit=50&offset=0
40,0x2c4ca29d332c67d3ad7bf22b3cfe9486e3b1cb39,ololololololololo,,False,4122.802,27248.859580134947,,POLITICS,MONTH,2026-07-28T16:43:27.468517+00:00,https://data-api.polymarket.com/v1/leaderboard?category=POLITICS&timePeriod=MONTH&orderBy=PNL&limit=50&offset=0
41,0x182bd8bf2f11a572c4ec686aae3a0d919adcf3d3,peoplearestrange,,False,250590.91943,26967.47591421674,,POLITICS,MONTH,2026-07-28T16:43:27.468517+00:00,https://data-api.polymarket.com/v1/leaderboard?category=POLITICS&timePeriod=MONTH&orderBy=PNL&limit=50&offset=0
42,0x2cff41636fe21fad120fed603d54d4fdd96259db,ThisAgain,,False,644516.607907,26321.376025785066,,POLITICS,MONTH,2026-07-28T16:43:27.468517+00:00,https://data-api.polymarket.com/v1/leaderboard?category=POLITICS&timePeriod=MONTH&orderBy=PNL&limit=50&offset=0
43,0x5a218c7ad04135830a45c41aaed7294df7809318,balthazar,balthazarpoly,False,459658.4804399999,25906.49317595479,https://polymarket-upload.s3.us-east-2.amazonaws.com/profile-image-1873784-90701920-ed3d-4d2c-bfee-9129b7f735a0.gif,POLITICS,MONTH,2026-07-28T16:43:27.468517+00:00,https://data-api.polymarket.com/v1/leaderboard?category=POLITICS&timePeriod=MONTH&orderBy=PNL&limit=50&offset=0
44,0xbd0477e08d82d35a855ff19644a88a9213d8fbb0,yuhyuhyuhy352352,,False,1182717.8725130002,25888.649547158886,,POLITICS,MONTH,2026-07-28T16:43:27.468517+00:00,https://data-api.polymarket.com/v1/leaderboard?category=POLITICS&timePeriod=MONTH&orderBy=PNL&limit=50&offset=0
45,0x1f9e15f39bbd5d163b0eacf0fbef647ced9e4f1a,SweetHomeAL,,False,380035.26064200007,25286.619643554557,https://polymarket-upload.s3.us-east-2.amazonaws.com/profile-image-6144982-0a203c93-fcce-494a-ada9-0ec7276673e2.png,POLITICS,MONTH,2026-07-28T16:43:27.468517+00:00,https://data-api.polymarket.com/v1/leaderboard?category=POLITICS&timePeriod=MONTH&orderBy=PNL&limit=50&offset=0
46,0x28bf066c6cb952da62d6d182c16ad173ada64a4e,plainfolder,,False,148065.56929,25243.582005434797,,POLITICS,MONTH,2026-07-28T16:43:27.468517+00:00,https://data-api.polymarket.com/v1/leaderboard?category=POLITICS&timePeriod=MONTH&orderBy=PNL&limit=50&offset=0
47,0xa3282d3e882501229c75d0caf134e62e3afb4977,korda77,,False,81832.43673399999,25230.076534552878,,POLITICS,MONTH,2026-07-28T16:43:27.468517+00:00,https://data-api.polymarket.com/v1/leaderboard?category=POLITICS&timePeriod=MONTH&orderBy=PNL&limit=50&offset=0
48,0xac4a1fabdac2438d6afa2a9e8e83845310a0bf1e,HerrieDavis,,False,1866518.06587,25074.247523420287,,POLITICS,MONTH,2026-07-28T16:43:27.468517+00:00,https://data-api.polymarket.com/v1/leaderboard?category=POLITICS&timePeriod=MONTH&orderBy=PNL&limit=50&offset=0
49,0x7c3db723f1d4d8cb9c550095203b686cb11e5c6b,Car,CarOnPolymarket,True,1121057.354746,24946.780999672832,https://polymarket-upload.s3.us-east-2.amazonaws.com/profile-image-501613-aa434e55-7732-41b1-9650-83a9d1d716ef.png,POLITICS,MONTH,2026-07-28T16:43:27.468517+00:00,https://data-api.polymarket.com/v1/leaderboard?category=POLITICS&timePeriod=MONTH&orderBy=PNL&limit=50&offset=0
50,0x090af6fd2aeb04202abc97370aa86c1b81d90fa6,VictorLudorum,,False,133746.95031699998,22889.013404566755,,POLITICS,MONTH,2026-07-28T16:43:27.468517+00:00,https://data-api.polymarket.com/v1/leaderboard?category=POLITICS&timePeriod=MONTH&orderBy=PNL&limit=50&offset=0
1,0x0feb1bf966bc7f954c2da0293ae2fdc572c5db5d,YungFelon,,False,1076816.489722,52311.80097348071,,ECONOMICS,WEEK,2026-07-28T16:43:27.468517+00:00,https://data-api.polymarket.com/v1/leaderboard?category=ECONOMICS&timePeriod=WEEK&orderBy=PNL&limit=50&offset=0
2,0x714a685b5454ea4d52979563bbafa77b8168ab2f,pada,,False,0,29832.8682179365,,ECONOMICS,WEEK,2026-07-28T16:43:27.468517+00:00,https://data-api.polymarket.com/v1/leaderboard?category=ECONOMICS&timePeriod=WEEK&orderBy=PNL&limit=50&offset=0
3,0x0c689c8e78588fd3d02e56a6e787e7f9e9b09e76,monkeyking42,,False,269532.64,19604.456570400012,,ECONOMICS,WEEK,2026-07-28T16:43:27.468517+00:00,https://data-api.polymarket.com/v1/leaderboard?category=ECONOMICS&timePeriod=WEEK&orderBy=PNL&limit=50&offset=0
4,0xa309f903dbbd559e87d8d368834b8e41355c4cf2,ratehikes,,False,0,17878.607971117017,,ECONOMICS,WEEK,2026-07-28T16:43:27.468517+00:00,https://data-api.polymarket.com/v1/leaderboard?category=ECONOMICS&timePeriod=WEEK&orderBy=PNL&limit=50&offset=0
5,0x7bc14171ccb0d3e6bac219ec6a76211826e28db4,coali10,,False,203878.162639,13389.69779730498,,ECONOMICS,WEEK,2026-07-28T16:43:27.468517+00:00,https://data-api.polymarket.com/v1/leaderboard?category=ECONOMICS&timePeriod=WEEK&orderBy=PNL&limit=50&offset=0
6,0xe033e9d4a0e8b30c417f3f7abcb029bc695940a5,CDAP1,,False,569078.822197,12187.73064089092,,ECONOMICS,WEEK,2026-07-28T16:43:27.468517+00:00,https://data-api.polymarket.com/v1/leaderboard?category=ECONOMICS&timePeriod=WEEK&orderBy=PNL&limit=50&offset=0
7,0x7b02b2bac2a30ed5e40b7094e734f4c3dc2a4991,foodenjoyer,,False,525003.302957,11192.960280173284,https://polymarket-upload.s3.us-east-2.amazonaws.com/profile-image-5560611-d85e5215-b379-4aef-a93c-e95b42d9dcbd.webp,ECONOMICS,WEEK,2026-07-28T16:43:27.468517+00:00,https://data-api.polymarket.com/v1/leaderboard?category=ECONOMICS&timePeriod=WEEK&orderBy=PNL&limit=50&offset=0
8,0x6139c42e48cf190e67a0a85d492413b499336b7a,RememberAmalek,,False,13349.749133000001,8115.701109160131,https://polymarket-upload.s3.us-east-2.amazonaws.com/3ADDD929_8FD6_462E_ACEB_A3A9A20E304F_95454ca8-4c51-49d6-9b4d-83f222896a18_1724047947234.png,ECONOMICS,WEEK,2026-07-28T16:43:27.468517+00:00,https://data-api.polymarket.com/v1/leaderboard?category=ECONOMICS&timePeriod=WEEK&orderBy=PNL&limit=50&offset=0
9,0xe9076a87c5ed90ef16e6fe6529c943baeca0cff6,suntori,,False,419111.89683999994,7890.102940281373,,ECONOMICS,WEEK,2026-07-28T16:43:27.468517+00:00,https://data-api.polymarket.com/v1/leaderboard?category=ECONOMICS&timePeriod=WEEK&orderBy=PNL&limit=50&offset=0
10,0xbacd00c9080a82ded56f504ee8810af732b0ab35,ScottyNooo,,False,83654.430855,7180.34863970484,https://polymarket-upload.s3.us-east-2.amazonaws.com/profile-image-2861114-c1c15cef-e455-4932-9b26-66ad799b1a4a.webp,ECONOMICS,WEEK,2026-07-28T16:43:27.468517+00:00,https://data-api.polymarket.com/v1/leaderboard?category=ECONOMICS&timePeriod=WEEK&orderBy=PNL&limit=50&offset=0
11,0xeb6f0a13ea8c5a7a0514c25495adbe815c1025f0,87879809837209837982,,False,257426.408665,6982.81335807142,https://polymarket-upload.s3.us-east-2.amazonaws.com/profile-image-543980-57f2b7ef-b083-426a-a825-79c6e83777b4.png,ECONOMICS,WEEK,2026-07-28T16:43:27.468517+00:00,https://data-api.polymarket.com/v1/leaderboard?category=ECONOMICS&timePeriod=WEEK&orderBy=PNL&limit=50&offset=0
12,0xe3cb28f7c62ac636f407014005499d2687b5ac21,odsowner,,False,16.045713,6934.242610090263,,ECONOMICS,WEEK,2026-07-28T16:43:27.468517+00:00,https://data-api.polymarket.com/v1/leaderboard?category=ECONOMICS&timePeriod=WEEK&orderBy=PNL&limit=50&offset=0
13,0x1cc16713196d456f86fa9c7387dd326a7f73b8df,Wickier,,False,204152.88783100003,6420.169144894822,https://polymarket-upload.s3.us-east-2.amazonaws.com/profile-image-609636-9487ff88-f320-449f-8a82-11cf53836031.webp,ECONOMICS,WEEK,2026-07-28T16:43:27.468517+00:00,https://data-api.polymarket.com/v1/leaderboard?category=ECONOMICS&timePeriod=WEEK&orderBy=PNL&limit=50&offset=0
14,0x9d84ce0306f8551e02efef1680475fc0f1dc1344,ImJustKen,Domahhhh,True,912237.7017160001,6008.977309971815,https://polymarket-upload.s3.us-east-2.amazonaws.com/profile-image-82662-8ddbc8e8-0500-44b7-bb13-c0b32a40a45d.jpg,ECONOMICS,WEEK,2026-07-28T16:43:27.468517+00:00,https://data-api.polymarket.com/v1/leaderboard?category=ECONOMICS&timePeriod=WEEK&orderBy=PNL&limit=50&offset=0
15,0x032eb1bc893940263ad0b01889f262fc232f2a9e,purplegatto,,False,89966.08,5916.459945819993,,ECONOMICS,WEEK,2026-07-28T16:43:27.468517+00:00,https://data-api.polymarket.com/v1/leaderboard?category=ECONOMICS&timePeriod=WEEK&orderBy=PNL&limit=50&offset=0
16,0xecaa8806a9a05049d7d5260a33dc924220e377a9,Melody626,,False,77240.587271,5372.443439516523,,ECONOMICS,WEEK,2026-07-28T16:43:27.468517+00:00,https://data-api.polymarket.com/v1/leaderboard?category=ECONOMICS&timePeriod=WEEK&orderBy=PNL&limit=50&offset=0
17,0xf8db6180208087fea02623fe8b64f50a8d3ff92c,dudjbdj,,False,225373.47155799996,5337.628883984358,,ECONOMICS,WEEK,2026-07-28T16:43:27.468517+00:00,https://data-api.polymarket.com/v1/leaderboard?category=ECONOMICS&timePeriod=WEEK&orderBy=PNL&limit=50&offset=0
18,0xe234959595e01dacd391a9502a6ad0edf4e3304a,0x011f2d377e56119fb09196dffb0948ae5571112,,False,145609.733977,4803.976851530484,https://polymarket-upload.s3.us-east-2.amazonaws.com/profile-image-8578702-14333f39-fba5-40ff-a60a-6d6cd7300baa.png,ECONOMICS,WEEK,2026-07-28T16:43:27.468517+00:00,https://data-api.polymarket.com/v1/leaderboard?category=ECONOMICS&timePeriod=WEEK&orderBy=PNL&limit=50&offset=0
19,0x08458f7e9d2858027de579e4c3ca305475496b6f,GollumGekko,GollumGekko1,False,40468.313992,4405.321976146448,https://polymarket-upload.s3.us-east-2.amazonaws.com/gollum_bc5f507a-12cf-4a51-a483-ad7cd84966a5_1736427633048.JPG,ECONOMICS,WEEK,2026-07-28T16:43:27.468517+00:00,https://data-api.polymarket.com/v1/leaderboard?category=ECONOMICS&timePeriod=WEEK&orderBy=PNL&limit=50&offset=0
20,0xaf458bee32b8f1d9ba39ee876f20c7e3ce62ec7d,fed26,,False,0,4128.840546680003,,ECONOMICS,WEEK,2026-07-28T16:43:27.468517+00:00,https://data-api.polymarket.com/v1/leaderboard?category=ECONOMICS&timePeriod=WEEK&orderBy=PNL&limit=50&offset=0
21,0x4478d7bd8a295691ac84f60a5ec2b47e122102a4,Warren-Buffett,,False,4000,3569.0005221190077,https://polymarket-upload.s3.us-east-2.amazonaws.com/profile-image-3416479-d3d86a2e-e805-4958-9ddb-29768f8a9601.webp,ECONOMICS,WEEK,2026-07-28T16:43:27.468517+00:00,https://data-api.polymarket.com/v1/leaderboard?category=ECONOMICS&timePeriod=WEEK&orderBy=PNL&limit=50&offset=0
22,0x134a63b764ac7b008356e8db1857db94e6b09e42,Bertapotamous,,False,79999.98079999999,3434.544697629113,https://polymarket-upload.s3.us-east-2.amazonaws.com/profile-image-1188952-2a17b589-58b3-46db-bce0-daa93195f537.png,ECONOMICS,WEEK,2026-07-28T16:43:27.468517+00:00,https://data-api.polymarket.com/v1/leaderboard?category=ECONOMICS&timePeriod=WEEK&orderBy=PNL&limit=50&offset=0
23,0xe9514aa0b925353ea0d5e32978d636ec25ebde18,b2d0,,False,0,3348.5875234839623,,ECONOMICS,WEEK,2026-07-28T16:43:27.468517+00:00,https://data-api.polymarket.com/v1/leaderboard?category=ECONOMICS&timePeriod=WEEK&orderBy=PNL&limit=50&offset=0
24,0x07046535ff9a910d7343a2c319a3e62234621858,HH168,,False,0,3297.4221942699514,,ECONOMICS,WEEK,2026-07-28T16:43:27.468517+00:00,https://data-api.polymarket.com/v1/leaderboard?category=ECONOMICS&timePeriod=WEEK&orderBy=PNL&limit=50&offset=0
25,0x56c9fbdeccf198f1f5ad95ace39b24f5f7fb0d9e,redvinny,,False,64053.75836,3027.533173220774,,ECONOMICS,WEEK,2026-07-28T16:43:27.468517+00:00,https://data-api.polymarket.com/v1/leaderboard?category=ECONOMICS&timePeriod=WEEK&orderBy=PNL&limit=50&offset=0
26,0x6302cdefa498e7174dd0fcd6b06652a38eae7917,0x6302CDeFa498e7174dd0fcD6b06652A38eAe7917-1720863615256,,False,46498.38,3017.2333798199834,,ECONOMICS,WEEK,2026-07-28T16:43:27.468517+00:00,https://data-api.polymarket.com/v1/leaderboard?category=ECONOMICS&timePeriod=WEEK&orderBy=PNL&limit=50&offset=0
27,0x2458489f779c836fc773135d81b08ead95ccf8e7,neuroplasticompany,,False,0,2748.423434363496,,ECONOMICS,WEEK,2026-07-28T16:43:27.468517+00:00,https://data-api.polymarket.com/v1/leaderboard?category=ECONOMICS&timePeriod=WEEK&orderBy=PNL&limit=50&offset=0
28,0x4097b449b30f8bcf9834ea1e976f235f689c88f2,howesr1970,,False,250,2718.0384341220015,,ECONOMICS,WEEK,2026-07-28T16:43:27.468517+00:00,https://data-api.polymarket.com/v1/leaderboard?category=ECONOMICS&timePeriod=WEEK&orderBy=PNL&limit=50&offset=0
29,0x9ffe14d8b1e05c23430c8592cd8ec30f70658edd,tfg50,,False,25574.250505,2675.6410433816973,,ECONOMICS,WEEK,2026-07-28T16:43:27.468517+00:00,https://data-api.polymarket.com/v1/leaderboard?category=ECONOMICS&timePeriod=WEEK&orderBy=PNL&limit=50&offset=0
30,0x0224bb9eb0a5c9fd261ac9123a72cbdd5748292a,zb8,zb8zb9,False,35770,2637.8198362322073,https://polymarket-upload.s3.us-east-2.amazonaws.com/profile-image-701281-61d7cfcb-c8bf-45cc-a3d8-6233c5af8a1c.png,ECONOMICS,WEEK,2026-07-28T16:43:27.468517+00:00,https://data-api.polymarket.com/v1/leaderboard?category=ECONOMICS&timePeriod=WEEK&orderBy=PNL&limit=50&offset=0
31,0x05f6cb63d4ffdfaecd7ad8acd0765b6f6a5a25a1,ethBELIVER,,False,0,2610.132264987499,,ECONOMICS,WEEK,2026-07-28T16:43:27.468517+00:00,https://data-api.polymarket.com/v1/leaderboard?category=ECONOMICS&timePeriod=WEEK&orderBy=PNL&limit=50&offset=0
32,0xdf705353876ceb2549f0c03ffcb4cba33d785e92,AngryRhino,,False,21579.48,2288.4463229499997,https://polymarket-upload.s3.us-east-2.amazonaws.com/profile-image-4406231-fbdbe26a-7782-41ed-b4b6-294a8e6caea2.png,ECONOMICS,WEEK,2026-07-28T16:43:27.468517+00:00,https://data-api.polymarket.com/v1/leaderboard?category=ECONOMICS&timePeriod=WEEK&orderBy=PNL&limit=50&offset=0
33,0x1521b47bf0c41f6b7fd3ad41cdec566812c8f23e,alliswell,,False,273270.491989,2271.046624516486,,ECONOMICS,WEEK,2026-07-28T16:43:27.468517+00:00,https://data-api.polymarket.com/v1/leaderboard?category=ECONOMICS&timePeriod=WEEK&orderBy=PNL&limit=50&offset=0
34,0x011175c87089797b1c5bebcfb6d501b4c51d60f7,hhhhhhhhhhhhhhhhhhhhhhhhhhhhhhhhh,,False,79896.57902,2241.0159462383963,,ECONOMICS,WEEK,2026-07-28T16:43:27.468517+00:00,https://data-api.polymarket.com/v1/leaderboard?category=ECONOMICS&timePeriod=WEEK&orderBy=PNL&limit=50&offset=0
35,0x0c0e270cf879583d6a0142fc817e05b768d0434e,The Spirit of Ukraine>UMA,,False,60315.259999999995,2239.2703886943054,,ECONOMICS,WEEK,2026-07-28T16:43:27.468517+00:00,https://data-api.polymarket.com/v1/leaderboard?category=ECONOMICS&timePeriod=WEEK&orderBy=PNL&limit=50&offset=0
36,0x65c5b6df857821d640fd720ec78a26c236212862,Bb2de66666,,False,80319.445374,2168.923519977266,,ECONOMICS,WEEK,2026-07-28T16:43:27.468517+00:00,https://data-api.polymarket.com/v1/leaderboard?category=ECONOMICS&timePeriod=WEEK&orderBy=PNL&limit=50&offset=0
37,0xb1a279adb096d316b1b168993e8ed976d3cd372a,TwoEyes,two_gifts_,False,58780.77,2147.791649922001,https://polymarket-upload.s3.us-east-2.amazonaws.com/profile-image-559978-31183245-1c87-49cb-b225-7f93936df2ba.png,ECONOMICS,WEEK,2026-07-28T16:43:27.468517+00:00,https://data-api.polymarket.com/v1/leaderboard?category=ECONOMICS&timePeriod=WEEK&orderBy=PNL&limit=50&offset=0
38,0x26165df18c4dae74bfc20b8f266f0887fedbc6aa,ivantoney,,False,25000,2062.5,,ECONOMICS,WEEK,2026-07-28T16:43:27.468517+00:00,https://data-api.polymarket.com/v1/leaderboard?category=ECONOMICS&timePeriod=WEEK&orderBy=PNL&limit=50&offset=0
39,0xd0a042d1da4cab5293f6a758a0082234b05d2760,drde,,False,10,2014.8475920515011,,ECONOMICS,WEEK,2026-07-28T16:43:27.468517+00:00,https://data-api.polymarket.com/v1/leaderboard?category=ECONOMICS&timePeriod=WEEK&orderBy=PNL&limit=50&offset=0
40,0xdaef2be2a19ad331737d06545f85615b094554e9,THUNDERTALK-BIGGEST-FAN,,False,94133.60085799999,2013.5994166799992,https://polymarket-upload.s3.us-east-2.amazonaws.com/profile-image-2958490-a0519f84-dfb7-4fea-a9a0-1464fb295a8e.webp,ECONOMICS,WEEK,2026-07-28T16:43:27.468517+00:00,https://data-api.polymarket.com/v1/leaderboard?category=ECONOMICS&timePeriod=WEEK&orderBy=PNL&limit=50&offset=0
41,0x84d13ae298545bfcd8160b87d6659aa87a9a2c48,0x84d13ae298545BfcD8160b87D6659aa87A9a2c48-1767272446992,,False,39698.482529,1999.294977125497,https://polymarket-upload.s3.us-east-2.amazonaws.com/profile-image-4797527-4a1955de-7199-4507-ab28-c3c2d0a2749b.png,ECONOMICS,WEEK,2026-07-28T16:43:27.468517+00:00,https://data-api.polymarket.com/v1/leaderboard?category=ECONOMICS&timePeriod=WEEK&orderBy=PNL&limit=50&offset=0
42,0xaf2830f2dd4dfa32e3dffac60531bb4ba5147f92,infolitio,,False,1771.38,1975.816773763996,,ECONOMICS,WEEK,2026-07-28T16:43:27.468517+00:00,https://data-api.polymarket.com/v1/leaderboard?category=ECONOMICS&timePeriod=WEEK&orderBy=PNL&limit=50&offset=0
43,0xf579036e211211ab1d5d944f1665c394d5959989,newguy666,LooNell,False,10123.351424,1871.4469746589975,,ECONOMICS,WEEK,2026-07-28T16:43:27.468517+00:00,https://data-api.polymarket.com/v1/leaderboard?category=ECONOMICS&timePeriod=WEEK&orderBy=PNL&limit=50&offset=0
44,0xff76dd29f8376dfdaac3aa470467d6ca38c59c05,Gmoas,,False,78999.874259,1855.0594941424843,,ECONOMICS,WEEK,2026-07-28T16:43:27.468517+00:00,https://data-api.polymarket.com/v1/leaderboard?category=ECONOMICS&timePeriod=WEEK&orderBy=PNL&limit=50&offset=0
45,0x26efdfbf3f20b86e5cf631136fb5ae598e0fa308,soapbubbles,,False,0,1804.511269999999,,ECONOMICS,WEEK,2026-07-28T16:43:27.468517+00:00,https://data-api.polymarket.com/v1/leaderboard?category=ECONOMICS&timePeriod=WEEK&orderBy=PNL&limit=50&offset=0
46,0x58b3380f71bd6c706dd398a5e60bde55fa3a653c,timetowander,,False,2248175.019357,1743.027650732518,,ECONOMICS,WEEK,2026-07-28T16:43:27.468517+00:00,https://data-api.polymarket.com/v1/leaderboard?category=ECONOMICS&timePeriod=WEEK&orderBy=PNL&limit=50&offset=0
47,0x00207d0a01ca0e7150d3a7dc2e926a96a8894ee3,tbn888,,False,0,1712.5482123449992,,ECONOMICS,WEEK,2026-07-28T16:43:27.468517+00:00,https://data-api.polymarket.com/v1/leaderboard?category=ECONOMICS&timePeriod=WEEK&orderBy=PNL&limit=50&offset=0
48,0xa52b785a5510117ac3ae03d75d029f89a36c9480,Hashbrown,,False,0,1710.7107863579877,,ECONOMICS,WEEK,2026-07-28T16:43:27.468517+00:00,https://data-api.polymarket.com/v1/leaderboard?category=ECONOMICS&timePeriod=WEEK&orderBy=PNL&limit=50&offset=0
49,0x652fd12eb70599ccf9030ef3cda32ae69e70eb3d,English-learner,,False,12498.620882,1676.3069020389953,https://polymarket-upload.s3.us-east-2.amazonaws.com/profile-image-5023741-5b47707c-bd6f-4ea4-b110-b64e03506c70.webp,ECONOMICS,WEEK,2026-07-28T16:43:27.468517+00:00,https://data-api.polymarket.com/v1/leaderboard?category=ECONOMICS&timePeriod=WEEK&orderBy=PNL&limit=50&offset=0
50,0x1a3fb05e94caef23e28905767cd603eb574a6dea,alextalley,,False,0,1669.8768295460031,,ECONOMICS,WEEK,2026-07-28T16:43:27.468517+00:00,https://data-api.polymarket.com/v1/leaderboard?category=ECONOMICS&timePeriod=WEEK&orderBy=PNL&limit=50&offset=0
1,0x7b02b2bac2a30ed5e40b7094e734f4c3dc2a4991,foodenjoyer,,False,9492175.958774,390730.2800443483,https://polymarket-upload.s3.us-east-2.amazonaws.com/profile-image-5560611-d85e5215-b379-4aef-a93c-e95b42d9dcbd.webp,ECONOMICS,MONTH,2026-07-28T16:43:27.468517+00:00,https://data-api.polymarket.com/v1/leaderboard?category=ECONOMICS&timePeriod=MONTH&orderBy=PNL&limit=50&offset=0
2,0x3a8aa345d5db7ec5138298c8c4f4540259be7699,TheReturnOfDarthMaul,,False,5016917.432463,278518.7949252371,,ECONOMICS,MONTH,2026-07-28T16:43:27.468517+00:00,https://data-api.polymarket.com/v1/leaderboard?category=ECONOMICS&timePeriod=MONTH&orderBy=PNL&limit=50&offset=0
3,0x134a63b764ac7b008356e8db1857db94e6b09e42,Bertapotamous,,False,473742.2098340001,97752.38146632642,https://polymarket-upload.s3.us-east-2.amazonaws.com/profile-image-1188952-2a17b589-58b3-46db-bce0-daa93195f537.png,ECONOMICS,MONTH,2026-07-28T16:43:27.468517+00:00,https://data-api.polymarket.com/v1/leaderboard?category=ECONOMICS&timePeriod=MONTH&orderBy=PNL&limit=50&offset=0
4,0xe033e9d4a0e8b30c417f3f7abcb029bc695940a5,CDAP1,,False,2562815.718332,95663.46692818406,,ECONOMICS,MONTH,2026-07-28T16:43:27.468517+00:00,https://data-api.polymarket.com/v1/leaderboard?category=ECONOMICS&timePeriod=MONTH&orderBy=PNL&limit=50&offset=0
5,0x714a685b5454ea4d52979563bbafa77b8168ab2f,pada,,False,210371.398854,91894.38752711876,,ECONOMICS,MONTH,2026-07-28T16:43:27.468517+00:00,https://data-api.polymarket.com/v1/leaderboard?category=ECONOMICS&timePeriod=MONTH&orderBy=PNL&limit=50&offset=0
6,0x0c0e270cf879583d6a0142fc817e05b768d0434e,The Spirit of Ukraine>UMA,,False,1577951.133836,84238.94883327727,,ECONOMICS,MONTH,2026-07-28T16:43:27.468517+00:00,https://data-api.polymarket.com/v1/leaderboard?category=ECONOMICS&timePeriod=MONTH&orderBy=PNL&limit=50&offset=0
7,0xde7be6d489bce070a959e0cb813128ae659b5f4b,wan123,,False,2963922.0144829997,74710.8196739839,,ECONOMICS,MONTH,2026-07-28T16:43:27.468517+00:00,https://data-api.polymarket.com/v1/leaderboard?category=ECONOMICS&timePeriod=MONTH&orderBy=PNL&limit=50&offset=0
8,0x6139c42e48cf190e67a0a85d492413b499336b7a,RememberAmalek,,False,626866.072501,70324.76146651045,https://polymarket-upload.s3.us-east-2.amazonaws.com/3ADDD929_8FD6_462E_ACEB_A3A9A20E304F_95454ca8-4c51-49d6-9b4d-83f222896a18_1724047947234.png,ECONOMICS,MONTH,2026-07-28T16:43:27.468517+00:00,https://data-api.polymarket.com/v1/leaderboard?category=ECONOMICS&timePeriod=MONTH&orderBy=PNL&limit=50&offset=0
9,0xeb6f0a13ea8c5a7a0514c25495adbe815c1025f0,87879809837209837982,,False,3643969.849388,67831.30475840608,https://polymarket-upload.s3.us-east-2.amazonaws.com/profile-image-543980-57f2b7ef-b083-426a-a825-79c6e83777b4.png,ECONOMICS,MONTH,2026-07-28T16:43:27.468517+00:00,https://data-api.polymarket.com/v1/leaderboard?category=ECONOMICS&timePeriod=MONTH&orderBy=PNL&limit=50&offset=0
10,0xa309f903dbbd559e87d8d368834b8e41355c4cf2,ratehikes,,False,145133.73743200002,67750.47687081521,,ECONOMICS,MONTH,2026-07-28T16:43:27.468517+00:00,https://data-api.polymarket.com/v1/leaderboard?category=ECONOMICS&timePeriod=MONTH&orderBy=PNL&limit=50&offset=0
11,0xece0c003e035b724b7fe819c0b363359f475a64d,GDJHAV,,False,406193.9,55708.462822999994,,ECONOMICS,MONTH,2026-07-28T16:43:27.468517+00:00,https://data-api.polymarket.com/v1/leaderboard?category=ECONOMICS&timePeriod=MONTH&orderBy=PNL&limit=50&offset=0
12,0x0feb1bf966bc7f954c2da0293ae2fdc572c5db5d,YungFelon,,False,1076816.489722,52311.80097348071,,ECONOMICS,MONTH,2026-07-28T16:43:27.468517+00:00,https://data-api.polymarket.com/v1/leaderboard?category=ECONOMICS&timePeriod=MONTH&orderBy=PNL&limit=50&offset=0
13,0xa022ba0a68e11a78348382ff168601012d4d77f8,yungstalin,,False,1794381.5911889994,45017.427300663665,https://polymarket-upload.s3.us-east-2.amazonaws.com/profile-image-6756952-77c4b700-1a4c-4d36-970a-91b881f9bb77.webp,ECONOMICS,MONTH,2026-07-28T16:43:27.468517+00:00,https://data-api.polymarket.com/v1/leaderboard?category=ECONOMICS&timePeriod=MONTH&orderBy=PNL&limit=50&offset=0
14,0xd52b8dcb4b812c4056faf41164a6f6c73f4c5c72,TBill1,,False,1498201.9548230001,40024.310268367895,https://polymarket-upload.s3.us-east-2.amazonaws.com/profile-image-8073489-42b90002-bd96-4838-a2fd-1381349504b3.png,ECONOMICS,MONTH,2026-07-28T16:43:27.468517+00:00,https://data-api.polymarket.com/v1/leaderboard?category=ECONOMICS&timePeriod=MONTH&orderBy=PNL&limit=50&offset=0
15,0x5235578efe24555b0c98e7dc10a902b09089c04a,back-in-whack,,False,37780.94,35817.88776655803,,ECONOMICS,MONTH,2026-07-28T16:43:27.468517+00:00,https://data-api.polymarket.com/v1/leaderboard?category=ECONOMICS&timePeriod=MONTH&orderBy=PNL&limit=50&offset=0
16,0x0bb8a71b7ed93265c8045640fb3aa1eb93ad253e,anykey,,False,9792574.243662,33134.5057124954,,ECONOMICS,MONTH,2026-07-28T16:43:27.468517+00:00,https://data-api.polymarket.com/v1/leaderboard?category=ECONOMICS&timePeriod=MONTH&orderBy=PNL&limit=50&offset=0
17,0xaf458bee32b8f1d9ba39ee876f20c7e3ce62ec7d,fed26,,False,10864.86,25918.78557764049,,ECONOMICS,MONTH,2026-07-28T16:43:27.468517+00:00,https://data-api.polymarket.com/v1/leaderboard?category=ECONOMICS&timePeriod=MONTH&orderBy=PNL&limit=50&offset=0
18,0x7bb244d0c70293e66dee84f3d0623fbbbf7d682c,WongKimArk,,False,92171.358501,25386.077680121416,https://polymarket-upload.s3.us-east-2.amazonaws.com/profile-image-579181-6fd10a57-f76f-4b08-b878-b30b03176210.png,ECONOMICS,MONTH,2026-07-28T16:43:27.468517+00:00,https://data-api.polymarket.com/v1/leaderboard?category=ECONOMICS&timePeriod=MONTH&orderBy=PNL&limit=50&offset=0
19,0x5739ddf8672627ce076eff5f444610a250075f1a,hopedieslast,,False,81971.324161,24179.423266859758,,ECONOMICS,MONTH,2026-07-28T16:43:27.468517+00:00,https://data-api.polymarket.com/v1/leaderboard?category=ECONOMICS&timePeriod=MONTH&orderBy=PNL&limit=50&offset=0
20,0x1a3fb05e94caef23e28905767cd603eb574a6dea,alextalley,,False,291728.154271,24079.92628994395,,ECONOMICS,MONTH,2026-07-28T16:43:27.468517+00:00,https://data-api.polymarket.com/v1/leaderboard?category=ECONOMICS&timePeriod=MONTH&orderBy=PNL&limit=50&offset=0
21,0x45060425ac73951a6f57474a9321abea427843fd,RRRRRRRRL,,False,229915.64658600002,21377.733288653977,,ECONOMICS,MONTH,2026-07-28T16:43:27.468517+00:00,https://data-api.polymarket.com/v1/leaderboard?category=ECONOMICS&timePeriod=MONTH&orderBy=PNL&limit=50&offset=0
22,0xd9670ea74384c1e1b9dc1e4267ffadaf4cdd1409,LOL-eric,crypto_ericwu2,False,385282.668,20836.599127452908,https://polymarket-upload.s3.us-east-2.amazonaws.com/profile-image-8951740-22c7538c-a887-40a7-bd81-abc06726affd.png,ECONOMICS,MONTH,2026-07-28T16:43:27.468517+00:00,https://data-api.polymarket.com/v1/leaderboard?category=ECONOMICS&timePeriod=MONTH&orderBy=PNL&limit=50&offset=0
23,0x0c689c8e78588fd3d02e56a6e787e7f9e9b09e76,monkeyking42,,False,269532.64,19604.456570400012,,ECONOMICS,MONTH,2026-07-28T16:43:27.468517+00:00,https://data-api.polymarket.com/v1/leaderboard?category=ECONOMICS&timePeriod=MONTH&orderBy=PNL&limit=50&offset=0
24,0xc0402e527a464e782bca96f802c77e5db8d8beac,23449,,False,74699.32,18981.390574428995,,ECONOMICS,MONTH,2026-07-28T16:43:27.468517+00:00,https://data-api.polymarket.com/v1/leaderboard?category=ECONOMICS&timePeriod=MONTH&orderBy=PNL&limit=50&offset=0
25,0x54e15a0a77e3147ac78831804e5dde13cb589d5a,Adrink3D,Adrink3D,False,382084.58385600004,17566.492993697215,https://polymarket-upload.s3.us-east-2.amazonaws.com/profile-image-3156263-3fdd1568-aef3-4072-8214-de13ac55ae57.png,ECONOMICS,MONTH,2026-07-28T16:43:27.468517+00:00,https://data-api.polymarket.com/v1/leaderboard?category=ECONOMICS&timePeriod=MONTH&orderBy=PNL&limit=50&offset=0
26,0xc3daa1bb9ce85866fb1a7c3a5d02816798e641fe,harishjindal,,False,291013.49861999997,16850.663039478295,,ECONOMICS,MONTH,2026-07-28T16:43:27.468517+00:00,https://data-api.polymarket.com/v1/leaderboard?category=ECONOMICS&timePeriod=MONTH&orderBy=PNL&limit=50&offset=0
27,0xfef4edf8c1a76e66ff065081a136c9bfeef429bd,0xfEf4eDf8c1A76E66FF065081a136C9BfEeF429bD-1781309546043,,False,203136.633,16624.12288390146,,ECONOMICS,MONTH,2026-07-28T16:43:27.468517+00:00,https://data-api.polymarket.com/v1/leaderboard?category=ECONOMICS&timePeriod=MONTH&orderBy=PNL&limit=50&offset=0
28,0x35bbbad2415fe5e39b12da9a316cdc80b022009b,MisTKy,MiSTkyGo,False,1238493.6778610002,16235.006183906591,https://polymarket-upload.s3.us-east-2.amazonaws.com/profile-image-5070263-f290eb6b-11db-423d-b532-cd773195842b.jpg,ECONOMICS,MONTH,2026-07-28T16:43:27.468517+00:00,https://data-api.polymarket.com/v1/leaderboard?category=ECONOMICS&timePeriod=MONTH&orderBy=PNL&limit=50&offset=0
29,0xdbf16bcffa41bd95faec2640daa2c95ab2bd86b5,UnderperformingForALiving,,False,1723604.344812,15976.070728001956,https://polymarket-upload.s3.us-east-2.amazonaws.com/profile-image-6077424-0a1adcfa-d1c5-4ac4-991a-a6feb9623d0a.webp,ECONOMICS,MONTH,2026-07-28T16:43:27.468517+00:00,https://data-api.polymarket.com/v1/leaderboard?category=ECONOMICS&timePeriod=MONTH&orderBy=PNL&limit=50&offset=0
30,0x89cd944aa9cf528142e3557099c6992eb7ce4d7d,,,False,101098.22178100001,15757.823433854819,,ECONOMICS,MONTH,2026-07-28T16:43:27.468517+00:00,https://data-api.polymarket.com/v1/leaderboard?category=ECONOMICS&timePeriod=MONTH&orderBy=PNL&limit=50&offset=0
31,0x246b6f2cf1eb3c74ab82b5d7288ef49baeed1196,citra,,False,56878.162051,15228.207322641563,,ECONOMICS,MONTH,2026-07-28T16:43:27.468517+00:00,https://data-api.polymarket.com/v1/leaderboard?category=ECONOMICS&timePeriod=MONTH&orderBy=PNL&limit=50&offset=0
32,0x6d9fc316c3b8377060a44b852ba664adbfd59790,MEPP,MEPPonPM,False,328214.34886400006,15191.42328023359,https://polymarket-upload.s3.us-east-2.amazonaws.com/profile-image-956250-ee2efdc0-e7ad-423d-b56c-900ab1eba912.png,ECONOMICS,MONTH,2026-07-28T16:43:27.468517+00:00,https://data-api.polymarket.com/v1/leaderboard?category=ECONOMICS&timePeriod=MONTH&orderBy=PNL&limit=50&offset=0
33,0xbe89905ca9a689f5129621b62fcf715b5a45b88c,simpleman,,False,353709.049646,15149.136213171674,,ECONOMICS,MONTH,2026-07-28T16:43:27.468517+00:00,https://data-api.polymarket.com/v1/leaderboard?category=ECONOMICS&timePeriod=MONTH&orderBy=PNL&limit=50&offset=0
34,0xe961babbccae0be01c2f6b5f28f8d002e332ef1b,Kryptogram,,False,50078.17540400001,14612.340605755875,,ECONOMICS,MONTH,2026-07-28T16:43:27.468517+00:00,https://data-api.polymarket.com/v1/leaderboard?category=ECONOMICS&timePeriod=MONTH&orderBy=PNL&limit=50&offset=0
35,0xd218e474776403a330142299f7796e8ba32eb5c9,cigarettes,friendlyping,False,1291187.8578879999,14550.28148043115,,ECONOMICS,MONTH,2026-07-28T16:43:27.468517+00:00,https://data-api.polymarket.com/v1/leaderboard?category=ECONOMICS&timePeriod=MONTH&orderBy=PNL&limit=50&offset=0
36,0xc8ec6d4cef5c5fe8409ef69303c37f05b678e8f1,Hugewinner,,False,100000,14500.000000000004,https://polymarket-upload.s3.us-east-2.amazonaws.com/profile-image-1144001-1940cd0f-5899-48bd-aeb3-781b9e7d9d26.png,ECONOMICS,MONTH,2026-07-28T16:43:27.468517+00:00,https://data-api.polymarket.com/v1/leaderboard?category=ECONOMICS&timePeriod=MONTH&orderBy=PNL&limit=50&offset=0
37,0x2b9dd0a3ae93bf0d08ef733650bb9002160574f5,grinder456,,False,123021.686167,13979.924720459236,,ECONOMICS,MONTH,2026-07-28T16:43:27.468517+00:00,https://data-api.polymarket.com/v1/leaderboard?category=ECONOMICS&timePeriod=MONTH&orderBy=PNL&limit=50&offset=0
38,0x5c14eb6a6d5083c003daa8241ed559d2dc82cc49,forinnerpsandr1x11222,,False,57217.622185,13693.848345292052,,ECONOMICS,MONTH,2026-07-28T16:43:27.468517+00:00,https://data-api.polymarket.com/v1/leaderboard?category=ECONOMICS&timePeriod=MONTH&orderBy=PNL&limit=50&offset=0
39,0x9d84ce0306f8551e02efef1680475fc0f1dc1344,ImJustKen,Domahhhh,True,1218833.680021,13624.931227028836,https://polymarket-upload.s3.us-east-2.amazonaws.com/profile-image-82662-8ddbc8e8-0500-44b7-bb13-c0b32a40a45d.jpg,ECONOMICS,MONTH,2026-07-28T16:43:27.468517+00:00,https://data-api.polymarket.com/v1/leaderboard?category=ECONOMICS&timePeriod=MONTH&orderBy=PNL&limit=50&offset=0
40,0xd3ecb2aee0d65622da559ff356b00e8c2e626603,sabsabinxz,,False,67906.96,13577.665732539994,https://polymarket-upload.s3.us-east-2.amazonaws.com/profile-image-6557984-9b91052b-6ef8-4ea4-8f02-1b896d0eb370.webp,ECONOMICS,MONTH,2026-07-28T16:43:27.468517+00:00,https://data-api.polymarket.com/v1/leaderboard?category=ECONOMICS&timePeriod=MONTH&orderBy=PNL&limit=50&offset=0
41,0x05cb160afe78a908a9db795c86774a73dd3b0b0b,takepr0fit,,False,75675.274665,12227.00547817338,,ECONOMICS,MONTH,2026-07-28T16:43:27.468517+00:00,https://data-api.polymarket.com/v1/leaderboard?category=ECONOMICS&timePeriod=MONTH&orderBy=PNL&limit=50&offset=0
42,0xb8b44e3cc9e0962982e3c8bf444b6a7411f51f6e,MonacoLover,,False,29242.299999999996,12092.628654390503,,ECONOMICS,MONTH,2026-07-28T16:43:27.468517+00:00,https://data-api.polymarket.com/v1/leaderboard?category=ECONOMICS&timePeriod=MONTH&orderBy=PNL&limit=50&offset=0
43,0xab8f49a32aa63b75d8da76777bc1e4be444406d6,lazercrazer,,False,59806.88,12011.934062577999,https://polymarket-upload.s3.us-east-2.amazonaws.com/profile-image-3236625-8ad62a34-0263-4785-9114-0b72ebcb51d8.png,ECONOMICS,MONTH,2026-07-28T16:43:27.468517+00:00,https://data-api.polymarket.com/v1/leaderboard?category=ECONOMICS&timePeriod=MONTH&orderBy=PNL&limit=50&offset=0
44,0xadec0c1c1991e9dd0bdcf9401479614b65b43c7b,DoubleDip,,False,92097.53,11871.46371453,https://polymarket-upload.s3.us-east-2.amazonaws.com/profile-image-7085964-e1e6676e-7bb5-428e-9883-9963a7f8bfbd.gif,ECONOMICS,MONTH,2026-07-28T16:43:27.468517+00:00,https://data-api.polymarket.com/v1/leaderboard?category=ECONOMICS&timePeriod=MONTH&orderBy=PNL&limit=50&offset=0
45,0xecb14ac6e9ca447ce2f2912e6217b43d7b655da3,SaylorMoon,FhantomBets,False,43063.37830500001,11866.037800712555,,ECONOMICS,MONTH,2026-07-28T16:43:27.468517+00:00,https://data-api.polymarket.com/v1/leaderboard?category=ECONOMICS&timePeriod=MONTH&orderBy=PNL&limit=50&offset=0
46,0xe9076a87c5ed90ef16e6fe6529c943baeca0cff6,suntori,,False,1388718.940405,11823.915731388457,,ECONOMICS,MONTH,2026-07-28T16:43:27.468517+00:00,https://data-api.polymarket.com/v1/leaderboard?category=ECONOMICS&timePeriod=MONTH&orderBy=PNL&limit=50&offset=0
47,0x56e777a0ac58b25be414f8f29866e99ad5737c0b,Mataty1,,False,95137.62040200002,11786.048983354794,https://polymarket-upload.s3.us-east-2.amazonaws.com/profile-image-7643-e35afd6f-4dcc-4529-af64-026665f1d926.png,ECONOMICS,MONTH,2026-07-28T16:43:27.468517+00:00,https://data-api.polymarket.com/v1/leaderboard?category=ECONOMICS&timePeriod=MONTH&orderBy=PNL&limit=50&offset=0
48,0xcca90a5d3c8f2d6663817e3650d6adbe9ab44c9f,0xcCa90A5D3C8F2d6663817E3650D6aDbe9aB44C9f-1772395966516,,False,30744.76,11353.467753071,,ECONOMICS,MONTH,2026-07-28T16:43:27.468517+00:00,https://data-api.polymarket.com/v1/leaderboard?category=ECONOMICS&timePeriod=MONTH&orderBy=PNL&limit=50&offset=0
49,0x32d9e8e585a39fdaf7ed7ecc994a6d892c99d638,IsabelaCa,,False,0,11341.226417760001,,ECONOMICS,MONTH,2026-07-28T16:43:27.468517+00:00,https://data-api.polymarket.com/v1/leaderboard?category=ECONOMICS&timePeriod=MONTH&orderBy=PNL&limit=50&offset=0
50,0x88a132c7b2d1901d783ce3307adb36c78428618d,BYD77,,False,30126.792747999996,10681.930532414837,,ECONOMICS,MONTH,2026-07-28T16:43:27.468517+00:00,https://data-api.polymarket.com/v1/leaderboard?category=ECONOMICS&timePeriod=MONTH&orderBy=PNL&limit=50&offset=0
1,0x714a685b5454ea4d52979563bbafa77b8168ab2f,pada,,False,82305.586913,169526.08034661924,,FINANCE,WEEK,2026-07-28T16:43:27.468517+00:00,https://data-api.polymarket.com/v1/leaderboard?category=FINANCE&timePeriod=WEEK&orderBy=PNL&limit=50&offset=0
2,0xf0ca28d5b0141f0a8e7b251dea80fd881cb166ed,Hauchn,,False,131948.793879,150410.43975171822,,FINANCE,WEEK,2026-07-28T16:43:27.468517+00:00,https://data-api.polymarket.com/v1/leaderboard?category=FINANCE&timePeriod=WEEK&orderBy=PNL&limit=50&offset=0
3,0xd218e474776403a330142299f7796e8ba32eb5c9,cigarettes,friendlyping,False,44818.49598100001,91867.56242385611,,FINANCE,WEEK,2026-07-28T16:43:27.468517+00:00,https://data-api.polymarket.com/v1/leaderboard?category=FINANCE&timePeriod=WEEK&orderBy=PNL&limit=50&offset=0
4,0xb687f00464e33934f5d591f224e71c3559ecaee5,alwayslatetotheparty,,False,37874.895281000005,74936.98955004045,,FINANCE,WEEK,2026-07-28T16:43:27.468517+00:00,https://data-api.polymarket.com/v1/leaderboard?category=FINANCE&timePeriod=WEEK&orderBy=PNL&limit=50&offset=0
5,0x03805a13a0b3e058f55f6c6af95389d4f431073d,donthackme,,False,47680.378445,65793.05124154483,,FINANCE,WEEK,2026-07-28T16:43:27.468517+00:00,https://data-api.polymarket.com/v1/leaderboard?category=FINANCE&timePeriod=WEEK&orderBy=PNL&limit=50&offset=0
6,0x511f9c771449162349795d17becf8b37031acbe1,Bigggggggg,,False,58766.034827,44063.67840224883,,FINANCE,WEEK,2026-07-28T16:43:27.468517+00:00,https://data-api.polymarket.com/v1/leaderboard?category=FINANCE&timePeriod=WEEK&orderBy=PNL&limit=50&offset=0
7,0x2f7709800bdd3cf81b1c89c4f8b94b36caf59da4,Nz2027,Tutu2025H,False,798.99,43635.22912031,https://polymarket-upload.s3.us-east-2.amazonaws.com/profile-image-8830125-d58e6d2e-0b0c-49b9-ab73-925a287d76d8.webp,FINANCE,WEEK,2026-07-28T16:43:27.468517+00:00,https://data-api.polymarket.com/v1/leaderboard?category=FINANCE&timePeriod=WEEK&orderBy=PNL&limit=50&offset=0
8,0x5a218c7ad04135830a45c41aaed7294df7809318,balthazar,balthazarpoly,False,30787.169575,43435.083702012664,https://polymarket-upload.s3.us-east-2.amazonaws.com/profile-image-1873784-90701920-ed3d-4d2c-bfee-9129b7f735a0.gif,FINANCE,WEEK,2026-07-28T16:43:27.468517+00:00,https://data-api.polymarket.com/v1/leaderboard?category=FINANCE&timePeriod=WEEK&orderBy=PNL&limit=50&offset=0
9,0xd23f8c8aab13cfb2a35da40b67f8471faf9894a1,Corlys,CorlysBro,False,31202.681194000004,36647.293939377414,https://polymarket-upload.s3.us-east-2.amazonaws.com/profile-image-8332272-4dd31c8d-b7ee-4df8-a2c8-372b30e7d27c.gif,FINANCE,WEEK,2026-07-28T16:43:27.468517+00:00,https://data-api.polymarket.com/v1/leaderboard?category=FINANCE&timePeriod=WEEK&orderBy=PNL&limit=50&offset=0
10,0xb0c85813a7a4428f1139ff91d3118a92c391fe7f,OursIsTheFury,,False,35399.655115999994,35182.742527255265,,FINANCE,WEEK,2026-07-28T16:43:27.468517+00:00,https://data-api.polymarket.com/v1/leaderboard?category=FINANCE&timePeriod=WEEK&orderBy=PNL&limit=50&offset=0
11,0xdefebc7ed6f5d6e8710398f37eea6fc1746a17f4,e25247f2da2a2462f03c936c379b7ab0,,False,128189.11415399998,23511.839739319024,,FINANCE,WEEK,2026-07-28T16:43:27.468517+00:00,https://data-api.polymarket.com/v1/leaderboard?category=FINANCE&timePeriod=WEEK&orderBy=PNL&limit=50&offset=0
12,0x7e7828345a445ccc049cdd6e5df312ec844e3945,Jdhd38483,,False,58504.607937999994,21580.854175486165,,FINANCE,WEEK,2026-07-28T16:43:27.468517+00:00,https://data-api.polymarket.com/v1/leaderboard?category=FINANCE&timePeriod=WEEK&orderBy=PNL&limit=50&offset=0
13,0xc6e956068048c1cf98d8f0b3a495edc9da130741,luck00004,,False,0,17520.35113142102,,FINANCE,WEEK,2026-07-28T16:43:27.468517+00:00,https://data-api.polymarket.com/v1/leaderboard?category=FINANCE&timePeriod=WEEK&orderBy=PNL&limit=50&offset=0
14,0x671a326088dea34b79c51947e4a92c83545a2f1e,GingerMcKenna,,False,5317.707131,14542.175301950927,,FINANCE,WEEK,2026-07-28T16:43:27.468517+00:00,https://data-api.polymarket.com/v1/leaderboard?category=FINANCE&timePeriod=WEEK&orderBy=PNL&limit=50&offset=0
15,0xc5187cb669690150643ba2f9aac6b7d98d212594,mustbethewater,,False,8809.775688000002,14494.672669104824,,FINANCE,WEEK,2026-07-28T16:43:27.468517+00:00,https://data-api.polymarket.com/v1/leaderboard?category=FINANCE&timePeriod=WEEK&orderBy=PNL&limit=50&offset=0
16,0xd32ce89f16509d3c8f8b5e9750305a5b2bc2a4c2,,,False,10202.002871,13602.458575407494,,FINANCE,WEEK,2026-07-28T16:43:27.468517+00:00,https://data-api.polymarket.com/v1/leaderboard?category=FINANCE&timePeriod=WEEK&orderBy=PNL&limit=50&offset=0
17,0x7f9e2d1df78614564a70becc7fa14aa9a6623a0e,nojnn,,False,21684.930534,13430.04183902283,,FINANCE,WEEK,2026-07-28T16:43:27.468517+00:00,https://data-api.polymarket.com/v1/leaderboard?category=FINANCE&timePeriod=WEEK&orderBy=PNL&limit=50&offset=0
18,0xeb490d0534bb68b4c2ce139b219a728cd2c3693e,78979879879879,,False,20450.682272,12560.180171842738,,FINANCE,WEEK,2026-07-28T16:43:27.468517+00:00,https://data-api.polymarket.com/v1/leaderboard?category=FINANCE&timePeriod=WEEK&orderBy=PNL&limit=50&offset=0
19,0x06b2934b382d4429d50d7239ee375a76167f9f35,0x06b2934b382D4429D50d7239eE375a76167f9f35-1723887278819,,False,195561.19784600002,12194.4421793199,,FINANCE,WEEK,2026-07-28T16:43:27.468517+00:00,https://data-api.polymarket.com/v1/leaderboard?category=FINANCE&timePeriod=WEEK&orderBy=PNL&limit=50&offset=0
20,0xcd91a549956854fdc38efad7e80ff5da8f5432b8,Novus0rdoSeclorum,mr_nutsss,False,5271.116944,8499.851041726179,https://polymarket-upload.s3.us-east-2.amazonaws.com/profile-image-3006553-d3f0a094-9641-4093-8f50-fcf4f8ce8b6c.png,FINANCE,WEEK,2026-07-28T16:43:27.468517+00:00,https://data-api.polymarket.com/v1/leaderboard?category=FINANCE&timePeriod=WEEK&orderBy=PNL&limit=50&offset=0
21,0xe3e4bded348f8608f322a598c19dbb3c42878d04,Machaon,0xMachaon,False,18704.823145000002,7717.914795588575,,FINANCE,WEEK,2026-07-28T16:43:27.468517+00:00,https://data-api.polymarket.com/v1/leaderboard?category=FINANCE&timePeriod=WEEK&orderBy=PNL&limit=50&offset=0
22,0x7dcf235766e6b09c8869468a75d5495cf171a7bd,godblessme2026,,False,2045.5868570000002,7333.275340353535,,FINANCE,WEEK,2026-07-28T16:43:27.468517+00:00,https://data-api.polymarket.com/v1/leaderboard?category=FINANCE&timePeriod=WEEK&orderBy=PNL&limit=50&offset=0
23,0x3d7d0ba6c4cb6608e9b2ae9a7c6b4d822c6510fc,poposub,,False,1363.995713,7173.516197596813,,FINANCE,WEEK,2026-07-28T16:43:27.468517+00:00,https://data-api.polymarket.com/v1/leaderboard?category=FINANCE&timePeriod=WEEK&orderBy=PNL&limit=50&offset=0
24,0xeae707a267b3d6a112167b5c93c3fa74e38c2800,destinyas,,False,0,6866.6666659799985,,FINANCE,WEEK,2026-07-28T16:43:27.468517+00:00,https://data-api.polymarket.com/v1/leaderboard?category=FINANCE&timePeriod=WEEK&orderBy=PNL&limit=50&offset=0
25,0x86e99faea12fccd8925de5d9f052471baf7a4cdf,junifund1,,False,5,6464.493100487001,https://polymarket-upload.s3.us-east-2.amazonaws.com/profile-image-8128770-cb1f2a45-5243-495f-afd8-7a3042290ade.png,FINANCE,WEEK,2026-07-28T16:43:27.468517+00:00,https://data-api.polymarket.com/v1/leaderboard?category=FINANCE&timePeriod=WEEK&orderBy=PNL&limit=50&offset=0
26,0xe3479950ef6e8984df109ec5c9be40630f9fb438,Anon321321,,False,4871.3160530000005,6386.391132737343,,FINANCE,WEEK,2026-07-28T16:43:27.468517+00:00,https://data-api.polymarket.com/v1/leaderboard?category=FINANCE&timePeriod=WEEK&orderBy=PNL&limit=50&offset=0
27,0x28bf066c6cb952da62d6d182c16ad173ada64a4e,plainfolder,,False,9811.28954,5820.1485974779425,,FINANCE,WEEK,2026-07-28T16:43:27.468517+00:00,https://data-api.polymarket.com/v1/leaderboard?category=FINANCE&timePeriod=WEEK&orderBy=PNL&limit=50&offset=0
28,0xcfff4295288ee29f75a38a7028611b7c1e93673d,graynotebook19,,False,5202.288757,5741.633976929392,,FINANCE,WEEK,2026-07-28T16:43:27.468517+00:00,https://data-api.polymarket.com/v1/leaderboard?category=FINANCE&timePeriod=WEEK&orderBy=PNL&limit=50&offset=0
29,0x138b1b19b71472e3c1a89f076927edd974cd0467,bZk0Uo,,False,0,5685.753955110001,,FINANCE,WEEK,2026-07-28T16:43:27.468517+00:00,https://data-api.polymarket.com/v1/leaderboard?category=FINANCE&timePeriod=WEEK&orderBy=PNL&limit=50&offset=0
30,0xecaa8806a9a05049d7d5260a33dc924220e377a9,Melody626,,False,20156.794573,5682.503737927727,,FINANCE,WEEK,2026-07-28T16:43:27.468517+00:00,https://data-api.polymarket.com/v1/leaderboard?category=FINANCE&timePeriod=WEEK&orderBy=PNL&limit=50&offset=0
31,0x88c4919de76e526d55a32c1f8afb439dd1f1129a,QuietRiskisWrong,,False,11707.498967,5216.372546563238,,FINANCE,WEEK,2026-07-28T16:43:27.468517+00:00,https://data-api.polymarket.com/v1/leaderboard?category=FINANCE&timePeriod=WEEK&orderBy=PNL&limit=50&offset=0
32,0x37283720e103c56b38d62755ad604117e0164288,prediction.addiction,,False,7132.86,5150.879836083001,,FINANCE,WEEK,2026-07-28T16:43:27.468517+00:00,https://data-api.polymarket.com/v1/leaderboard?category=FINANCE&timePeriod=WEEK&orderBy=PNL&limit=50&offset=0
33,0x090af6fd2aeb04202abc97370aa86c1b81d90fa6,VictorLudorum,,False,5326.3573179999985,5063.201604728201,,FINANCE,WEEK,2026-07-28T16:43:27.468517+00:00,https://data-api.polymarket.com/v1/leaderboard?category=FINANCE&timePeriod=WEEK&orderBy=PNL&limit=50&offset=0
34,0x42f01b7c5c20570db68e0127675b3f5d2af6fc65,0x42f01b7c5c20570Db68E0127675B3f5D2aF6fc65-1768338366856,,False,41714.78665,4753.306290815301,,FINANCE,WEEK,2026-07-28T16:43:27.468517+00:00,https://data-api.polymarket.com/v1/leaderboard?category=FINANCE&timePeriod=WEEK&orderBy=PNL&limit=50&offset=0
35,0xae5b31e2ca93121383a914df2385af05e9150a8c,RexRegum,,False,0,4554.864237477996,,FINANCE,WEEK,2026-07-28T16:43:27.468517+00:00,https://data-api.polymarket.com/v1/leaderboard?category=FINANCE&timePeriod=WEEK&orderBy=PNL&limit=50&offset=0
36,0xe904443b4084bbda216e344353a44cd4324a2d9f,shovelingdigging,,False,11127.289999999999,4349.553806112734,,FINANCE,WEEK,2026-07-28T16:43:27.468517+00:00,https://data-api.polymarket.com/v1/leaderboard?category=FINANCE&timePeriod=WEEK&orderBy=PNL&limit=50&offset=0
37,0x06ac70013cd0c7992ec830ad5df9f7f66d5b79ec,eastpak,,False,29837.200531000002,4327.3312422088875,,FINANCE,WEEK,2026-07-28T16:43:27.468517+00:00,https://data-api.polymarket.com/v1/leaderboard?category=FINANCE&timePeriod=WEEK&orderBy=PNL&limit=50&offset=0
38,0xe917ff331e805261dbc903d39965a6b64ccd9612,SteveTheFish,,False,37532.569209,4199.2796520534575,https://polymarket-upload.s3.us-east-2.amazonaws.com/profile-image-7585129-721e4e4f-6a5f-4c1b-8941-3acc78d886e2.png,FINANCE,WEEK,2026-07-28T16:43:27.468517+00:00,https://data-api.polymarket.com/v1/leaderboard?category=FINANCE&timePeriod=WEEK&orderBy=PNL&limit=50&offset=0
39,0xe32b46a28b649031939a78ee47fca260758a626e,Contradict,,False,0,4197.25,,FINANCE,WEEK,2026-07-28T16:43:27.468517+00:00,https://data-api.polymarket.com/v1/leaderboard?category=FINANCE&timePeriod=WEEK&orderBy=PNL&limit=50&offset=0
40,0x2974bd0059e48f215c391882976e0f1b4c8c9c23,65765757,,False,28296.841480000003,4163.65578132054,,FINANCE,WEEK,2026-07-28T16:43:27.468517+00:00,https://data-api.polymarket.com/v1/leaderboard?category=FINANCE&timePeriod=WEEK&orderBy=PNL&limit=50&offset=0
41,0x942e79166821f3f4e67872e44f1672fcccd2be27,smallreceipt,,False,1361.393239,4001.0298853953136,,FINANCE,WEEK,2026-07-28T16:43:27.468517+00:00,https://data-api.polymarket.com/v1/leaderboard?category=FINANCE&timePeriod=WEEK&orderBy=PNL&limit=50&offset=0
42,0xac4a1fabdac2438d6afa2a9e8e83845310a0bf1e,HerrieDavis,,False,36040.608092,3999.227283265631,,FINANCE,WEEK,2026-07-28T16:43:27.468517+00:00,https://data-api.polymarket.com/v1/leaderboard?category=FINANCE&timePeriod=WEEK&orderBy=PNL&limit=50&offset=0
43,0x50c80ae7a66e49701dc9388bd13574ba03e0caa2,flipforchanel,,False,87867.684342,3954.325267753593,,FINANCE,WEEK,2026-07-28T16:43:27.468517+00:00,https://data-api.polymarket.com/v1/leaderboard?category=FINANCE&timePeriod=WEEK&orderBy=PNL&limit=50&offset=0
44,0x83733b87090cf97aee473b1000beb9bfab7af0bc,merod,,False,2554.343148,3717.4895638904163,,FINANCE,WEEK,2026-07-28T16:43:27.468517+00:00,https://data-api.polymarket.com/v1/leaderboard?category=FINANCE&timePeriod=WEEK&orderBy=PNL&limit=50&offset=0
45,0xaec718f7dd38e0c29c14a8472183a48fed6203ef,adfjo,,False,0,3698.54468652,,FINANCE,WEEK,2026-07-28T16:43:27.468517+00:00,https://data-api.polymarket.com/v1/leaderboard?category=FINANCE&timePeriod=WEEK&orderBy=PNL&limit=50&offset=0
46,0xeff1456f6c42df06f450b6fc146beb4a800e6930,karambitclaw,,False,10551.584743,3372.8651044733933,,FINANCE,WEEK,2026-07-28T16:43:27.468517+00:00,https://data-api.polymarket.com/v1/leaderboard?category=FINANCE&timePeriod=WEEK&orderBy=PNL&limit=50&offset=0
47,0xfbd8c9c22ca76b3662d0e53a4f79719fdc684027,0xfBd8C9C22cA76B3662d0e53A4f79719FDC684027-1779347618060,,False,2440.8,3231.912221208986,,FINANCE,WEEK,2026-07-28T16:43:27.468517+00:00,https://data-api.polymarket.com/v1/leaderboard?category=FINANCE&timePeriod=WEEK&orderBy=PNL&limit=50&offset=0
48,0xc97b0b2a2547bb3ed57167092ef8a6e816c347e5,0xC97b0b2A2547bB3eD57167092EF8a6e816C347E5-1770003388001,,False,33291.526125000004,3068.50264125982,,FINANCE,WEEK,2026-07-28T16:43:27.468517+00:00,https://data-api.polymarket.com/v1/leaderboard?category=FINANCE&timePeriod=WEEK&orderBy=PNL&limit=50&offset=0
49,0xf66f1f8f742b301e03eed9480956373a6ef98e0c,ronm238,,False,6593.406580999999,3049.718761902499,https://polymarket-upload.s3.us-east-2.amazonaws.com/IMG_4428_09029a64-3552-4be5-b0c5-04778bfb06a0_1725960745677.jpeg,FINANCE,WEEK,2026-07-28T16:43:27.468517+00:00,https://data-api.polymarket.com/v1/leaderboard?category=FINANCE&timePeriod=WEEK&orderBy=PNL&limit=50&offset=0
50,0xd1eed20edd22a289839379e89e3470ea1742a8ae,chefradish,,False,63363.768989,3047.6287024687645,,FINANCE,WEEK,2026-07-28T16:43:27.468517+00:00,https://data-api.polymarket.com/v1/leaderboard?category=FINANCE&timePeriod=WEEK&orderBy=PNL&limit=50&offset=0
1,0x714a685b5454ea4d52979563bbafa77b8168ab2f,pada,,False,1000089.4314910001,1249080.8651351193,,FINANCE,MONTH,2026-07-28T16:43:27.468517+00:00,https://data-api.polymarket.com/v1/leaderboard?category=FINANCE&timePeriod=MONTH&orderBy=PNL&limit=50&offset=0
2,0xb687f00464e33934f5d591f224e71c3559ecaee5,alwayslatetotheparty,,False,349660.868646,420315.02798836766,,FINANCE,MONTH,2026-07-28T16:43:27.468517+00:00,https://data-api.polymarket.com/v1/leaderboard?category=FINANCE&timePeriod=MONTH&orderBy=PNL&limit=50&offset=0
3,0x03805a13a0b3e058f55f6c6af95389d4f431073d,donthackme,,False,200992.24466299996,355308.0715211204,,FINANCE,MONTH,2026-07-28T16:43:27.468517+00:00,https://data-api.polymarket.com/v1/leaderboard?category=FINANCE&timePeriod=MONTH&orderBy=PNL&limit=50&offset=0
4,0x511f9c771449162349795d17becf8b37031acbe1,Bigggggggg,,False,258730.88917900008,331658.76129601966,,FINANCE,MONTH,2026-07-28T16:43:27.468517+00:00,https://data-api.polymarket.com/v1/leaderboard?category=FINANCE&timePeriod=MONTH&orderBy=PNL&limit=50&offset=0
5,0xf0ca28d5b0141f0a8e7b251dea80fd881cb166ed,Hauchn,,False,1022243.0446390002,290284.93149837543,,FINANCE,MONTH,2026-07-28T16:43:27.468517+00:00,https://data-api.polymarket.com/v1/leaderboard?category=FINANCE&timePeriod=MONTH&orderBy=PNL&limit=50&offset=0
6,0xb0c85813a7a4428f1139ff91d3118a92c391fe7f,OursIsTheFury,,False,206082.00414,255333.99190542297,,FINANCE,MONTH,2026-07-28T16:43:27.468517+00:00,https://data-api.polymarket.com/v1/leaderboard?category=FINANCE&timePeriod=MONTH&orderBy=PNL&limit=50&offset=0
7,0xd218e474776403a330142299f7796e8ba32eb5c9,cigarettes,friendlyping,False,118349.91313700001,219222.82156760927,,FINANCE,MONTH,2026-07-28T16:43:27.468517+00:00,https://data-api.polymarket.com/v1/leaderboard?category=FINANCE&timePeriod=MONTH&orderBy=PNL&limit=50&offset=0
8,0x5a218c7ad04135830a45c41aaed7294df7809318,balthazar,balthazarpoly,False,137271.22048800002,183514.41866279027,https://polymarket-upload.s3.us-east-2.amazonaws.com/profile-image-1873784-90701920-ed3d-4d2c-bfee-9129b7f735a0.gif,FINANCE,MONTH,2026-07-28T16:43:27.468517+00:00,https://data-api.polymarket.com/v1/leaderboard?category=FINANCE&timePeriod=MONTH&orderBy=PNL&limit=50&offset=0
9,0xd23f8c8aab13cfb2a35da40b67f8471faf9894a1,Corlys,CorlysBro,False,143540.699107,158901.34970111662,https://polymarket-upload.s3.us-east-2.amazonaws.com/profile-image-8332272-4dd31c8d-b7ee-4df8-a2c8-372b30e7d27c.gif,FINANCE,MONTH,2026-07-28T16:43:27.468517+00:00,https://data-api.polymarket.com/v1/leaderboard?category=FINANCE&timePeriod=MONTH&orderBy=PNL&limit=50&offset=0
10,0x74471a007ddcc488f6d57b5e86dfb35a8d48a16d,tetrose,,False,1218824.0854350002,109102.39338655202,https://polymarket-upload.s3.us-east-2.amazonaws.com/profile-image-2739522-d03810e0-d01b-4e53-bef5-827a096c0446.webp,FINANCE,MONTH,2026-07-28T16:43:27.468517+00:00,https://data-api.polymarket.com/v1/leaderboard?category=FINANCE&timePeriod=MONTH&orderBy=PNL&limit=50&offset=0
11,0xc5187cb669690150643ba2f9aac6b7d98d212594,mustbethewater,,False,52600.40999000001,78450.53087994482,,FINANCE,MONTH,2026-07-28T16:43:27.468517+00:00,https://data-api.polymarket.com/v1/leaderboard?category=FINANCE&timePeriod=MONTH&orderBy=PNL&limit=50&offset=0
12,0xe734e7bf7cfb9e464681f71822f6c2f6be514f0c,boyau,,False,4223995.570896,77728.2459157505,https://polymarket-upload.s3.us-east-2.amazonaws.com/profile-image-6142404-4a26f787-169f-4eac-ad75-b638832f118c.webp,FINANCE,MONTH,2026-07-28T16:43:27.468517+00:00,https://data-api.polymarket.com/v1/leaderboard?category=FINANCE&timePeriod=MONTH&orderBy=PNL&limit=50&offset=0
13,0x16c7337106a0b3a06ff863a1c06d8e2cbf7322cd,0x16c7337106A0B3a06fF863A1c06D8e2cbf7322cd-1778811943243,,False,6940.837375000001,68514.4236522442,,FINANCE,MONTH,2026-07-28T16:43:27.468517+00:00,https://data-api.polymarket.com/v1/leaderboard?category=FINANCE&timePeriod=MONTH&orderBy=PNL&limit=50&offset=0
14,0x7bc14171ccb0d3e6bac219ec6a76211826e28db4,coali10,,False,136965.900403,62165.45639305,,FINANCE,MONTH,2026-07-28T16:43:27.468517+00:00,https://data-api.polymarket.com/v1/leaderboard?category=FINANCE&timePeriod=MONTH&orderBy=PNL&limit=50&offset=0
15,0x090af6fd2aeb04202abc97370aa86c1b81d90fa6,VictorLudorum,,False,37957.749543,61675.716629967144,,FINANCE,MONTH,2026-07-28T16:43:27.468517+00:00,https://data-api.polymarket.com/v1/leaderboard?category=FINANCE&timePeriod=MONTH&orderBy=PNL&limit=50&offset=0
16,0xd32ce89f16509d3c8f8b5e9750305a5b2bc2a4c2,,,False,25931.175005,52370.488661102834,,FINANCE,MONTH,2026-07-28T16:43:27.468517+00:00,https://data-api.polymarket.com/v1/leaderboard?category=FINANCE&timePeriod=MONTH&orderBy=PNL&limit=50&offset=0
17,0x671a326088dea34b79c51947e4a92c83545a2f1e,GingerMcKenna,,False,18880.008943,43360.095951777155,,FINANCE,MONTH,2026-07-28T16:43:27.468517+00:00,https://data-api.polymarket.com/v1/leaderboard?category=FINANCE&timePeriod=MONTH&orderBy=PNL&limit=50&offset=0
18,0x9b129ad05bc0a8df3c73dfcc66fe75252daec2d5,0x9b129aD05Bc0a8df3C73DfCC66fE75252DaEC2D5-1778811687225,,False,5237.072322000001,40162.68261758733,,FINANCE,MONTH,2026-07-28T16:43:27.468517+00:00,https://data-api.polymarket.com/v1/leaderboard?category=FINANCE&timePeriod=MONTH&orderBy=PNL&limit=50&offset=0
19,0x9f208e85f326f865077fffa68b32d8b0e2bc12c3,mildwindow27,,False,62069.427703999994,39794.76581458404,,FINANCE,MONTH,2026-07-28T16:43:27.468517+00:00,https://data-api.polymarket.com/v1/leaderboard?category=FINANCE&timePeriod=MONTH&orderBy=PNL&limit=50&offset=0
20,0xcd91a549956854fdc38efad7e80ff5da8f5432b8,Novus0rdoSeclorum,mr_nutsss,False,25838.985361,39040.177779930316,https://polymarket-upload.s3.us-east-2.amazonaws.com/profile-image-3006553-d3f0a094-9641-4093-8f50-fcf4f8ce8b6c.png,FINANCE,MONTH,2026-07-28T16:43:27.468517+00:00,https://data-api.polymarket.com/v1/leaderboard?category=FINANCE&timePeriod=MONTH&orderBy=PNL&limit=50&offset=0
21,0x38d812aff0b79f3bf5da2a477f780bcc163eea7c,thanksforplayin,,False,1956412.794223,32634.658341413742,https://polymarket-upload.s3.us-east-2.amazonaws.com/profile-image-601853-34316d6d-1d3e-48d5-b36e-c699eede03eb.webp,FINANCE,MONTH,2026-07-28T16:43:27.468517+00:00,https://data-api.polymarket.com/v1/leaderboard?category=FINANCE&timePeriod=MONTH&orderBy=PNL&limit=50&offset=0
22,0xa3282d3e882501229c75d0caf134e62e3afb4977,korda77,,False,23117.519975999996,32106.97442384419,,FINANCE,MONTH,2026-07-28T16:43:27.468517+00:00,https://data-api.polymarket.com/v1/leaderboard?category=FINANCE&timePeriod=MONTH&orderBy=PNL&limit=50&offset=0
23,0x06b2934b382d4429d50d7239ee375a76167f9f35,0x06b2934b382D4429D50d7239eE375a76167f9f35-1723887278819,,False,847605.211341,29297.02774952109,,FINANCE,MONTH,2026-07-28T16:43:27.468517+00:00,https://data-api.polymarket.com/v1/leaderboard?category=FINANCE&timePeriod=MONTH&orderBy=PNL&limit=50&offset=0
24,0x6a5121acdc5e4fc2980d177a0aa729315ce6006e,Bizzzhh,,False,64471.40747700001,29232.997754060907,,FINANCE,MONTH,2026-07-28T16:43:27.468517+00:00,https://data-api.polymarket.com/v1/leaderboard?category=FINANCE&timePeriod=MONTH&orderBy=PNL&limit=50&offset=0
25,0xb7849a305b28663a193f5d4bc94dc277463bd061,nakam,,False,235655.84027400002,28368.406449989503,,FINANCE,MONTH,2026-07-28T16:43:27.468517+00:00,https://data-api.polymarket.com/v1/leaderboard?category=FINANCE&timePeriod=MONTH&orderBy=PNL&limit=50&offset=0
26,0x4f1d5ae26fc31472966e951af3183308736d8de2,e46m3,love_u_4ever,False,19466.279036,28351.760971461772,,FINANCE,MONTH,2026-07-28T16:43:27.468517+00:00,https://data-api.polymarket.com/v1/leaderboard?category=FINANCE&timePeriod=MONTH&orderBy=PNL&limit=50&offset=0
27,0xf3ad8f80006d90a5ba90112a675d13bffd740724,,,False,145380.85663300002,27043.464717942734,,FINANCE,MONTH,2026-07-28T16:43:27.468517+00:00,https://data-api.polymarket.com/v1/leaderboard?category=FINANCE&timePeriod=MONTH&orderBy=PNL&limit=50&offset=0
28,0x3dd2db2d398ff72c2c71c9ad6473368b941e9ab1,paspor,,False,12439.174401,25397.136047083233,,FINANCE,MONTH,2026-07-28T16:43:27.468517+00:00,https://data-api.polymarket.com/v1/leaderboard?category=FINANCE&timePeriod=MONTH&orderBy=PNL&limit=50&offset=0
29,0x90c23cb846d4c78b59096bae855161d92ea28c24,cryptothan,,False,709871.1167520001,25068.405986537837,,FINANCE,MONTH,2026-07-28T16:43:27.468517+00:00,https://data-api.polymarket.com/v1/leaderboard?category=FINANCE&timePeriod=MONTH&orderBy=PNL&limit=50&offset=0
30,0x7bbf09fc724e3ca90332e17d4f352b3cbc0f7ce5,pestanimal,,False,14713.498647000002,24639.35528725451,,FINANCE,MONTH,2026-07-28T16:43:27.468517+00:00,https://data-api.polymarket.com/v1/leaderboard?category=FINANCE&timePeriod=MONTH&orderBy=PNL&limit=50&offset=0
31,0x72a0d79b4325638bc2bcfc9a2b8a380c2d81c059,0x898ca742482eab3A4a015DA6928f8edC9BF3DA39-1782562025853,,False,501207.35886700003,23770.901577115423,,FINANCE,MONTH,2026-07-28T16:43:27.468517+00:00,https://data-api.polymarket.com/v1/leaderboard?category=FINANCE&timePeriod=MONTH&orderBy=PNL&limit=50&offset=0
32,0x4bbe10ba5b7f6df147c0dae17b46c44a6e562cf3,How.Dare.You,,False,115451.62545400001,23744.28925985028,https://polymarket-upload.s3.us-east-2.amazonaws.com/profile-image-1746015-f4965145-4bd7-4f32-8c41-82ffdc32bc24.webp,FINANCE,MONTH,2026-07-28T16:43:27.468517+00:00,https://data-api.polymarket.com/v1/leaderboard?category=FINANCE&timePeriod=MONTH&orderBy=PNL&limit=50&offset=0
33,0x25db6ca5935ae858a5c1f2dcd5c62939805328de,0x25db6cA5935ae858A5c1F2dCD5c62939805328dE-1770665598557,,False,156176.677085,23722.7692627284,,FINANCE,MONTH,2026-07-28T16:43:27.468517+00:00,https://data-api.polymarket.com/v1/leaderboard?category=FINANCE&timePeriod=MONTH&orderBy=PNL&limit=50&offset=0
34,0x50c80ae7a66e49701dc9388bd13574ba03e0caa2,flipforchanel,,False,978400.6422360002,22988.307444159465,,FINANCE,MONTH,2026-07-28T16:43:27.468517+00:00,https://data-api.polymarket.com/v1/leaderboard?category=FINANCE&timePeriod=MONTH&orderBy=PNL&limit=50&offset=0
35,0xe613b515bd46b1585a8b137a4d291d9b80bd540e,Gucky-45,,False,3999.725347,22560.508883279665,https://polymarket-upload.s3.us-east-2.amazonaws.com/profile-image-1380352-d9beb299-3be7-48ea-868d-65407cd68884.jpg,FINANCE,MONTH,2026-07-28T16:43:27.468517+00:00,https://data-api.polymarket.com/v1/leaderboard?category=FINANCE&timePeriod=MONTH&orderBy=PNL&limit=50&offset=0
36,0x5c14eb6a6d5083c003daa8241ed559d2dc82cc49,forinnerpsandr1x11222,,False,20746.698,21882.574657773996,,FINANCE,MONTH,2026-07-28T16:43:27.468517+00:00,https://data-api.polymarket.com/v1/leaderboard?category=FINANCE&timePeriod=MONTH&orderBy=PNL&limit=50&offset=0
37,0x942e79166821f3f4e67872e44f1672fcccd2be27,smallreceipt,,False,18042.514013,21728.302066128956,,FINANCE,MONTH,2026-07-28T16:43:27.468517+00:00,https://data-api.polymarket.com/v1/leaderboard?category=FINANCE&timePeriod=MONTH&orderBy=PNL&limit=50&offset=0
38,0xfc2f4f50ce2f6045d35558a5e2d8d4b2ac6610c7,0xFc2F4f50ce2F6045d35558A5E2D8d4b2aC6610c7-1769097007451,,False,134996.20785,21410.9638842658,,FINANCE,MONTH,2026-07-28T16:43:27.468517+00:00,https://data-api.polymarket.com/v1/leaderboard?category=FINANCE&timePeriod=MONTH&orderBy=PNL&limit=50&offset=0
39,0x993c072519306017fe9a6b3ee6fa4a02b3056787,Jep-G,,False,880346.991182,21218.401927080253,https://polymarket-upload.s3.us-east-2.amazonaws.com/profile-image-3212881-6ea4cd49-6853-49e2-9b2e-bbd72c337ed0.png,FINANCE,MONTH,2026-07-28T16:43:27.468517+00:00,https://data-api.polymarket.com/v1/leaderboard?category=FINANCE&timePeriod=MONTH&orderBy=PNL&limit=50&offset=0
40,0x9e88f359b9803e41420fbb13385c5ae1765c301c,YoungAlphaGoat,,False,773031.3478099998,21145.29775963947,https://polymarket-upload.s3.us-east-2.amazonaws.com/profile-image-3281669-4239e7d8-b3ba-4bf5-9ea6-5b2bd84282fe.jpg,FINANCE,MONTH,2026-07-28T16:43:27.468517+00:00,https://data-api.polymarket.com/v1/leaderboard?category=FINANCE&timePeriod=MONTH&orderBy=PNL&limit=50&offset=0
41,0x7e7828345a445ccc049cdd6e5df312ec844e3945,Jdhd38483,,False,127517.20155799997,20795.542910120806,,FINANCE,MONTH,2026-07-28T16:43:27.468517+00:00,https://data-api.polymarket.com/v1/leaderboard?category=FINANCE&timePeriod=MONTH&orderBy=PNL&limit=50&offset=0
42,0x560bec8a0e62a8f1d4ae80c7b76786f2b5fcaf09,Unconscious9485,,False,0,19829.626732395453,,FINANCE,MONTH,2026-07-28T16:43:27.468517+00:00,https://data-api.polymarket.com/v1/leaderboard?category=FINANCE&timePeriod=MONTH&orderBy=PNL&limit=50&offset=0
43,0x28bf066c6cb952da62d6d182c16ad173ada64a4e,plainfolder,,False,41158.76970499999,19445.02948538963,,FINANCE,MONTH,2026-07-28T16:43:27.468517+00:00,https://data-api.polymarket.com/v1/leaderboard?category=FINANCE&timePeriod=MONTH&orderBy=PNL&limit=50&offset=0
44,0xcfff4295288ee29f75a38a7028611b7c1e93673d,graynotebook19,,False,28710.164938999995,18415.255218282553,,FINANCE,MONTH,2026-07-28T16:43:27.468517+00:00,https://data-api.polymarket.com/v1/leaderboard?category=FINANCE&timePeriod=MONTH&orderBy=PNL&limit=50&offset=0
45,0x764b305694b026c1acce7bf862c3b5456a146bad,quietparcel,,False,32414.685083,18263.284055751836,,FINANCE,MONTH,2026-07-28T16:43:27.468517+00:00,https://data-api.polymarket.com/v1/leaderboard?category=FINANCE&timePeriod=MONTH&orderBy=PNL&limit=50&offset=0
46,0x6560abb717a8e5f3afaacd1a31e9c03eed71e164,1walrus,,False,193195.53839899998,18202.02763138049,,FINANCE,MONTH,2026-07-28T16:43:27.468517+00:00,https://data-api.polymarket.com/v1/leaderboard?category=FINANCE&timePeriod=MONTH&orderBy=PNL&limit=50&offset=0
47,0x5a7b3328e8756579bfd364ba92c5c589c7bae9eb,notssf3,,False,23720.154651,17574.7858535064,,FINANCE,MONTH,2026-07-28T16:43:27.468517+00:00,https://data-api.polymarket.com/v1/leaderboard?category=FINANCE&timePeriod=MONTH&orderBy=PNL&limit=50&offset=0
48,0x96489abcb9f583d6835c8ef95ffc923d05a86825,anoin123,,False,210197.35790400003,17402.990130693288,,FINANCE,MONTH,2026-07-28T16:43:27.468517+00:00,https://data-api.polymarket.com/v1/leaderboard?category=FINANCE&timePeriod=MONTH&orderBy=PNL&limit=50&offset=0
49,0xe917ff331e805261dbc903d39965a6b64ccd9612,SteveTheFish,,False,381132.624961,17069.732593767458,https://polymarket-upload.s3.us-east-2.amazonaws.com/profile-image-7585129-721e4e4f-6a5f-4c1b-8941-3acc78d886e2.png,FINANCE,MONTH,2026-07-28T16:43:27.468517+00:00,https://data-api.polymarket.com/v1/leaderboard?category=FINANCE&timePeriod=MONTH&orderBy=PNL&limit=50&offset=0
50,0x982a77e75498fa134607f598c861b8de9d0c6851,grasstoucher69,,False,475122.44173200004,16446.678882923057,,FINANCE,MONTH,2026-07-28T16:43:27.468517+00:00,https://data-api.polymarket.com/v1/leaderboard?category=FINANCE&timePeriod=MONTH&orderBy=PNL&limit=50&offset=0
1,0xb687f00464e33934f5d591f224e71c3559ecaee5,alwayslatetotheparty,,False,22153.900043999995,11415.765202139955,,TECH,WEEK,2026-07-28T16:43:27.468517+00:00,https://data-api.polymarket.com/v1/leaderboard?category=TECH&timePeriod=WEEK&orderBy=PNL&limit=50&offset=0
2,0x81ca49ad9806de2d92782b873bfa7fe051943b87,da4c07,,False,18364.124439,11047.665668335458,,TECH,WEEK,2026-07-28T16:43:27.468517+00:00,https://data-api.polymarket.com/v1/leaderboard?category=TECH&timePeriod=WEEK&orderBy=PNL&limit=50&offset=0
3,0x5999ebfa145490e0280dd246856a5b3605f7ae94,kl1v,,False,13673.358064,8223.222051506342,https://polymarket-upload.s3.us-east-2.amazonaws.com/profile-image-2729362-e0628fed-a278-4b69-b162-719d09f6415e.webp,TECH,WEEK,2026-07-28T16:43:27.468517+00:00,https://data-api.polymarket.com/v1/leaderboard?category=TECH&timePeriod=WEEK&orderBy=PNL&limit=50&offset=0
4,0xb64fe08cf7ebbf52cf2963bba89deb13b79ddc88,kejsi,bucchichi,False,30303.5142,7171.970303081003,https://polymarket-upload.s3.us-east-2.amazonaws.com/profile-image-4288721-3adb8f29-b115-45c5-8d3f-ca3d5c7b1860.png,TECH,WEEK,2026-07-28T16:43:27.468517+00:00,https://data-api.polymarket.com/v1/leaderboard?category=TECH&timePeriod=WEEK&orderBy=PNL&limit=50&offset=0
5,0xd23f8c8aab13cfb2a35da40b67f8471faf9894a1,Corlys,CorlysBro,False,33191.25859000001,6807.139827707742,https://polymarket-upload.s3.us-east-2.amazonaws.com/profile-image-8332272-4dd31c8d-b7ee-4df8-a2c8-372b30e7d27c.gif,TECH,WEEK,2026-07-28T16:43:27.468517+00:00,https://data-api.polymarket.com/v1/leaderboard?category=TECH&timePeriod=WEEK&orderBy=PNL&limit=50&offset=0
6,0x03805a13a0b3e058f55f6c6af95389d4f431073d,donthackme,,False,16427.579055000002,4966.729221583701,,TECH,WEEK,2026-07-28T16:43:27.468517+00:00,https://data-api.polymarket.com/v1/leaderboard?category=TECH&timePeriod=WEEK&orderBy=PNL&limit=50&offset=0
7,0xb0c85813a7a4428f1139ff91d3118a92c391fe7f,OursIsTheFury,,False,20713.059271,4622.894130003144,,TECH,WEEK,2026-07-28T16:43:27.468517+00:00,https://data-api.polymarket.com/v1/leaderboard?category=TECH&timePeriod=WEEK&orderBy=PNL&limit=50&offset=0
8,0x28bf066c6cb952da62d6d182c16ad173ada64a4e,plainfolder,,False,11387.55082,3459.667817367499,,TECH,WEEK,2026-07-28T16:43:27.468517+00:00,https://data-api.polymarket.com/v1/leaderboard?category=TECH&timePeriod=WEEK&orderBy=PNL&limit=50&offset=0
9,0x736539924a5602b37a03a54fc12c1cc8f98964da,cqk,,False,15138.219176999999,3193.217974204241,https://polymarket-upload.s3.us-east-2.amazonaws.com/profile-image-3375648-96e5757f-1e29-47e2-95ae-24c2082d1c35.jpg,TECH,WEEK,2026-07-28T16:43:27.468517+00:00,https://data-api.polymarket.com/v1/leaderboard?category=TECH&timePeriod=WEEK&orderBy=PNL&limit=50&offset=0
10,0x5a218c7ad04135830a45c41aaed7294df7809318,balthazar,balthazarpoly,False,17578.049474,3020.6292545023607,https://polymarket-upload.s3.us-east-2.amazonaws.com/profile-image-1873784-90701920-ed3d-4d2c-bfee-9129b7f735a0.gif,TECH,WEEK,2026-07-28T16:43:27.468517+00:00,https://data-api.polymarket.com/v1/leaderboard?category=TECH&timePeriod=WEEK&orderBy=PNL&limit=50&offset=0
11,0x876bb030ddd424ef505ae02914024cf18c6a1703,rewardbots,,False,47620.257857000004,2632.1566056544716,https://polymarket-upload.s3.us-east-2.amazonaws.com/profile-image-8902922-ee5e1d5c-1f6e-4f6d-ac47-f2ac9e5a2838.png,TECH,WEEK,2026-07-28T16:43:27.468517+00:00,https://data-api.polymarket.com/v1/leaderboard?category=TECH&timePeriod=WEEK&orderBy=PNL&limit=50&offset=0
12,0x942e79166821f3f4e67872e44f1672fcccd2be27,smallreceipt,,False,5773.217772,2426.754257364777,,TECH,WEEK,2026-07-28T16:43:27.468517+00:00,https://data-api.polymarket.com/v1/leaderboard?category=TECH&timePeriod=WEEK&orderBy=PNL&limit=50&offset=0
13,0xfbd8c9c22ca76b3662d0e53a4f79719fdc684027,0xfBd8C9C22cA76B3662d0e53A4f79719FDC684027-1779347618060,,False,9477.310000000001,2308.4089079000078,,TECH,WEEK,2026-07-28T16:43:27.468517+00:00,https://data-api.polymarket.com/v1/leaderboard?category=TECH&timePeriod=WEEK&orderBy=PNL&limit=50&offset=0
14,0x5004213415863da95aa87c364cfa90eeb7f29999,,,False,2067.615003,2199.1033350785,,TECH,WEEK,2026-07-28T16:43:27.468517+00:00,https://data-api.polymarket.com/v1/leaderboard?category=TECH&timePeriod=WEEK&orderBy=PNL&limit=50&offset=0
15,0xf920812a747ec629158d06cae571167fa2149dff,Fderer,,False,380.1,2165.390920000001,,TECH,WEEK,2026-07-28T16:43:27.468517+00:00,https://data-api.polymarket.com/v1/leaderboard?category=TECH&timePeriod=WEEK&orderBy=PNL&limit=50&offset=0
16,0x4b72b21f7e9999d568d9b93f0be110257d9938d5,fountaim,,False,2654.8153270000003,2071.688884452277,,TECH,WEEK,2026-07-28T16:43:27.468517+00:00,https://data-api.polymarket.com/v1/leaderboard?category=TECH&timePeriod=WEEK&orderBy=PNL&limit=50&offset=0
17,0x9aeb534c42b58b21673d5e03e9da14fbd15b2729,The-Joker,Joker_Poly,False,5660.409999999999,1831.884942935656,https://polymarket-upload.s3.us-east-2.amazonaws.com/profile-image-3572848-dded4616-ff9c-4ef8-9173-c2fc79c907f2.webp,TECH,WEEK,2026-07-28T16:43:27.468517+00:00,https://data-api.polymarket.com/v1/leaderboard?category=TECH&timePeriod=WEEK&orderBy=PNL&limit=50&offset=0
18,0x2b5920274740ca61745eeb077587bf5bb4ff9db6,aHjCz,,False,12995.050000000007,1755.3949955200005,,TECH,WEEK,2026-07-28T16:43:27.468517+00:00,https://data-api.polymarket.com/v1/leaderboard?category=TECH&timePeriod=WEEK&orderBy=PNL&limit=50&offset=0
19,0xc5187cb669690150643ba2f9aac6b7d98d212594,mustbethewater,,False,5407.840770000001,1585.7304625572779,,TECH,WEEK,2026-07-28T16:43:27.468517+00:00,https://data-api.polymarket.com/v1/leaderboard?category=TECH&timePeriod=WEEK&orderBy=PNL&limit=50&offset=0
20,0xd32ce89f16509d3c8f8b5e9750305a5b2bc2a4c2,,,False,8286.73,1522.968389766187,,TECH,WEEK,2026-07-28T16:43:27.468517+00:00,https://data-api.polymarket.com/v1/leaderboard?category=TECH&timePeriod=WEEK&orderBy=PNL&limit=50&offset=0
21,0x7bbf09fc724e3ca90332e17d4f352b3cbc0f7ce5,pestanimal,,False,4695.514201,1457.6182364857486,,TECH,WEEK,2026-07-28T16:43:27.468517+00:00,https://data-api.polymarket.com/v1/leaderboard?category=TECH&timePeriod=WEEK&orderBy=PNL&limit=50&offset=0
22,0x2128f011fb563a8ff6c484ba80eb049356c1f203,AaronCA,,False,6636.87,1430.9338618,,TECH,WEEK,2026-07-28T16:43:27.468517+00:00,https://data-api.polymarket.com/v1/leaderboard?category=TECH&timePeriod=WEEK&orderBy=PNL&limit=50&offset=0
23,0xd59bc663f0825384724f4e858115769e6b9697c2,alabab,,False,0,1404.4646299999986,,TECH,WEEK,2026-07-28T16:43:27.468517+00:00,https://data-api.polymarket.com/v1/leaderboard?category=TECH&timePeriod=WEEK&orderBy=PNL&limit=50&offset=0
24,0x8d85fa205607bde362a92208fb04e6d9e44c726f,CheChe-0,,False,1104.6794779999998,1329.7652339790775,https://polymarket-upload.s3.us-east-2.amazonaws.com/profile-image-7940523-fc469e27-d8dc-4dac-b943-2f3c6f703c15.png,TECH,WEEK,2026-07-28T16:43:27.468517+00:00,https://data-api.polymarket.com/v1/leaderboard?category=TECH&timePeriod=WEEK&orderBy=PNL&limit=50&offset=0
25,0x8a524bca5c742485c1ee2056735d1825e45bd74c,Ayanokoji67,,False,7270.5137349999995,1155.4883937653003,https://polymarket-upload.s3.us-east-2.amazonaws.com/profile-image-8300257-f0096237-f860-4845-b684-c87795586c3b.png,TECH,WEEK,2026-07-28T16:43:27.468517+00:00,https://data-api.polymarket.com/v1/leaderboard?category=TECH&timePeriod=WEEK&orderBy=PNL&limit=50&offset=0
26,0xfe724b7046696c9c431ae331c3d29816b4799025,SirSiboppan,,False,2385.188886,1134.85209988359,https://polymarket-upload.s3.us-east-2.amazonaws.com/profile-image-8358502-e3d98fec-cdda-4268-9d24-1dcfdd567c6e.gif,TECH,WEEK,2026-07-28T16:43:27.468517+00:00,https://data-api.polymarket.com/v1/leaderboard?category=TECH&timePeriod=WEEK&orderBy=PNL&limit=50&offset=0
27,0x764b305694b026c1acce7bf862c3b5456a146bad,quietparcel,,False,5621.8314550000005,1097.4777734228046,,TECH,WEEK,2026-07-28T16:43:27.468517+00:00,https://data-api.polymarket.com/v1/leaderboard?category=TECH&timePeriod=WEEK&orderBy=PNL&limit=50&offset=0
28,0x74957ea27ac4fbdee46d861fdae357859ff67fcf,LornaPredicts,Lornapredicts,False,18545.063118000002,1074.2691576069399,https://polymarket-upload.s3.us-east-2.amazonaws.com/profile-image-6981983-bba41c2f-0f8a-4ca7-890f-52e9fe4cff78.png,TECH,WEEK,2026-07-28T16:43:27.468517+00:00,https://data-api.polymarket.com/v1/leaderboard?category=TECH&timePeriod=WEEK&orderBy=PNL&limit=50&offset=0
29,0xc004b035b67be284e0d1db56c39e865df6cac095,LoveEATINGPOOP,,False,5019.885792,972.898560345016,https://polymarket-upload.s3.us-east-2.amazonaws.com/profile-image-4272561-b6ce7fe9-6bd8-463b-94c2-e9c9038a15f8.png,TECH,WEEK,2026-07-28T16:43:27.468517+00:00,https://data-api.polymarket.com/v1/leaderboard?category=TECH&timePeriod=WEEK&orderBy=PNL&limit=50&offset=0
30,0x12315d8f7652cb599f58eea84141ff8b30283e32,grutifer,,False,2091.0610349999997,937.5565434268649,,TECH,WEEK,2026-07-28T16:43:27.468517+00:00,https://data-api.polymarket.com/v1/leaderboard?category=TECH&timePeriod=WEEK&orderBy=PNL&limit=50&offset=0
31,0x73ecf6a30d3c6538cd931ec13c9ed6eba944f5bb,ChampagneSocialist,,False,2233.486864,913.266698575927,https://polymarket-upload.s3.us-east-2.amazonaws.com/profile-image-2774329-5d8e1bf4-7f90-4b36-9273-15bd7622ed37.png,TECH,WEEK,2026-07-28T16:43:27.468517+00:00,https://data-api.polymarket.com/v1/leaderboard?category=TECH&timePeriod=WEEK&orderBy=PNL&limit=50&offset=0
32,0xd1a63a243042d864520512fbdbd2fd20e0ab1507,DkOYL,,False,4716.07,858.8136853800015,,TECH,WEEK,2026-07-28T16:43:27.468517+00:00,https://data-api.polymarket.com/v1/leaderboard?category=TECH&timePeriod=WEEK&orderBy=PNL&limit=50&offset=0
33,0xeb77593d1187a2d01c22fb24567b21cddd214e6b,dry-september,,False,24678.390721999996,776.5859505460489,,TECH,WEEK,2026-07-28T16:43:27.468517+00:00,https://data-api.polymarket.com/v1/leaderboard?category=TECH&timePeriod=WEEK&orderBy=PNL&limit=50&offset=0
34,0x7dcf235766e6b09c8869468a75d5495cf171a7bd,godblessme2026,,False,2247.614816,694.4831212072504,,TECH,WEEK,2026-07-28T16:43:27.468517+00:00,https://data-api.polymarket.com/v1/leaderboard?category=TECH&timePeriod=WEEK&orderBy=PNL&limit=50&offset=0
35,0xcfff4295288ee29f75a38a7028611b7c1e93673d,graynotebook19,,False,4361.082471,666.718374291499,,TECH,WEEK,2026-07-28T16:43:27.468517+00:00,https://data-api.polymarket.com/v1/leaderboard?category=TECH&timePeriod=WEEK&orderBy=PNL&limit=50&offset=0
36,0xcd91a549956854fdc38efad7e80ff5da8f5432b8,Novus0rdoSeclorum,mr_nutsss,False,283.53,543.9146143523772,https://polymarket-upload.s3.us-east-2.amazonaws.com/profile-image-3006553-d3f0a094-9641-4093-8f50-fcf4f8ce8b6c.png,TECH,WEEK,2026-07-28T16:43:27.468517+00:00,https://data-api.polymarket.com/v1/leaderboard?category=TECH&timePeriod=WEEK&orderBy=PNL&limit=50&offset=0
37,0x8fe730b55cf3468c01a884cfcde79c2dfb4d6c1f,Hugin-og-Munin,,False,949.044384,529.3920500399981,,TECH,WEEK,2026-07-28T16:43:27.468517+00:00,https://data-api.polymarket.com/v1/leaderboard?category=TECH&timePeriod=WEEK&orderBy=PNL&limit=50&offset=0
38,0xa7d2ec6680f4e5f6ab0da244d8006eec3e20f954,KiruaTrading,,False,3372.7670239999998,441.7168533915228,,TECH,WEEK,2026-07-28T16:43:27.468517+00:00,https://data-api.polymarket.com/v1/leaderboard?category=TECH&timePeriod=WEEK&orderBy=PNL&limit=50&offset=0
39,0x4c4ed674fde7dc998036b3ae92445d00fcdb297b,SingletonFamilyFund,,False,1375.5978570000002,437.7013790672736,https://polymarket-upload.s3.us-east-2.amazonaws.com/profile-image-6508276-290cf3bf-0656-4214-b75a-5e9712cb6f35.webp,TECH,WEEK,2026-07-28T16:43:27.468517+00:00,https://data-api.polymarket.com/v1/leaderboard?category=TECH&timePeriod=WEEK&orderBy=PNL&limit=50&offset=0
40,0xc682d7943aad07c246986a7aa2989cfcb17817bb,zthunderfury,zthunderfury,False,0,400.28633350499877,https://polymarket-upload.s3.us-east-2.amazonaws.com/profile-image-3777028-f4b6dc46-cc90-4d7e-a272-8e444d90d6e5.png,TECH,WEEK,2026-07-28T16:43:27.468517+00:00,https://data-api.polymarket.com/v1/leaderboard?category=TECH&timePeriod=WEEK&orderBy=PNL&limit=50&offset=0
41,0xad96914d7762dac84ebbabafe366ae8ff24dd498,0xAD96914D7762DAC84EbBABAfE366AE8ff24Dd49,HewwoMommy,False,0,399.4053581850021,,TECH,WEEK,2026-07-28T16:43:27.468517+00:00,https://data-api.polymarket.com/v1/leaderboard?category=TECH&timePeriod=WEEK&orderBy=PNL&limit=50&offset=0
42,0x9f208e85f326f865077fffa68b32d8b0e2bc12c3,mildwindow27,,False,10922.674879999999,395.7184920694963,,TECH,WEEK,2026-07-28T16:43:27.468517+00:00,https://data-api.polymarket.com/v1/leaderboard?category=TECH&timePeriod=WEEK&orderBy=PNL&limit=50&offset=0
43,0xe639e41094bbeae18f3e6d1790c17299183f082a,0xe639e41094bbeae18g3e6d1790c17299183f082a,snickerfrintz,False,0,390.32821437000075,,TECH,WEEK,2026-07-28T16:43:27.468517+00:00,https://data-api.polymarket.com/v1/leaderboard?category=TECH&timePeriod=WEEK&orderBy=PNL&limit=50&offset=0
44,0x30fb41b5a08fff5d3dd983f6323e3343931a7db4,tradetosurvive1,,False,4721.088205999999,381.4629642091867,,TECH,WEEK,2026-07-28T16:43:27.468517+00:00,https://data-api.polymarket.com/v1/leaderboard?category=TECH&timePeriod=WEEK&orderBy=PNL&limit=50&offset=0
45,0xad5353afe30c2da57709e2704ef3ccdcf67eef24,AJSV,,False,9573.969114000003,354.4476783409559,,TECH,WEEK,2026-07-28T16:43:27.468517+00:00,https://data-api.polymarket.com/v1/leaderboard?category=TECH&timePeriod=WEEK&orderBy=PNL&limit=50&offset=0
46,0xc3262aeb0bd81deab067726635f5b5bd39201db1,X-Rabbit.Sezu,,False,13516.298421999998,316.39088954199997,https://polymarket-upload.s3.us-east-2.amazonaws.com/profile-image-4465136-62ab511b-febe-4671-9b41-cb17e4599738.webp,TECH,WEEK,2026-07-28T16:43:27.468517+00:00,https://data-api.polymarket.com/v1/leaderboard?category=TECH&timePeriod=WEEK&orderBy=PNL&limit=50&offset=0
47,0x9a6016b9450fe9843781a103fb4bb5c25315be51,double7,,False,9874.237258,313.86973511200006,https://polymarket-upload.s3.us-east-2.amazonaws.com/profile-image-8781158-38979ec2-6b58-4292-a9f4-ea65439c0235.png,TECH,WEEK,2026-07-28T16:43:27.468517+00:00,https://data-api.polymarket.com/v1/leaderboard?category=TECH&timePeriod=WEEK&orderBy=PNL&limit=50&offset=0
48,0x96489abcb9f583d6835c8ef95ffc923d05a86825,anoin123,,False,28412.878666999997,310.59417242328345,,TECH,WEEK,2026-07-28T16:43:27.468517+00:00,https://data-api.polymarket.com/v1/leaderboard?category=TECH&timePeriod=WEEK&orderBy=PNL&limit=50&offset=0
49,0x662d2de7b6eb00f8361fd6b1bda6c691840015d7,0xf49E055B56D2797319CaB6Bc71D5D17E3fd806D9-1768986344586,,False,14136.681633999999,278.2472429927658,,TECH,WEEK,2026-07-28T16:43:27.468517+00:00,https://data-api.polymarket.com/v1/leaderboard?category=TECH&timePeriod=WEEK&orderBy=PNL&limit=50&offset=0
50,0x25e21e9c4e469d26aaa5701948ff8923d060db79,ThanosTheMadTitan,,False,0,273.3521276850006,https://polymarket-upload.s3.us-east-2.amazonaws.com/profile-image-5720048-936dc63c-6861-4c9e-9cbb-57049fa1ab54.jpeg,TECH,WEEK,2026-07-28T16:43:27.468517+00:00,https://data-api.polymarket.com/v1/leaderboard?category=TECH&timePeriod=WEEK&orderBy=PNL&limit=50&offset=0
1,0xb687f00464e33934f5d591f224e71c3559ecaee5,alwayslatetotheparty,,False,637062.3550780002,67353.53379191518,,TECH,MONTH,2026-07-28T16:43:27.468517+00:00,https://data-api.polymarket.com/v1/leaderboard?category=TECH&timePeriod=MONTH&orderBy=PNL&limit=50&offset=0
2,0x5a218c7ad04135830a45c41aaed7294df7809318,balthazar,balthazarpoly,False,773880.6618400002,58406.38335107101,https://polymarket-upload.s3.us-east-2.amazonaws.com/profile-image-1873784-90701920-ed3d-4d2c-bfee-9129b7f735a0.gif,TECH,MONTH,2026-07-28T16:43:27.468517+00:00,https://data-api.polymarket.com/v1/leaderboard?category=TECH&timePeriod=MONTH&orderBy=PNL&limit=50&offset=0
3,0x03805a13a0b3e058f55f6c6af95389d4f431073d,donthackme,,False,499425.7701840001,54000.41259032708,,TECH,MONTH,2026-07-28T16:43:27.468517+00:00,https://data-api.polymarket.com/v1/leaderboard?category=TECH&timePeriod=MONTH&orderBy=PNL&limit=50&offset=0
4,0xd23f8c8aab13cfb2a35da40b67f8471faf9894a1,Corlys,CorlysBro,False,186888.80775600002,36236.02287839537,https://polymarket-upload.s3.us-east-2.amazonaws.com/profile-image-8332272-4dd31c8d-b7ee-4df8-a2c8-372b30e7d27c.gif,TECH,MONTH,2026-07-28T16:43:27.468517+00:00,https://data-api.polymarket.com/v1/leaderboard?category=TECH&timePeriod=MONTH&orderBy=PNL&limit=50&offset=0
5,0xb0c85813a7a4428f1139ff91d3118a92c391fe7f,OursIsTheFury,,False,262160.84199,27145.00168584823,,TECH,MONTH,2026-07-28T16:43:27.468517+00:00,https://data-api.polymarket.com/v1/leaderboard?category=TECH&timePeriod=MONTH&orderBy=PNL&limit=50&offset=0
6,0xbe7c0363ec2f0d12630fd48ac4c87ce84f418356,tescat,TescatPoly,False,23736.667774999998,21836.77224461182,https://polymarket-upload.s3.us-east-2.amazonaws.com/profile-image-3071369-47acd572-14f2-4b83-bddd-0f4ad2ac3480.jpg,TECH,MONTH,2026-07-28T16:43:27.468517+00:00,https://data-api.polymarket.com/v1/leaderboard?category=TECH&timePeriod=MONTH&orderBy=PNL&limit=50&offset=0
7,0x9f208e85f326f865077fffa68b32d8b0e2bc12c3,mildwindow27,,False,141035.139086,15937.734220754242,,TECH,MONTH,2026-07-28T16:43:27.468517+00:00,https://data-api.polymarket.com/v1/leaderboard?category=TECH&timePeriod=MONTH&orderBy=PNL&limit=50&offset=0
8,0x267dd2229c0aa723ee10a34584f65488abc144f1,Gk-itjjtt,,False,28627.521384000003,15457.65929,,TECH,MONTH,2026-07-28T16:43:27.468517+00:00,https://data-api.polymarket.com/v1/leaderboard?category=TECH&timePeriod=MONTH&orderBy=PNL&limit=50&offset=0
9,0x511f9c771449162349795d17becf8b37031acbe1,Bigggggggg,,False,322782.285128,14892.449282577896,,TECH,MONTH,2026-07-28T16:43:27.468517+00:00,https://data-api.polymarket.com/v1/leaderboard?category=TECH&timePeriod=MONTH&orderBy=PNL&limit=50&offset=0
10,0xfbd8c9c22ca76b3662d0e53a4f79719fdc684027,0xfBd8C9C22cA76B3662d0e53A4f79719FDC684027-1779347618060,,False,173045.703248,12273.129893338071,,TECH,MONTH,2026-07-28T16:43:27.468517+00:00,https://data-api.polymarket.com/v1/leaderboard?category=TECH&timePeriod=MONTH&orderBy=PNL&limit=50&offset=0
11,0x2cf86a18edb5ae59295c00cb61656d6c67684e80,0x2cF86a18eDB5Ae59295c00cb61656D6c67684E80-1782372306150,,False,36689.988234,11428.966081999999,,TECH,MONTH,2026-07-28T16:43:27.468517+00:00,https://data-api.polymarket.com/v1/leaderboard?category=TECH&timePeriod=MONTH&orderBy=PNL&limit=50&offset=0
12,0x2b5920274740ca61745eeb077587bf5bb4ff9db6,aHjCz,,False,75131.8,11426.484869729999,,TECH,MONTH,2026-07-28T16:43:27.468517+00:00,https://data-api.polymarket.com/v1/leaderboard?category=TECH&timePeriod=MONTH&orderBy=PNL&limit=50&offset=0
13,0x59f99c4f3d76cf232a23da16aa268806b2fc963a,treantprotecto,,False,63688.102342,11185.04404934946,https://polymarket-upload.s3.us-east-2.amazonaws.com/profile-image-9363204-bf34b9b7-e54c-44f1-afe0-ebe1423f36ec.png,TECH,MONTH,2026-07-28T16:43:27.468517+00:00,https://data-api.polymarket.com/v1/leaderboard?category=TECH&timePeriod=MONTH&orderBy=PNL&limit=50&offset=0
14,0xad529df14c293d77984a0137990a1441b25211ac,holographichorse,,False,3170.3199999999997,11159.247964304535,https://polymarket-upload.s3.us-east-2.amazonaws.com/profile-image-3065887-857fb4b9-6698-4104-bbea-77f8a9798df5.png,TECH,MONTH,2026-07-28T16:43:27.468517+00:00,https://data-api.polymarket.com/v1/leaderboard?category=TECH&timePeriod=MONTH&orderBy=PNL&limit=50&offset=0
15,0x81ca49ad9806de2d92782b873bfa7fe051943b87,da4c07,,False,18364.124439,11047.665668335458,,TECH,MONTH,2026-07-28T16:43:27.468517+00:00,https://data-api.polymarket.com/v1/leaderboard?category=TECH&timePeriod=MONTH&orderBy=PNL&limit=50&offset=0
16,0x5999ebfa145490e0280dd246856a5b3605f7ae94,kl1v,,False,77479.14491,11018.396894448599,https://polymarket-upload.s3.us-east-2.amazonaws.com/profile-image-2729362-e0628fed-a278-4b69-b162-719d09f6415e.webp,TECH,MONTH,2026-07-28T16:43:27.468517+00:00,https://data-api.polymarket.com/v1/leaderboard?category=TECH&timePeriod=MONTH&orderBy=PNL&limit=50&offset=0
17,0x34893b25463a36d8b7dc31b16a352847925a7935,0x34893b25463a36d8b7DC31B16A352847925A7935-1782961989686,,False,115085.543332,10425.170587780001,,TECH,MONTH,2026-07-28T16:43:27.468517+00:00,https://data-api.polymarket.com/v1/leaderboard?category=TECH&timePeriod=MONTH&orderBy=PNL&limit=50&offset=0
18,0x28bf066c6cb952da62d6d182c16ad173ada64a4e,plainfolder,,False,58249.015301,10318.711351268665,,TECH,MONTH,2026-07-28T16:43:27.468517+00:00,https://data-api.polymarket.com/v1/leaderboard?category=TECH&timePeriod=MONTH&orderBy=PNL&limit=50&offset=0
19,0x0cce39abf5ad6ce611ed667e0e36e286acdd78d9,asdaqwefs,,False,23977.485896,10136.434207,,TECH,MONTH,2026-07-28T16:43:27.468517+00:00,https://data-api.polymarket.com/v1/leaderboard?category=TECH&timePeriod=MONTH&orderBy=PNL&limit=50&offset=0
20,0xb64fe08cf7ebbf52cf2963bba89deb13b79ddc88,kejsi,bucchichi,False,60063.244472000006,9674.942387243858,https://polymarket-upload.s3.us-east-2.amazonaws.com/profile-image-4288721-3adb8f29-b115-45c5-8d3f-ca3d5c7b1860.png,TECH,MONTH,2026-07-28T16:43:27.468517+00:00,https://data-api.polymarket.com/v1/leaderboard?category=TECH&timePeriod=MONTH&orderBy=PNL&limit=50&offset=0
21,0xd32ce89f16509d3c8f8b5e9750305a5b2bc2a4c2,,,False,109323.94588800002,8950.32114993511,,TECH,MONTH,2026-07-28T16:43:27.468517+00:00,https://data-api.polymarket.com/v1/leaderboard?category=TECH&timePeriod=MONTH&orderBy=PNL&limit=50&offset=0
22,0x15687ef2b9fe1905c228118c538b27ca9c422a89,0x15687Ef2b9Fe1905C228118C538b27cA9c422A89-1772261386919,,False,49590.13224399999,8424.878548076229,,TECH,MONTH,2026-07-28T16:43:27.468517+00:00,https://data-api.polymarket.com/v1/leaderboard?category=TECH&timePeriod=MONTH&orderBy=PNL&limit=50&offset=0
23,0x993f451b6d5c21996b1bf688493cea9c4c823ee3,hitjnn214,,False,97316.405023,8162.484444039623,,TECH,MONTH,2026-07-28T16:43:27.468517+00:00,https://data-api.polymarket.com/v1/leaderboard?category=TECH&timePeriod=MONTH&orderBy=PNL&limit=50&offset=0
24,0xb89f5425341719d298dc2f5b9a92374f5fde1c44,iutwpfal,OxyPredicts,False,324249.165344,8030.22743194097,https://polymarket-upload.s3.us-east-2.amazonaws.com/profile-image-5049500-da4fdbbb-d0f2-40f6-890a-1308771300f6.webp,TECH,MONTH,2026-07-28T16:43:27.468517+00:00,https://data-api.polymarket.com/v1/leaderboard?category=TECH&timePeriod=MONTH&orderBy=PNL&limit=50&offset=0
25,0xc5187cb669690150643ba2f9aac6b7d98d212594,mustbethewater,,False,117338.682049,7996.980548096117,,TECH,MONTH,2026-07-28T16:43:27.468517+00:00,https://data-api.polymarket.com/v1/leaderboard?category=TECH&timePeriod=MONTH&orderBy=PNL&limit=50&offset=0
26,0x942e79166821f3f4e67872e44f1672fcccd2be27,smallreceipt,,False,26179.339224,7588.845798660179,,TECH,MONTH,2026-07-28T16:43:27.468517+00:00,https://data-api.polymarket.com/v1/leaderboard?category=TECH&timePeriod=MONTH&orderBy=PNL&limit=50&offset=0
27,0x876bb030ddd424ef505ae02914024cf18c6a1703,rewardbots,,False,862822.2726270003,7507.7871808885375,https://polymarket-upload.s3.us-east-2.amazonaws.com/profile-image-8902922-ee5e1d5c-1f6e-4f6d-ac47-f2ac9e5a2838.png,TECH,MONTH,2026-07-28T16:43:27.468517+00:00,https://data-api.polymarket.com/v1/leaderboard?category=TECH&timePeriod=MONTH&orderBy=PNL&limit=50&offset=0
28,0x764b305694b026c1acce7bf862c3b5456a146bad,quietparcel,,False,49577.14554699999,7266.472301221051,,TECH,MONTH,2026-07-28T16:43:27.468517+00:00,https://data-api.polymarket.com/v1/leaderboard?category=TECH&timePeriod=MONTH&orderBy=PNL&limit=50&offset=0
29,0x75a27d0cc95b3586297c1e6b5417269332cd6992,youngcheese,,False,118799.502708,6799.09585601895,,TECH,MONTH,2026-07-28T16:43:27.468517+00:00,https://data-api.polymarket.com/v1/leaderboard?category=TECH&timePeriod=MONTH&orderBy=PNL&limit=50&offset=0
30,0xd218e474776403a330142299f7796e8ba32eb5c9,cigarettes,friendlyping,False,56556.65379,6777.125082758714,,TECH,MONTH,2026-07-28T16:43:27.468517+00:00,https://data-api.polymarket.com/v1/leaderboard?category=TECH&timePeriod=MONTH&orderBy=PNL&limit=50&offset=0
31,0x090af6fd2aeb04202abc97370aa86c1b81d90fa6,VictorLudorum,,False,149790.77450499998,6653.7604886792515,,TECH,MONTH,2026-07-28T16:43:27.468517+00:00,https://data-api.polymarket.com/v1/leaderboard?category=TECH&timePeriod=MONTH&orderBy=PNL&limit=50&offset=0
32,0xe3479950ef6e8984df109ec5c9be40630f9fb438,Anon321321,,False,22964.229582,6490.263534016367,,TECH,MONTH,2026-07-28T16:43:27.468517+00:00,https://data-api.polymarket.com/v1/leaderboard?category=TECH&timePeriod=MONTH&orderBy=PNL&limit=50&offset=0
33,0x224089fcaa150575c35325d3bc6b40b3fe244409,kilerz,,False,19685.22,6457.277026112989,,TECH,MONTH,2026-07-28T16:43:27.468517+00:00,https://data-api.polymarket.com/v1/leaderboard?category=TECH&timePeriod=MONTH&orderBy=PNL&limit=50&offset=0
34,0xd1a63a243042d864520512fbdbd2fd20e0ab1507,DkOYL,,False,26782.539999999997,6284.023002760001,,TECH,MONTH,2026-07-28T16:43:27.468517+00:00,https://data-api.polymarket.com/v1/leaderboard?category=TECH&timePeriod=MONTH&orderBy=PNL&limit=50&offset=0
35,0x383f37c8539c18e4edc492dae0fb5ca570f95ec1,0x383f37C8539c18e4EDC492Dae0Fb5cA570F95EC1-1784855219176,,False,14641.310385,5887.258320703955,,TECH,MONTH,2026-07-28T16:43:27.468517+00:00,https://data-api.polymarket.com/v1/leaderboard?category=TECH&timePeriod=MONTH&orderBy=PNL&limit=50&offset=0
36,0xacdfeeebdf8041fcccace40b8f991c0322f5251c,obeymesubjects,,False,21812.995864999997,5710.849806640989,,TECH,MONTH,2026-07-28T16:43:27.468517+00:00,https://data-api.polymarket.com/v1/leaderboard?category=TECH&timePeriod=MONTH&orderBy=PNL&limit=50&offset=0
37,0x7bbf09fc724e3ca90332e17d4f352b3cbc0f7ce5,pestanimal,,False,15083.465423999998,5489.892526916575,,TECH,MONTH,2026-07-28T16:43:27.468517+00:00,https://data-api.polymarket.com/v1/leaderboard?category=TECH&timePeriod=MONTH&orderBy=PNL&limit=50&offset=0
38,0x9aeb534c42b58b21673d5e03e9da14fbd15b2729,The-Joker,Joker_Poly,False,138742.343794,5219.6462650738795,https://polymarket-upload.s3.us-east-2.amazonaws.com/profile-image-3572848-dded4616-ff9c-4ef8-9173-c2fc79c907f2.webp,TECH,MONTH,2026-07-28T16:43:27.468517+00:00,https://data-api.polymarket.com/v1/leaderboard?category=TECH&timePeriod=MONTH&orderBy=PNL&limit=50&offset=0
39,0x2589876f7934d8b9ed551e911e1b50dabbcc6868,aussietoken,,False,1908.01,5204.035366552468,,TECH,MONTH,2026-07-28T16:43:27.468517+00:00,https://data-api.polymarket.com/v1/leaderboard?category=TECH&timePeriod=MONTH&orderBy=PNL&limit=50&offset=0
40,0x736539924a5602b37a03a54fc12c1cc8f98964da,cqk,,False,281273.235857,4636.062498550806,https://polymarket-upload.s3.us-east-2.amazonaws.com/profile-image-3375648-96e5757f-1e29-47e2-95ae-24c2082d1c35.jpg,TECH,MONTH,2026-07-28T16:43:27.468517+00:00,https://data-api.polymarket.com/v1/leaderboard?category=TECH&timePeriod=MONTH&orderBy=PNL&limit=50&offset=0
41,0xf920812a747ec629158d06cae571167fa2149dff,Fderer,,False,10738.96,4287.627659440001,,TECH,MONTH,2026-07-28T16:43:27.468517+00:00,https://data-api.polymarket.com/v1/leaderboard?category=TECH&timePeriod=MONTH&orderBy=PNL&limit=50&offset=0
42,0xb9df9898b6ffd4ca8c32bcd55a94bfada19ce654,aqaaa,,False,11015.720000000001,4223.998125052625,,TECH,MONTH,2026-07-28T16:43:27.468517+00:00,https://data-api.polymarket.com/v1/leaderboard?category=TECH&timePeriod=MONTH&orderBy=PNL&limit=50&offset=0
43,0xcfff4295288ee29f75a38a7028611b7c1e93673d,graynotebook19,,False,36059.086054,4210.861867140669,,TECH,MONTH,2026-07-28T16:43:27.468517+00:00,https://data-api.polymarket.com/v1/leaderboard?category=TECH&timePeriod=MONTH&orderBy=PNL&limit=50&offset=0
44,0x74957ea27ac4fbdee46d861fdae357859ff67fcf,LornaPredicts,Lornapredicts,False,173257.036161,4208.442293245564,https://polymarket-upload.s3.us-east-2.amazonaws.com/profile-image-6981983-bba41c2f-0f8a-4ca7-890f-52e9fe4cff78.png,TECH,MONTH,2026-07-28T16:43:27.468517+00:00,https://data-api.polymarket.com/v1/leaderboard?category=TECH&timePeriod=MONTH&orderBy=PNL&limit=50&offset=0
45,0x63850ce907044eac77fba13d59f263ade68093f2,Waterfall,911Waterfall,False,14390.300700000002,4159.493912589239,https://polymarket-upload.s3.us-east-2.amazonaws.com/911s_eee1d984-5f41-47ff-b796-298c8d75afde_1727702741725.jpg,TECH,MONTH,2026-07-28T16:43:27.468517+00:00,https://data-api.polymarket.com/v1/leaderboard?category=TECH&timePeriod=MONTH&orderBy=PNL&limit=50&offset=0
46,0xa3282d3e882501229c75d0caf134e62e3afb4977,korda77,,False,74409.368042,4121.40770474033,,TECH,MONTH,2026-07-28T16:43:27.468517+00:00,https://data-api.polymarket.com/v1/leaderboard?category=TECH&timePeriod=MONTH&orderBy=PNL&limit=50&offset=0
47,0x564f22744b7941ade18d5e0e4f347c30e3057026,molodoyy,romanov23731,False,150719.04945400002,4091.2164019003494,https://polymarket-upload.s3.us-east-2.amazonaws.com/profile-image-4057518-16df7e7b-027d-435b-8ecc-d6f50533e72e.webp,TECH,MONTH,2026-07-28T16:43:27.468517+00:00,https://data-api.polymarket.com/v1/leaderboard?category=TECH&timePeriod=MONTH&orderBy=PNL&limit=50&offset=0
48,0x124a73f09f38910fe1f7638f22a0f223c3723741,beary65,,False,91325.72853100002,3899.494320474164,https://polymarket-upload.s3.us-east-2.amazonaws.com/profile-image-3631330-5cd73326-1b0e-4613-97d0-0f9960e48437.png,TECH,MONTH,2026-07-28T16:43:27.468517+00:00,https://data-api.polymarket.com/v1/leaderboard?category=TECH&timePeriod=MONTH&orderBy=PNL&limit=50&offset=0
49,0x7dcf235766e6b09c8869468a75d5495cf171a7bd,godblessme2026,,False,28922.613541,3861.9663615263007,,TECH,MONTH,2026-07-28T16:43:27.468517+00:00,https://data-api.polymarket.com/v1/leaderboard?category=TECH&timePeriod=MONTH&orderBy=PNL&limit=50&offset=0
50,0x122cb94c437ea5e6f088c6c0c143c592ab8efbed,0x122Cb94C437EA5e6f088c6c0C143c592ab8EFBed-1782168978900,,False,329614.517073,3835.8624562321793,,TECH,MONTH,2026-07-28T16:43:27.468517+00:00,https://data-api.polymarket.com/v1/leaderboard?category=TECH&timePeriod=MONTH&orderBy=PNL&limit=50&offset=0
1,0xf40d629171e59c70b47fd7714f43638eb065343d,0xF40d629171E59C70B47Fd7714F43638eB065343D-1785224929068,,False,206887.966955,99972.85623100001,,CRYPTO,WEEK,2026-07-28T16:43:27.468517+00:00,https://data-api.polymarket.com/v1/leaderboard?category=CRYPTO&timePeriod=WEEK&orderBy=PNL&limit=50&offset=0
2,0x565ca59275f81991bd9877d7fa8404c5ecf6519e,IamFKINGbankrupt,,False,309087.49788200005,38264.366316994885,,CRYPTO,WEEK,2026-07-28T16:43:27.468517+00:00,https://data-api.polymarket.com/v1/leaderboard?category=CRYPTO&timePeriod=WEEK&orderBy=PNL&limit=50&offset=0
3,0x0feb1bf966bc7f954c2da0293ae2fdc572c5db5d,YungFelon,,False,138723.56981900003,28780.25361579033,,CRYPTO,WEEK,2026-07-28T16:43:27.468517+00:00,https://data-api.polymarket.com/v1/leaderboard?category=CRYPTO&timePeriod=WEEK&orderBy=PNL&limit=50&offset=0
4,0x93fb8127a1b21a112b11af936361225df0563e4a,LlamaLoco0000,LlamaLoco0000,False,37672.85,28408.067854440655,https://polymarket-upload.s3.us-east-2.amazonaws.com/profile-image-103509-04c51064-4c6c-46f3-892a-bcc7025f43e4.png,CRYPTO,WEEK,2026-07-28T16:43:27.468517+00:00,https://data-api.polymarket.com/v1/leaderboard?category=CRYPTO&timePeriod=WEEK&orderBy=PNL&limit=50&offset=0
5,0x06dc51826bc524d9a83770e7de9dd7e005b04524,0x06dc51826bc524d9a83770e7de9dd7e005b0452,,False,1955956.9219440003,22995.527838069655,,CRYPTO,WEEK,2026-07-28T16:43:27.468517+00:00,https://data-api.polymarket.com/v1/leaderboard?category=CRYPTO&timePeriod=WEEK&orderBy=PNL&limit=50&offset=0
6,0xb55fa1296e6ec55d0ce53d93b9237389f11764d4,0xb55fa1296E6ec55D0cE53d93B9237389f11764d4-1777575277609,,False,3490837.064955,21072.216125431587,,CRYPTO,WEEK,2026-07-28T16:43:27.468517+00:00,https://data-api.polymarket.com/v1/leaderboard?category=CRYPTO&timePeriod=WEEK&orderBy=PNL&limit=50&offset=0
7,0x0cb038487586d1119b165466072e9baf666f3a90,,,False,2478917.789879,13779.024564464358,,CRYPTO,WEEK,2026-07-28T16:43:27.468517+00:00,https://data-api.polymarket.com/v1/leaderboard?category=CRYPTO&timePeriod=WEEK&orderBy=PNL&limit=50&offset=0
8,0x027e587a1086809d1a00f22216bef6a808f1c97f,AndreasSchm,,False,48977.08780400001,13577.496765391184,,CRYPTO,WEEK,2026-07-28T16:43:27.468517+00:00,https://data-api.polymarket.com/v1/leaderboard?category=CRYPTO&timePeriod=WEEK&orderBy=PNL&limit=50&offset=0
9,0x946769f131a690e168efb9e26e6628f4152ed15f,cereals155970,,False,34606.4751,13246.134471999969,,CRYPTO,WEEK,2026-07-28T16:43:27.468517+00:00,https://data-api.polymarket.com/v1/leaderboard?category=CRYPTO&timePeriod=WEEK&orderBy=PNL&limit=50&offset=0
10,0xce25e214d5cfe4f459cf67f08df581885aae7fdc,0xcE25E214D5cfE4f459cf67F08DF581885AAE7Fdc-1777575398144,,False,2112122.9573089983,11956.985873538302,,CRYPTO,WEEK,2026-07-28T16:43:27.468517+00:00,https://data-api.polymarket.com/v1/leaderboard?category=CRYPTO&timePeriod=WEEK&orderBy=PNL&limit=50&offset=0
11,0xbd825f0cbc395cfdb09744c0517528ccc79565e3,0xBd825f0cbc395cFdb09744C0517528CCC79565e3-1785223700274,,False,260586.30716800003,10892.456415872715,,CRYPTO,WEEK,2026-07-28T16:43:27.468517+00:00,https://data-api.polymarket.com/v1/leaderboard?category=CRYPTO&timePeriod=WEEK&orderBy=PNL&limit=50&offset=0
12,0x11dee4993359477f1705643435a4ac88dc53bb27,Pjosully,,False,30128.057211,9186.459051042919,,CRYPTO,WEEK,2026-07-28T16:43:27.468517+00:00,https://data-api.polymarket.com/v1/leaderboard?category=CRYPTO&timePeriod=WEEK&orderBy=PNL&limit=50&offset=0
13,0x32ed2e546b187ca15e2841edc82b22c713cf8ec3,mo-money,,False,659564.5404300004,9011.000300317071,,CRYPTO,WEEK,2026-07-28T16:43:27.468517+00:00,https://data-api.polymarket.com/v1/leaderboard?category=CRYPTO&timePeriod=WEEK&orderBy=PNL&limit=50&offset=0
14,0xf418d3a1a941292f9c8707d62a14980c5beb95a3,TAKERNER,,False,784325.286288,8783.123581899039,https://polymarket-upload.s3.us-east-2.amazonaws.com/profile-image-7936945-3b83cb58-10b2-406d-a180-a23ca523d6b6.png,CRYPTO,WEEK,2026-07-28T16:43:27.468517+00:00,https://data-api.polymarket.com/v1/leaderboard?category=CRYPTO&timePeriod=WEEK&orderBy=PNL&limit=50&offset=0
15,0x0484e64092ba4108c2786b61e6fc052d3bf41b1a,DoggyStyIe,,False,1072172.25,8721.989727400185,https://polymarket-upload.s3.us-east-2.amazonaws.com/profile-image-7584416-402c8277-b4b2-4e24-8e6b-f37642057964.png,CRYPTO,WEEK,2026-07-28T16:43:27.468517+00:00,https://data-api.polymarket.com/v1/leaderboard?category=CRYPTO&timePeriod=WEEK&orderBy=PNL&limit=50&offset=0
16,0x861f4149171db053c73382c40d2c7e5408fd177d,D7422D98eA0d5b6Dd942a8eEd1d2a61945bFd0,,False,39.823229,8297.442158604717,https://polymarket-upload.s3.us-east-2.amazonaws.com/profile-image-4429332-94e7bb09-9b6e-4da2-ae07-aca2ccce701b.png,CRYPTO,WEEK,2026-07-28T16:43:27.468517+00:00,https://data-api.polymarket.com/v1/leaderboard?category=CRYPTO&timePeriod=WEEK&orderBy=PNL&limit=50&offset=0
17,0xc487a65e48552b964a46df520eed1029aec8b127,KyeZX,,False,0,7861.609999054998,,CRYPTO,WEEK,2026-07-28T16:43:27.468517+00:00,https://data-api.polymarket.com/v1/leaderboard?category=CRYPTO&timePeriod=WEEK&orderBy=PNL&limit=50&offset=0
18,0xfa8fc6a3e706bc4aa7556d060564c154322ad61b,singaporesling,,False,0,7845.188486859999,,CRYPTO,WEEK,2026-07-28T16:43:27.468517+00:00,https://data-api.polymarket.com/v1/leaderboard?category=CRYPTO&timePeriod=WEEK&orderBy=PNL&limit=50&offset=0
19,0x86de0516011e2ad7ce3abdc13577de8608db55c3,zhangfan151,,False,119901.47718699998,7816.717410358615,,CRYPTO,WEEK,2026-07-28T16:43:27.468517+00:00,https://data-api.polymarket.com/v1/leaderboard?category=CRYPTO&timePeriod=WEEK&orderBy=PNL&limit=50&offset=0
20,0x6765c1c000e3b99c7fffea752c561cb868f1fa0d,JanAMEX,,False,67010.420151,7734.33880822768,,CRYPTO,WEEK,2026-07-28T16:43:27.468517+00:00,https://data-api.polymarket.com/v1/leaderboard?category=CRYPTO&timePeriod=WEEK&orderBy=PNL&limit=50&offset=0
21,0xa18c5cf2bc6eec389d2d512582ae14654b99d792,gmtrader,,False,2500,7360.500083378001,https://polymarket-upload.s3.us-east-2.amazonaws.com/profile-image-8536755-ac0618d2-8459-4d12-9be9-ce797ba4e3db.png,CRYPTO,WEEK,2026-07-28T16:43:27.468517+00:00,https://data-api.polymarket.com/v1/leaderboard?category=CRYPTO&timePeriod=WEEK&orderBy=PNL&limit=50&offset=0
22,0x48ac40fc545cf327edd5365435c3a9f385614a7e,BoneOhio,,False,1339252.3687120015,7279.209083119815,,CRYPTO,WEEK,2026-07-28T16:43:27.468517+00:00,https://data-api.polymarket.com/v1/leaderboard?category=CRYPTO&timePeriod=WEEK&orderBy=PNL&limit=50&offset=0
23,0x21d0a97aac03917e752857a551bbe5103a00e8d7,PBot-6,,False,136070.64046599998,6890.352961663273,,CRYPTO,WEEK,2026-07-28T16:43:27.468517+00:00,https://data-api.polymarket.com/v1/leaderboard?category=CRYPTO&timePeriod=WEEK&orderBy=PNL&limit=50&offset=0
24,0xa0e72d5575095199ae08ce0dce447f21b7249461,uninformedfloww,,False,784198.2580229997,6637.693319977741,,CRYPTO,WEEK,2026-07-28T16:43:27.468517+00:00,https://data-api.polymarket.com/v1/leaderboard?category=CRYPTO&timePeriod=WEEK&orderBy=PNL&limit=50&offset=0
25,0x8ca6e59babbb4a02fd17ffd6f95973f5e8eb241e,lovelyt,,False,0,6580.3179229000025,,CRYPTO,WEEK,2026-07-28T16:43:27.468517+00:00,https://data-api.polymarket.com/v1/leaderboard?category=CRYPTO&timePeriod=WEEK&orderBy=PNL&limit=50&offset=0
26,0x825a96fbae9189ea41bb2aa70e7572970f408835,noman2026,,False,0,6232.079310498993,,CRYPTO,WEEK,2026-07-28T16:43:27.468517+00:00,https://data-api.polymarket.com/v1/leaderboard?category=CRYPTO&timePeriod=WEEK&orderBy=PNL&limit=50&offset=0
27,0x13e0d447520ebe7f8eeaf7817211201b2c585204,,,False,1507922.6336909998,6076.823100180496,,CRYPTO,WEEK,2026-07-28T16:43:27.468517+00:00,https://data-api.polymarket.com/v1/leaderboard?category=CRYPTO&timePeriod=WEEK&orderBy=PNL&limit=50&offset=0
28,0xe392d6cc6a012f306cef646f79114eb6f351c023,ssddssd,,False,51132.581040000005,6056.591640390765,,CRYPTO,WEEK,2026-07-28T16:43:27.468517+00:00,https://data-api.polymarket.com/v1/leaderboard?category=CRYPTO&timePeriod=WEEK&orderBy=PNL&limit=50&offset=0
29,0xe734e7bf7cfb9e464681f71822f6c2f6be514f0c,boyau,,False,212167.58512400003,5868.953019112161,https://polymarket-upload.s3.us-east-2.amazonaws.com/profile-image-6142404-4a26f787-169f-4eac-ad75-b638832f118c.webp,CRYPTO,WEEK,2026-07-28T16:43:27.468517+00:00,https://data-api.polymarket.com/v1/leaderboard?category=CRYPTO&timePeriod=WEEK&orderBy=PNL&limit=50&offset=0
30,0xd76930596edbb8c784dcc48f52140875bcd4f90c,dodca,,False,0,5831.62306277547,,CRYPTO,WEEK,2026-07-28T16:43:27.468517+00:00,https://data-api.polymarket.com/v1/leaderboard?category=CRYPTO&timePeriod=WEEK&orderBy=PNL&limit=50&offset=0
31,0xf3531b23b504cf0aed4ff21325232b2a2d496685,powerwinner,xrang2731,False,2046037.1333169993,5768.688602659735,,CRYPTO,WEEK,2026-07-28T16:43:27.468517+00:00,https://data-api.polymarket.com/v1/leaderboard?category=CRYPTO&timePeriod=WEEK&orderBy=PNL&limit=50&offset=0
32,0xee65685de42f8de9a03b4c53ee77d56a20d2cfc9,0x50f7,,False,1166164.1364330004,5727.504595826846,,CRYPTO,WEEK,2026-07-28T16:43:27.468517+00:00,https://data-api.polymarket.com/v1/leaderboard?category=CRYPTO&timePeriod=WEEK&orderBy=PNL&limit=50&offset=0
33,0x568b079891fcc8bef2e557fa2a8a7ecca1700b3b,,,False,289058.29146099987,5417.4287631792395,,CRYPTO,WEEK,2026-07-28T16:43:27.468517+00:00,https://data-api.polymarket.com/v1/leaderboard?category=CRYPTO&timePeriod=WEEK&orderBy=PNL&limit=50&offset=0
34,0xe3cb28f7c62ac636f407014005499d2687b5ac21,odsowner,,False,35650.517420000004,5185.734145122038,,CRYPTO,WEEK,2026-07-28T16:43:27.468517+00:00,https://data-api.polymarket.com/v1/leaderboard?category=CRYPTO&timePeriod=WEEK&orderBy=PNL&limit=50&offset=0
35,0xf9b7876ba2c35370e0bedb7f8ee772da722aa37c,,,False,381871.7338609999,4960.33208434323,,CRYPTO,WEEK,2026-07-28T16:43:27.468517+00:00,https://data-api.polymarket.com/v1/leaderboard?category=CRYPTO&timePeriod=WEEK&orderBy=PNL&limit=50&offset=0
36,0x7df1854c8bd10b573f1281c2e978b8104075491d,SainQ,,False,110944.72069799999,4905.543103139689,,CRYPTO,WEEK,2026-07-28T16:43:27.468517+00:00,https://data-api.polymarket.com/v1/leaderboard?category=CRYPTO&timePeriod=WEEK&orderBy=PNL&limit=50&offset=0
37,0x5a656e4948e93b9493a9de1173a23a9bdce259c7,321cba,,False,0,4899.032902470004,,CRYPTO,WEEK,2026-07-28T16:43:27.468517+00:00,https://data-api.polymarket.com/v1/leaderboard?category=CRYPTO&timePeriod=WEEK&orderBy=PNL&limit=50&offset=0
38,0x8b4bca1d794779e66e023d44391b2a86c5ab541b,0x8B4bcA1D794779E66e023D44391B2A86C5ab541B-1769764313952,,False,762026.44702,4811.440579976974,,CRYPTO,WEEK,2026-07-28T16:43:27.468517+00:00,https://data-api.polymarket.com/v1/leaderboard?category=CRYPTO&timePeriod=WEEK&orderBy=PNL&limit=50&offset=0
39,0x8ff04326388b1c024c45d7a7ffdd12cdedd0a0ed,HellsAngelx,,False,33288.164812999996,4807.120613114341,,CRYPTO,WEEK,2026-07-28T16:43:27.468517+00:00,https://data-api.polymarket.com/v1/leaderboard?category=CRYPTO&timePeriod=WEEK&orderBy=PNL&limit=50&offset=0
40,0x61313791c42f09ea053acc9eea9aaa6e7300fd16,emreus,,False,0,4701.0613589985005,,CRYPTO,WEEK,2026-07-28T16:43:27.468517+00:00,https://data-api.polymarket.com/v1/leaderboard?category=CRYPTO&timePeriod=WEEK&orderBy=PNL&limit=50&offset=0
41,0x71a70f24538d885d1b45f9cea158a2cdf2e56fcf,easyclap,,False,113547.062875,4624.966059982195,,CRYPTO,WEEK,2026-07-28T16:43:27.468517+00:00,https://data-api.polymarket.com/v1/leaderboard?category=CRYPTO&timePeriod=WEEK&orderBy=PNL&limit=50&offset=0
42,0x8b14a322db0e518ed3e3fbe69f65690f3787d0b1,gengis111,,False,0,4611.881156645002,,CRYPTO,WEEK,2026-07-28T16:43:27.468517+00:00,https://data-api.polymarket.com/v1/leaderboard?category=CRYPTO&timePeriod=WEEK&orderBy=PNL&limit=50&offset=0
43,0xabe78c9711802ea03af9b0fcb7f3f82853fad623,BearKingdom,,False,0,4606.113918119998,,CRYPTO,WEEK,2026-07-28T16:43:27.468517+00:00,https://data-api.polymarket.com/v1/leaderboard?category=CRYPTO&timePeriod=WEEK&orderBy=PNL&limit=50&offset=0
44,0x91d757346e322976a9544dd07b9b7e3f58550dfc,cobaltharborfmz,,False,45864.645701999994,4552.210642390133,,CRYPTO,WEEK,2026-07-28T16:43:27.468517+00:00,https://data-api.polymarket.com/v1/leaderboard?category=CRYPTO&timePeriod=WEEK&orderBy=PNL&limit=50&offset=0
45,0x6dc4bf9d9be9b28e303c3ff1c403fc04e3bc6770,RealMaxNick,,False,2997.93476,4434.416446506824,,CRYPTO,WEEK,2026-07-28T16:43:27.468517+00:00,https://data-api.polymarket.com/v1/leaderboard?category=CRYPTO&timePeriod=WEEK&orderBy=PNL&limit=50&offset=0
46,0x0c7c5204404e9d5402d258fedac59c7212bae4cb,OhioRiskManagement,,False,376319.248956,4304.027371127158,https://polymarket-upload.s3.us-east-2.amazonaws.com/profile-image-4801536-dc895312-9a84-4616-855b-854922a835e0.png,CRYPTO,WEEK,2026-07-28T16:43:27.468517+00:00,https://data-api.polymarket.com/v1/leaderboard?category=CRYPTO&timePeriod=WEEK&orderBy=PNL&limit=50&offset=0
47,0x6d8090e9b8b8cd01fe18fb4e040b844b3f02a6a1,sajkhashaoiww,,False,55331.34170700001,4095.55207507681,,CRYPTO,WEEK,2026-07-28T16:43:27.468517+00:00,https://data-api.polymarket.com/v1/leaderboard?category=CRYPTO&timePeriod=WEEK&orderBy=PNL&limit=50&offset=0
48,0x60bf59e257dd9bc9c6a5d0d0fd7881d76aee15aa,sssxx,,False,0,3992.0340462450004,,CRYPTO,WEEK,2026-07-28T16:43:27.468517+00:00,https://data-api.polymarket.com/v1/leaderboard?category=CRYPTO&timePeriod=WEEK&orderBy=PNL&limit=50&offset=0
49,0x0d50d8b4407447eadb428fe20e48deaa84d8aec0,0x0D50d8b4407447eAdb428fE20E48dEaa84D8AeC0-1778592192986,,False,0,3821.2582479600096,,CRYPTO,WEEK,2026-07-28T16:43:27.468517+00:00,https://data-api.polymarket.com/v1/leaderboard?category=CRYPTO&timePeriod=WEEK&orderBy=PNL&limit=50&offset=0
50,0x251c1a283703beed41590b0875a8dcb8ddd1541f,0xAAAAA,,False,788693.48,3817.796028999961,,CRYPTO,WEEK,2026-07-28T16:43:27.468517+00:00,https://data-api.polymarket.com/v1/leaderboard?category=CRYPTO&timePeriod=WEEK&orderBy=PNL&limit=50&offset=0
1,0x75973c667cec880353450be3a6f17c5da67b4421,0x75973C667CeC880353450BE3A6F17C5da67B4421-1784278069335,,False,1595213.0983290002,917892.9911941001,,CRYPTO,MONTH,2026-07-28T16:43:27.468517+00:00,https://data-api.polymarket.com/v1/leaderboard?category=CRYPTO&timePeriod=MONTH&orderBy=PNL&limit=50&offset=0
2,0xa01c0a5e4f8c1114e95c68ee97694bc95e51766c,0xa01c0A5E4F8c1114e95c68eE97694BC95E51766C-1782858480408,,False,2878345.011027,309873.82376192213,,CRYPTO,MONTH,2026-07-28T16:43:27.468517+00:00,https://data-api.polymarket.com/v1/leaderboard?category=CRYPTO&timePeriod=MONTH&orderBy=PNL&limit=50&offset=0
3,0x1465b79bff7992bc703e1aafb3683b1089647072,JnStTrdrBnusFnd,,False,3058132.5790059995,302131.3571645263,,CRYPTO,MONTH,2026-07-28T16:43:27.468517+00:00,https://data-api.polymarket.com/v1/leaderboard?category=CRYPTO&timePeriod=MONTH&orderBy=PNL&limit=50&offset=0
4,0xb55fa1296e6ec55d0ce53d93b9237389f11764d4,0xb55fa1296E6ec55D0cE53d93B9237389f11764d4-1777575277609,,False,23515264.497765996,198784.15310042724,,CRYPTO,MONTH,2026-07-28T16:43:27.468517+00:00,https://data-api.polymarket.com/v1/leaderboard?category=CRYPTO&timePeriod=MONTH&orderBy=PNL&limit=50&offset=0
5,0xf3531b23b504cf0aed4ff21325232b2a2d496685,powerwinner,xrang2731,False,22202618.689875998,180970.84819482983,,CRYPTO,MONTH,2026-07-28T16:43:27.468517+00:00,https://data-api.polymarket.com/v1/leaderboard?category=CRYPTO&timePeriod=MONTH&orderBy=PNL&limit=50&offset=0
6,0xee65685de42f8de9a03b4c53ee77d56a20d2cfc9,0x50f7,,False,20219465.050245002,142404.0276647539,,CRYPTO,MONTH,2026-07-28T16:43:27.468517+00:00,https://data-api.polymarket.com/v1/leaderboard?category=CRYPTO&timePeriod=MONTH&orderBy=PNL&limit=50&offset=0
7,0x32ed2e546b187ca15e2841edc82b22c713cf8ec3,mo-money,,False,6284551.534088001,140904.18447559903,,CRYPTO,MONTH,2026-07-28T16:43:27.468517+00:00,https://data-api.polymarket.com/v1/leaderboard?category=CRYPTO&timePeriod=MONTH&orderBy=PNL&limit=50&offset=0
8,0xce25e214d5cfe4f459cf67f08df581885aae7fdc,0xcE25E214D5cfE4f459cf67F08DF581885AAE7Fdc-1777575398144,,False,13697196.674233997,135560.13679594372,,CRYPTO,MONTH,2026-07-28T16:43:27.468517+00:00,https://data-api.polymarket.com/v1/leaderboard?category=CRYPTO&timePeriod=MONTH&orderBy=PNL&limit=50&offset=0
9,0x3048d65321be3497164cdfc2996f94f98a2e7537,twitter-CryptoWithGab,,False,6006957.3473620005,111776.52520323917,https://polymarket-upload.s3.us-east-2.amazonaws.com/profile-image-8514165-355d469b-ce4d-4351-990b-1b388ffc56e0.png,CRYPTO,MONTH,2026-07-28T16:43:27.468517+00:00,https://data-api.polymarket.com/v1/leaderboard?category=CRYPTO&timePeriod=MONTH&orderBy=PNL&limit=50&offset=0
10,0x2c335066fe58fe9237c3d3dc7b275c2a034a0563,0x2c335066FE58fe9237c3d3Dc7b275C2a034a0563-1759935795465,,False,218211.66563099995,110167.32723978034,,CRYPTO,MONTH,2026-07-28T16:43:27.468517+00:00,https://data-api.polymarket.com/v1/leaderboard?category=CRYPTO&timePeriod=MONTH&orderBy=PNL&limit=50&offset=0
11,0x0484e64092ba4108c2786b61e6fc052d3bf41b1a,DoggyStyIe,,False,10824987.030000001,108262.6907937702,https://polymarket-upload.s3.us-east-2.amazonaws.com/profile-image-7584416-402c8277-b4b2-4e24-8e6b-f37642057964.png,CRYPTO,MONTH,2026-07-28T16:43:27.468517+00:00,https://data-api.polymarket.com/v1/leaderboard?category=CRYPTO&timePeriod=MONTH&orderBy=PNL&limit=50&offset=0
12,0x251c1a283703beed41590b0875a8dcb8ddd1541f,0xAAAAA,,False,10298801.76,107063.11557399994,,CRYPTO,MONTH,2026-07-28T16:43:27.468517+00:00,https://data-api.polymarket.com/v1/leaderboard?category=CRYPTO&timePeriod=MONTH&orderBy=PNL&limit=50&offset=0
13,0x20d2309cd92b797ae7ca175ed828ed8a27fbe29d,,,False,6543338.113899002,100364.27852368169,,CRYPTO,MONTH,2026-07-28T16:43:27.468517+00:00,https://data-api.polymarket.com/v1/leaderboard?category=CRYPTO&timePeriod=MONTH&orderBy=PNL&limit=50&offset=0
14,0xf40d629171e59c70b47fd7714f43638eb065343d,0xF40d629171E59C70B47Fd7714F43638eB065343D-1785224929068,,False,206887.966955,99972.85623100001,,CRYPTO,MONTH,2026-07-28T16:43:27.468517+00:00,https://data-api.polymarket.com/v1/leaderboard?category=CRYPTO&timePeriod=MONTH&orderBy=PNL&limit=50&offset=0
15,0x0cb038487586d1119b165466072e9baf666f3a90,,,False,17566622.213435,95202.73518754297,,CRYPTO,MONTH,2026-07-28T16:43:27.468517+00:00,https://data-api.polymarket.com/v1/leaderboard?category=CRYPTO&timePeriod=MONTH&orderBy=PNL&limit=50&offset=0
16,0x3725d52f3c252e8374999cc8617292ea2608ad88,almach,,False,4858420.625971,88336.46111906959,,CRYPTO,MONTH,2026-07-28T16:43:27.468517+00:00,https://data-api.polymarket.com/v1/leaderboard?category=CRYPTO&timePeriod=MONTH&orderBy=PNL&limit=50&offset=0
17,0x06dc51826bc524d9a83770e7de9dd7e005b04524,0x06dc51826bc524d9a83770e7de9dd7e005b0452,,False,22435173.641578004,81175.83652430121,,CRYPTO,MONTH,2026-07-28T16:43:27.468517+00:00,https://data-api.polymarket.com/v1/leaderboard?category=CRYPTO&timePeriod=MONTH&orderBy=PNL&limit=50&offset=0
18,0xeebde7a0e019a63e6b476eb425505b7b3e6eba30,Bonereaper,,False,27255563.692436,80960.83358258125,,CRYPTO,MONTH,2026-07-28T16:43:27.468517+00:00,https://data-api.polymarket.com/v1/leaderboard?category=CRYPTO&timePeriod=MONTH&orderBy=PNL&limit=50&offset=0
19,0x48ac40fc545cf327edd5365435c3a9f385614a7e,BoneOhio,,False,11727901.826144999,80573.57035207323,,CRYPTO,MONTH,2026-07-28T16:43:27.468517+00:00,https://data-api.polymarket.com/v1/leaderboard?category=CRYPTO&timePeriod=MONTH&orderBy=PNL&limit=50&offset=0
20,0x13e0d447520ebe7f8eeaf7817211201b2c585204,,,False,19838935.916636996,76886.16601247332,,CRYPTO,MONTH,2026-07-28T16:43:27.468517+00:00,https://data-api.polymarket.com/v1/leaderboard?category=CRYPTO&timePeriod=MONTH&orderBy=PNL&limit=50&offset=0
21,0x960bf404c1eca257411203164357a925e33fae8d,suntoria,,False,534127.5560049999,75829.83458715629,,CRYPTO,MONTH,2026-07-28T16:43:27.468517+00:00,https://data-api.polymarket.com/v1/leaderboard?category=CRYPTO&timePeriod=MONTH&orderBy=PNL&limit=50&offset=0
22,0x968af96247aaeb6f6bce683471d7eb9f880b4512,0x968AF96247AaeB6f6BcE683471D7eB9F880B4512-1783857865325,,False,350178.67584900005,75336.57469227881,,CRYPTO,MONTH,2026-07-28T16:43:27.468517+00:00,https://data-api.polymarket.com/v1/leaderboard?category=CRYPTO&timePeriod=MONTH&orderBy=PNL&limit=50&offset=0
23,0xc2ad03f79ca3f3c17d8c7de2612ce0c89b7d40ed,bosona,,False,4756387.0863890005,71676.87168120976,,CRYPTO,MONTH,2026-07-28T16:43:27.468517+00:00,https://data-api.polymarket.com/v1/leaderboard?category=CRYPTO&timePeriod=MONTH&orderBy=PNL&limit=50&offset=0
24,0x55be7aa03ecfbe37aa5460db791205f7ac9ddca3,coinman2,,False,924832.260202,69464.91428446514,https://polymarket-upload.s3.us-east-2.amazonaws.com/profile-image-1481107.png,CRYPTO,MONTH,2026-07-28T16:43:27.468517+00:00,https://data-api.polymarket.com/v1/leaderboard?category=CRYPTO&timePeriod=MONTH&orderBy=PNL&limit=50&offset=0
25,0x252d7bae5ec87553dcafb23e275c202ac0d3c456,getbipped,,False,978036.5584599997,68747.53652066825,,CRYPTO,MONTH,2026-07-28T16:43:27.468517+00:00,https://data-api.polymarket.com/v1/leaderboard?category=CRYPTO&timePeriod=MONTH&orderBy=PNL&limit=50&offset=0
26,0xdf7930e89a2c47560165331863c31deca0733dcd,std0,,False,9312118.581876,68378.14739702092,,CRYPTO,MONTH,2026-07-28T16:43:27.468517+00:00,https://data-api.polymarket.com/v1/leaderboard?category=CRYPTO&timePeriod=MONTH&orderBy=PNL&limit=50&offset=0
27,0xb89d0b6e96e790afa900b53476b8f267a94d1d4f,ZCu006,,False,600455.508209,67920.6165582528,,CRYPTO,MONTH,2026-07-28T16:43:27.468517+00:00,https://data-api.polymarket.com/v1/leaderboard?category=CRYPTO&timePeriod=MONTH&orderBy=PNL&limit=50&offset=0
28,0x0c7c5204404e9d5402d258fedac59c7212bae4cb,OhioRiskManagement,,False,4196941.654887,67529.23989260277,https://polymarket-upload.s3.us-east-2.amazonaws.com/profile-image-4801536-dc895312-9a84-4616-855b-854922a835e0.png,CRYPTO,MONTH,2026-07-28T16:43:27.468517+00:00,https://data-api.polymarket.com/v1/leaderboard?category=CRYPTO&timePeriod=MONTH&orderBy=PNL&limit=50&offset=0
29,0xd7c00d7c82f8d760d5f12b79dd114ab7fd16a002,0xd7c00d7c82F8D760d5f12B79dd114AB7fd16A002-1785051153035,,False,130807.87425600001,66442.180195,,CRYPTO,MONTH,2026-07-28T16:43:27.468517+00:00,https://data-api.polymarket.com/v1/leaderboard?category=CRYPTO&timePeriod=MONTH&orderBy=PNL&limit=50&offset=0
30,0xf418d3a1a941292f9c8707d62a14980c5beb95a3,TAKERNER,,False,4144678.889581,63844.98784017654,https://polymarket-upload.s3.us-east-2.amazonaws.com/profile-image-7936945-3b83cb58-10b2-406d-a180-a23ca523d6b6.png,CRYPTO,MONTH,2026-07-28T16:43:27.468517+00:00,https://data-api.polymarket.com/v1/leaderboard?category=CRYPTO&timePeriod=MONTH&orderBy=PNL&limit=50&offset=0
31,0x91aab8d0ae5c7dde7d9ea7ca49aeb985e09819b8,0xfifr4t0g0vkdkefj,,False,2444680.872710999,60029.25137380504,,CRYPTO,MONTH,2026-07-28T16:43:27.468517+00:00,https://data-api.polymarket.com/v1/leaderboard?category=CRYPTO&timePeriod=MONTH&orderBy=PNL&limit=50&offset=0
32,0x301e286fd88abb7cda0a19a24e4dc4823c4db752,fred4332,,False,446260.170691,59734.9165444071,,CRYPTO,MONTH,2026-07-28T16:43:27.468517+00:00,https://data-api.polymarket.com/v1/leaderboard?category=CRYPTO&timePeriod=MONTH&orderBy=PNL&limit=50&offset=0
33,0xcc500cbcc8b7cf5bd21975ebbea34f21b5644c82,justdance,,False,2841816.603888,58768.435047510546,https://polymarket-upload.s3.us-east-2.amazonaws.com/profile-image-508970.png,CRYPTO,MONTH,2026-07-28T16:43:27.468517+00:00,https://data-api.polymarket.com/v1/leaderboard?category=CRYPTO&timePeriod=MONTH&orderBy=PNL&limit=50&offset=0
34,0x723ddc068e53830c4431d490e7b0cbd5cdfc3a40,dfhftu5udaf,,False,194017.050528,58296.202193,,CRYPTO,MONTH,2026-07-28T16:43:27.468517+00:00,https://data-api.polymarket.com/v1/leaderboard?category=CRYPTO&timePeriod=MONTH&orderBy=PNL&limit=50&offset=0
35,0x7e5d2991c2647de2348287e2f499329fc6a6c4c3,aswfadq1555,,False,6728184.052018,57558.083225266106,,CRYPTO,MONTH,2026-07-28T16:43:27.468517+00:00,https://data-api.polymarket.com/v1/leaderboard?category=CRYPTO&timePeriod=MONTH&orderBy=PNL&limit=50&offset=0
36,0xa0e72d5575095199ae08ce0dce447f21b7249461,uninformedfloww,,False,7294991.832120999,57435.17693001161,,CRYPTO,MONTH,2026-07-28T16:43:27.468517+00:00,https://data-api.polymarket.com/v1/leaderboard?category=CRYPTO&timePeriod=MONTH&orderBy=PNL&limit=50&offset=0
37,0x5fe14b52584c83c18496914db0b30a28d4510981,Bitara,,False,171943.00453500001,55572.22862802459,,CRYPTO,MONTH,2026-07-28T16:43:27.468517+00:00,https://data-api.polymarket.com/v1/leaderboard?category=CRYPTO&timePeriod=MONTH&orderBy=PNL&limit=50&offset=0
38,0xb0f85baa97990910a3e8ac2b4a58a322f01ecef5,pspspsps5,,False,4335601.453323001,54442.47769513658,https://polymarket-upload.s3.us-east-2.amazonaws.com/profile-image-4388977-0aa77538-994e-463b-8d73-c6ede975a627.png,CRYPTO,MONTH,2026-07-28T16:43:27.468517+00:00,https://data-api.polymarket.com/v1/leaderboard?category=CRYPTO&timePeriod=MONTH&orderBy=PNL&limit=50&offset=0
39,0x3c58ef422754ff22c7e806336feba0064d8b776b,antsaslyku,,False,1731404.1615650007,52165.22068687144,,CRYPTO,MONTH,2026-07-28T16:43:27.468517+00:00,https://data-api.polymarket.com/v1/leaderboard?category=CRYPTO&timePeriod=MONTH&orderBy=PNL&limit=50&offset=0
40,0xa7011667f22c121c6cea7aab30192307c58c47cd,BadTattoo,,False,0,51663.05403385,,CRYPTO,MONTH,2026-07-28T16:43:27.468517+00:00,https://data-api.polymarket.com/v1/leaderboard?category=CRYPTO&timePeriod=MONTH&orderBy=PNL&limit=50&offset=0
41,0xdf601b5383f24c08eff0bc9355b4b7ff09728e92,0xdF601b5383F24c08eFF0bc9355b4b7ff09728e92-1784164214554,,False,130892.588745,50946.765172,,CRYPTO,MONTH,2026-07-28T16:43:27.468517+00:00,https://data-api.polymarket.com/v1/leaderboard?category=CRYPTO&timePeriod=MONTH&orderBy=PNL&limit=50&offset=0
42,0x719efacc15aa473571cdfca021b5608747d0c5a9,bbwlover1,,False,427019.132123,50884.27621081876,,CRYPTO,MONTH,2026-07-28T16:43:27.468517+00:00,https://data-api.polymarket.com/v1/leaderboard?category=CRYPTO&timePeriod=MONTH&orderBy=PNL&limit=50&offset=0
43,0x1160696549a6e3e5d9b4a7ccaed0403902307d8a,0x1160696549a6e3E5d9B4A7cCaed0403902307D8a-1780892492627,,False,4682050.696034,50744.68471223565,,CRYPTO,MONTH,2026-07-28T16:43:27.468517+00:00,https://data-api.polymarket.com/v1/leaderboard?category=CRYPTO&timePeriod=MONTH&orderBy=PNL&limit=50&offset=0
44,0x9412cdfc1e3171e1aabb013d0f494986445d0cd0,gansinimen,,False,7907688.6975759985,50332.80992789545,,CRYPTO,MONTH,2026-07-28T16:43:27.468517+00:00,https://data-api.polymarket.com/v1/leaderboard?category=CRYPTO&timePeriod=MONTH&orderBy=PNL&limit=50&offset=0
45,0xc1b4bfdc36eaa5c09e7231c61e5e44c5463f624f,sir-upalot,,False,9116670.469215,50153.48404826247,,CRYPTO,MONTH,2026-07-28T16:43:27.468517+00:00,https://data-api.polymarket.com/v1/leaderboard?category=CRYPTO&timePeriod=MONTH&orderBy=PNL&limit=50&offset=0
46,0x0cadd243b61a15fd47c49b57f0a64797ded1c7d5,0x0CaDD243b61A15fD47c49B57F0a64797dED1C7D5-1783859945170,,False,317871.7242649999,46511.13894137434,,CRYPTO,MONTH,2026-07-28T16:43:27.468517+00:00,https://data-api.polymarket.com/v1/leaderboard?category=CRYPTO&timePeriod=MONTH&orderBy=PNL&limit=50&offset=0
47,0xd912131221d75b624963c928fa5bfd284c4775c3,,,False,763340.8493470001,44189.92616442088,,CRYPTO,MONTH,2026-07-28T16:43:27.468517+00:00,https://data-api.polymarket.com/v1/leaderboard?category=CRYPTO&timePeriod=MONTH&orderBy=PNL&limit=50&offset=0
48,0x79248fc67b78d0458cff74fc38a2e33027050b32,ldjfgklendmMMM,,False,177515.204143,44103.733254025,,CRYPTO,MONTH,2026-07-28T16:43:27.468517+00:00,https://data-api.polymarket.com/v1/leaderboard?category=CRYPTO&timePeriod=MONTH&orderBy=PNL&limit=50&offset=0
49,0xfcdc071df7080c214196bb0b3b751e5417f9d8e3,neversmiling,,False,4515252.777009,42850.66917358074,,CRYPTO,MONTH,2026-07-28T16:43:27.468517+00:00,https://data-api.polymarket.com/v1/leaderboard?category=CRYPTO&timePeriod=MONTH&orderBy=PNL&limit=50&offset=0
50,0xd189664c5308903476f9f079820431e4fd7d06f4,rwo,,False,1072160.056694,42642.30492087221,,CRYPTO,MONTH,2026-07-28T16:43:27.468517+00:00,https://data-api.polymarket.com/v1/leaderboard?category=CRYPTO&timePeriod=MONTH&orderBy=PNL&limit=50&offset=0
